Country,Age,Gender,Exercise Level,Diet Type,Sleep Hours,Stress Level,Mental Health Condition,Work Hours per Week,Screen Time per Day (Hours),Social Interaction Score,Happiness Score
Brazil,0.6521739130434783,Male,Low,Vegetarian,0.475,Low,Anxiety,0.02564102564102566,0.3333333333333333,0.7555555555555555,0.6111111111111112
Australia,0.28260869565217395,Male,Moderate,Vegan,0.30000000000000004,Low,PTSD,0.7179487179487181,0.5333333333333334,0.7999999999999998,0.6444444444444444
Japan,0.4130434782608696,Female,Low,Vegetarian,0.5875,High,Anxiety,0.5897435897435896,0.45,0.9555555555555555,0.9666666666666666
Brazil,0.3695652173913043,Male,Low,Vegan,0.5875,Low,Depression,0.5897435897435896,0.03333333333333338,0.7999999999999998,0.6222222222222222
Germany,0.6086956521739131,Male,Low,Balanced,0.6,Low,Anxiety,0.3846153846153846,0.26666666666666666,0.41111111111111115,0.3777777777777778
Japan,0.10869565217391308,Other,Moderate,Balanced,0.025000000000000022,Moderate,Anxiety,0.7692307692307692,0.21666666666666662,0.8222222222222222,0.6888888888888889
Japan,0.673913043478261,Male,Moderate,Junk Food,0.5125,Low,Anxiety,0.20512820512820518,0.8666666666666667,0.5111111111111111,0.6555555555555557
Brazil,0.6086956521739131,Other,Low,Vegetarian,0.475,High,PTSD,0.6666666666666667,0.5999999999999999,0.27777777777777773,0.011111111111111127
India,0.9130434782608696,Male,High,Vegetarian,0.275,Low,Anxiety,0.33333333333333337,0.7666666666666666,0.3,0.4666666666666666
Germany,0.02173913043478265,Female,Moderate,Vegan,0.09999999999999998,Low,PTSD,0.6153846153846154,0.95,0.2222222222222222,0.7444444444444445
Brazil,0.4782608695652174,Male,Moderate,Balanced,0.475,Low,PTSD,0.5384615384615385,0.6500000000000001,0.14444444444444443,0.49999999999999994
Germany,0.3913043478260869,Male,Low,Vegan,0.7,Low,Anxiety,0.8717948717948718,0.9833333333333334,0.18888888888888888,0.7777777777777777
Germany,0.6521739130434783,Male,High,Balanced,0.012500000000000011,Moderate,Anxiety,0.8205128205128205,0.3166666666666666,0.06666666666666668,0.45555555555555544
Japan,0.08695652173913049,Other,Low,Vegan,0.35,High,Bipolar,0.6666666666666667,0.1833333333333333,0.8888888888888888,0.9777777777777779
Australia,0.3913043478260869,Female,Moderate,Balanced,0.525,High,Anxiety,1.0,0.4000000000000001,0.9333333333333333,0.28888888888888886
Germany,0.7173913043478262,Male,Moderate,Vegan,0.7124999999999999,Low,Anxiety,0.641025641025641,0.4666666666666666,0.5888888888888888,0.08888888888888888
Canada,0.19565217391304346,Other,Low,Balanced,0.4375,Low,Anxiety,0.46153846153846156,0.9000000000000001,0.8444444444444443,0.4333333333333334
Japan,0.5217391304347826,Female,Low,Vegan,0.8625,Moderate,Bipolar,0.9743589743589745,0.5666666666666667,0.18888888888888888,0.5444444444444445
India,0.02173913043478265,Other,High,Vegetarian,0.16249999999999998,Low,Bipolar,0.641025641025641,0.3,0.8999999999999999,0.3444444444444444
Australia,0.21739130434782616,Other,High,Junk Food,0.125,Moderate,PTSD,0.1282051282051282,0.75,0.5111111111111111,0.24444444444444446
Canada,0.6521739130434783,Female,Moderate,Vegan,0.6875,High,Bipolar,0.05128205128205132,0.49999999999999994,0.06666666666666668,0.6666666666666665
Canada,0.30434782608695654,Male,High,Junk Food,0.0625,High,PTSD,0.1282051282051282,0.16666666666666669,0.14444444444444443,0.3777777777777778
India,0.17391304347826086,Other,High,Vegetarian,0.5875,Moderate,Anxiety,0.6923076923076923,0.5833333333333333,0.31111111111111106,0.6333333333333333
Australia,0.4782608695652174,Other,Moderate,Vegetarian,0.44999999999999996,High,PTSD,0.05128205128205132,0.9166666666666667,0.044444444444444425,0.7777777777777777
Japan,0.3913043478260869,Male,Moderate,Balanced,0.32499999999999996,Low,Anxiety,0.3076923076923077,0.8499999999999999,0.31111111111111106,0.7555555555555555
USA,0.17391304347826086,Male,Moderate,Junk Food,0.42500000000000004,Low,Depression,0.3076923076923077,0.5833333333333333,0.05555555555555555,0.3777777777777778
Australia,0.7391304347826086,Female,Moderate,Keto,0.26249999999999996,Moderate,Depression,0.3076923076923077,0.38333333333333325,0.23333333333333334,0.5666666666666667
India,0.4347826086956522,Female,Low,Balanced,0.4375,High,Anxiety,0.0,0.08333333333333331,0.26666666666666666,0.4444444444444445
Canada,0.17391304347826086,Female,Moderate,Junk Food,0.5,High,PTSD,1.0,0.4666666666666666,0.9888888888888889,0.8666666666666667
Japan,0.5869565217391305,Male,Moderate,Vegan,0.42500000000000004,Moderate,Anxiety,0.9230769230769231,0.75,0.23333333333333334,0.8777777777777778
Australia,0.9782608695652173,Other,Moderate,Vegan,0.38749999999999996,Moderate,Bipolar,0.7692307692307692,0.36666666666666664,0.24444444444444446,0.3444444444444444
USA,0.13043478260869568,Other,High,Vegetarian,0.55,High,PTSD,0.41025641025641024,0.23333333333333334,0.6888888888888889,0.08888888888888888
USA,0.32608695652173914,Female,Moderate,Keto,0.8125,Moderate,Anxiety,0.20512820512820518,0.9333333333333333,0.8555555555555554,0.16666666666666669
Germany,0.32608695652173914,Male,Low,Vegan,0.44999999999999996,Low,Bipolar,0.3076923076923077,0.8166666666666667,0.3888888888888889,0.36666666666666664
Germany,0.6956521739130435,Other,Low,Junk Food,0.65,High,Bipolar,0.9230769230769231,0.6333333333333333,0.8777777777777778,0.5666666666666667
Brazil,0.06521739130434784,Female,Moderate,Junk Food,0.32499999999999996,Moderate,PTSD,0.33333333333333337,0.1333333333333333,0.3444444444444444,0.6555555555555557
India,0.06521739130434784,Other,Low,Vegan,0.25,Moderate,Anxiety,0.2564102564102564,0.14999999999999997,0.19999999999999996,0.3333333333333333
Australia,0.8260869565217392,Other,High,Junk Food,0.5875,Moderate,Anxiety,0.6153846153846154,0.10000000000000003,0.3333333333333333,0.6666666666666665
Australia,0.8478260869565217,Male,Moderate,Junk Food,0.44999999999999996,High,Bipolar,0.7692307692307692,0.6166666666666667,0.6111111111111112,0.9333333333333333
Brazil,0.34782608695652173,Male,Low,Vegetarian,0.7124999999999999,Low,Anxiety,0.33333333333333337,0.1166666666666667,0.36666666666666664,0.6555555555555557
Canada,0.7826086956521738,Other,Low,Keto,0.75,Low,Bipolar,0.15384615384615385,0.8499999999999999,0.6777777777777776,0.15555555555555556
Canada,0.8260869565217392,Female,Moderate,Vegetarian,0.6625,High,Anxiety,0.5897435897435896,1.0,0.23333333333333334,0.5777777777777777
Brazil,0.6086956521739131,Male,Low,Keto,0.65,Moderate,Bipolar,0.8974358974358974,0.36666666666666664,0.7,0.5444444444444445
Canada,0.7608695652173914,Other,Moderate,Junk Food,0.0,High,Bipolar,0.05128205128205132,0.45,0.3444444444444444,0.8666666666666667
Germany,0.8043478260869565,Male,Low,Keto,0.5875,High,Bipolar,0.641025641025641,0.7166666666666666,0.45555555555555544,0.35555555555555557
Australia,0.8260869565217392,Male,High,Junk Food,0.6625,Moderate,Bipolar,0.641025641025641,0.9333333333333333,0.5555555555555556,0.4222222222222222
Brazil,0.7826086956521738,Male,Low,Junk Food,0.26249999999999996,High,Depression,0.0,0.9000000000000001,0.6888888888888889,0.6000000000000001
Australia,0.7391304347826086,Other,Low,Vegetarian,0.5,Low,Anxiety,0.35897435897435903,0.04999999999999999,0.23333333333333334,0.5222222222222221
USA,0.13043478260869568,Female,Moderate,Vegetarian,0.30000000000000004,High,Bipolar,0.2564102564102564,0.16666666666666669,0.8333333333333333,0.7222222222222221
Germany,0.5652173913043479,Female,Low,Balanced,0.6875,Moderate,Anxiety,0.9230769230769231,0.75,0.7222222222222221,0.044444444444444425
Japan,0.5869565217391305,Female,Moderate,Vegan,0.32499999999999996,High,PTSD,0.15384615384615385,0.6833333333333333,0.23333333333333334,0.5666666666666667
Germany,0.4565217391304348,Male,High,Balanced,0.35,Low,Anxiety,0.28205128205128205,0.1333333333333333,0.9777777777777779,0.12222222222222223
Brazil,0.28260869565217395,Other,Moderate,Balanced,0.4125,High,Anxiety,0.9487179487179487,0.49999999999999994,0.6666666666666665,0.31111111111111106
Japan,0.13043478260869568,Male,Moderate,Keto,0.925,High,Depression,0.05128205128205132,0.7833333333333334,0.45555555555555544,0.6666666666666665
USA,0.7826086956521738,Female,Low,Junk Food,0.6875,High,Anxiety,0.641025641025641,0.21666666666666662,0.15555555555555556,0.15555555555555556
Brazil,0.4565217391304348,Female,High,Junk Food,0.8,High,Depression,0.7435897435897436,0.8666666666666667,0.5333333333333332,0.31111111111111106
India,0.08695652173913049,Other,Moderate,Junk Food,0.16249999999999998,Moderate,Anxiety,0.7948717948717949,0.04999999999999999,0.16666666666666669,0.7
Australia,0.02173913043478265,Male,Low,Vegan,0.26249999999999996,Low,Bipolar,0.8974358974358974,0.7833333333333334,0.4333333333333334,0.6555555555555557
USA,0.5652173913043479,Female,Low,Keto,0.75,Low,Depression,0.9230769230769231,0.6166666666666667,0.41111111111111115,0.08888888888888888
Australia,0.4347826086956522,Other,Moderate,Keto,0.175,Low,PTSD,0.4358974358974359,0.3166666666666666,0.7222222222222221,0.5777777777777777
Canada,0.8043478260869565,Male,Low,Junk Food,0.375,High,Anxiety,0.0,0.7166666666666666,0.18888888888888888,0.14444444444444443
India,0.30434782608695654,Male,Moderate,Balanced,0.8875,Low,Depression,0.5128205128205128,0.7833333333333334,0.8222222222222222,0.25555555555555554
India,0.4347826086956522,Female,Moderate,Vegan,0.32499999999999996,Moderate,PTSD,0.6923076923076923,0.9333333333333333,0.3222222222222222,0.45555555555555544
USA,0.19565217391304346,Female,Moderate,Balanced,0.16249999999999998,High,Anxiety,0.3846153846153846,0.36666666666666664,0.4444444444444445,0.1111111111111111
India,0.4782608695652174,Male,High,Vegetarian,0.5125,High,Bipolar,0.6923076923076923,0.6833333333333333,0.7777777777777777,0.9888888888888889
Japan,0.8260869565217392,Male,Moderate,Keto,0.16249999999999998,Low,Bipolar,0.5384615384615385,0.5999999999999999,0.6222222222222222,0.16666666666666669
India,0.08695652173913049,Female,Low,Keto,0.7375,High,Anxiety,0.46153846153846156,0.5333333333333334,0.31111111111111106,0.7777777777777777
Australia,0.0,Male,High,Balanced,0.3375,High,Depression,0.0,0.8833333333333333,0.3888888888888889,0.8333333333333333
Australia,0.26086956521739135,Female,Low,Vegan,0.30000000000000004,Low,Anxiety,0.7692307692307692,0.0,0.31111111111111106,1.0
Brazil,0.4347826086956522,Male,High,Keto,0.5,Moderate,PTSD,0.8461538461538463,0.2833333333333334,0.6000000000000001,0.4333333333333334
Australia,0.5434782608695652,Female,High,Balanced,0.42500000000000004,Moderate,Anxiety,1.0,0.5333333333333334,0.3333333333333333,0.8777777777777778
Brazil,0.9565217391304348,Other,High,Vegan,0.55,Low,Depression,0.1282051282051282,0.1833333333333333,0.7222222222222221,0.9555555555555555
Australia,0.4347826086956522,Female,High,Balanced,0.6,Moderate,Anxiety,0.6923076923076923,0.9000000000000001,0.5777777777777777,0.17777777777777776
Japan,0.3695652173913043,Female,Low,Vegan,0.4625,Moderate,Anxiety,0.05128205128205132,0.6500000000000001,0.14444444444444443,0.4777777777777777
Brazil,0.7826086956521738,Other,Moderate,Junk Food,0.2875,Moderate,Bipolar,0.7692307692307692,0.48333333333333334,0.31111111111111106,0.05555555555555555
Germany,0.9565217391304348,Male,Low,Vegan,0.6375,High,Anxiety,0.3846153846153846,0.8166666666666667,0.2222222222222222,0.6222222222222222
Canada,0.673913043478261,Other,Moderate,Vegetarian,0.375,High,Anxiety,0.41025641025641024,0.45,0.3888888888888889,0.5777777777777777
USA,0.7608695652173914,Female,Low,Junk Food,0.3375,High,Bipolar,0.6666666666666667,0.5666666666666667,0.5111111111111111,0.19999999999999996
Australia,0.34782608695652173,Male,High,Balanced,0.525,Moderate,Anxiety,0.5897435897435896,0.0,0.5111111111111111,0.7999999999999998
India,0.7391304347826086,Other,High,Junk Food,0.1375,High,Anxiety,0.4871794871794872,0.36666666666666664,0.7555555555555555,0.033333333333333326
Australia,0.21739130434782616,Male,Moderate,Junk Food,0.575,Moderate,Bipolar,0.7948717948717949,0.1333333333333333,0.18888888888888888,0.8111111111111111
India,0.4347826086956522,Male,Moderate,Balanced,0.5375,Low,Bipolar,0.8717948717948718,0.6833333333333333,0.9444444444444444,0.022222222222222227
Canada,0.5434782608695652,Other,Low,Balanced,0.7124999999999999,Moderate,Anxiety,0.3076923076923077,0.48333333333333334,0.3444444444444444,0.6555555555555557
Canada,0.06521739130434784,Male,Moderate,Vegetarian,0.4,High,Anxiety,0.4871794871794872,0.3,0.3,0.07777777777777778
Canada,0.7173913043478262,Other,Low,Balanced,0.75,Moderate,Anxiety,0.02564102564102566,0.4666666666666666,0.6888888888888889,0.25555555555555554
India,0.3695652173913043,Female,Moderate,Keto,0.6,High,Depression,0.07692307692307698,0.21666666666666662,0.7999999999999998,0.7222222222222221
Australia,0.8478260869565217,Male,Moderate,Keto,0.5,High,Anxiety,0.6666666666666667,0.9333333333333333,0.3777777777777778,0.27777777777777773
Canada,0.7391304347826086,Female,Moderate,Vegetarian,0.8374999999999999,Low,Anxiety,0.6153846153846154,0.04999999999999999,0.7444444444444445,0.5111111111111111
Japan,0.8695652173913044,Female,High,Vegan,0.5125,Low,Depression,0.07692307692307698,0.8666666666666667,0.8888888888888888,0.911111111111111
Brazil,0.6086956521739131,Male,High,Vegan,0.4,High,Depression,0.7948717948717949,0.5166666666666666,0.7666666666666666,0.044444444444444425
India,0.6086956521739131,Other,Low,Keto,0.525,Moderate,Bipolar,0.41025641025641024,0.6166666666666667,0.033333333333333326,0.8111111111111111
India,0.8043478260869565,Male,Moderate,Balanced,0.4,Low,Anxiety,0.0,0.3,0.8222222222222222,0.06666666666666668
Australia,0.8913043478260869,Female,Low,Vegetarian,0.575,Low,PTSD,0.8205128205128205,0.9666666666666666,0.7777777777777777,0.12222222222222223
India,0.4347826086956522,Female,Moderate,Vegan,0.75,High,PTSD,0.7435897435897436,0.2833333333333334,0.6666666666666665,0.12222222222222223
India,0.8913043478260869,Other,High,Vegan,0.5,Moderate,Anxiety,0.10256410256410264,0.5833333333333333,0.7555555555555555,0.9888888888888889
Canada,0.26086956521739135,Male,High,Junk Food,0.5125,Low,Anxiety,0.28205128205128205,1.0,0.9777777777777779,0.17777777777777776
Australia,0.8695652173913044,Female,Moderate,Keto,0.65,Low,PTSD,0.9487179487179487,0.8833333333333333,0.4333333333333334,0.8999999999999999
Canada,0.34782608695652173,Female,Moderate,Balanced,0.7250000000000001,Moderate,Anxiety,0.7948717948717949,0.5333333333333334,0.06666666666666668,0.9888888888888889
Brazil,0.17391304347826086,Female,High,Vegetarian,0.4125,Low,Anxiety,0.9487179487179487,0.9833333333333334,0.45555555555555544,0.3888888888888889
Brazil,0.8695652173913044,Other,High,Vegan,0.5375,Moderate,PTSD,0.41025641025641024,0.7,0.044444444444444425,0.6333333333333333
Canada,0.0,Female,Low,Junk Food,0.65,High,Anxiety,1.0,0.21666666666666662,0.28888888888888886,0.7777777777777777
Brazil,0.02173913043478265,Female,High,Keto,0.5625,Low,Depression,0.7948717948717949,0.4000000000000001,0.5888888888888888,0.3888888888888889
Australia,0.6086956521739131,Male,Moderate,Keto,0.15000000000000002,High,Anxiety,0.5897435897435896,0.3333333333333333,0.31111111111111106,0.16666666666666669
USA,0.6956521739130435,Male,Low,Vegetarian,0.6875,Moderate,Bipolar,0.28205128205128205,0.3499999999999999,0.6888888888888889,0.4333333333333334
Canada,0.19565217391304346,Female,Moderate,Vegan,0.6,High,PTSD,0.7692307692307692,0.7666666666666666,0.8222222222222222,0.7666666666666666
Japan,0.8478260869565217,Female,Low,Vegetarian,0.6125,High,Bipolar,0.46153846153846156,0.5833333333333333,0.4222222222222222,0.7777777777777777
Japan,0.4347826086956522,Male,Moderate,Vegetarian,0.275,High,Anxiety,0.7179487179487181,0.03333333333333338,0.8999999999999999,0.23333333333333334
India,0.5869565217391305,Other,High,Junk Food,0.525,Moderate,Depression,0.5128205128205128,0.8833333333333333,0.07777777777777778,0.17777777777777776
Brazil,0.21739130434782616,Other,Moderate,Keto,0.6625,Moderate,Depression,0.641025641025641,0.3,0.8444444444444443,0.9222222222222223
Japan,0.7173913043478262,Other,Low,Balanced,0.3375,Moderate,Depression,0.6923076923076923,1.0,0.8333333333333333,0.044444444444444425
India,0.15217391304347827,Other,Moderate,Keto,0.38749999999999996,Moderate,Depression,0.41025641025641024,0.95,0.3222222222222222,0.7333333333333332
USA,0.4565217391304348,Other,Low,Keto,0.6625,Moderate,PTSD,0.20512820512820518,0.9333333333333333,0.3,0.044444444444444425
Australia,0.15217391304347827,Other,Moderate,Junk Food,0.375,Low,PTSD,0.5128205128205128,0.8166666666666667,0.3,0.8333333333333333
Australia,0.30434782608695654,Other,High,Balanced,0.4625,Low,Anxiety,0.8461538461538463,0.21666666666666662,0.8111111111111111,0.8999999999999999
Australia,0.34782608695652173,Other,High,Vegan,0.30000000000000004,Low,Anxiety,0.2564102564102564,0.5333333333333334,0.8333333333333333,0.3
Japan,0.4782608695652174,Male,Moderate,Balanced,0.8374999999999999,High,Anxiety,0.4871794871794872,0.21666666666666662,0.3333333333333333,0.07777777777777778
USA,0.5,Other,Moderate,Vegan,0.6,High,Anxiety,0.9743589743589745,0.26666666666666666,0.5888888888888888,0.4777777777777777
Japan,0.9565217391304348,Other,Moderate,Balanced,0.44999999999999996,Moderate,Anxiety,0.3846153846153846,0.6166666666666667,0.14444444444444443,0.3
Brazil,0.3913043478260869,Other,Low,Vegetarian,0.4125,Moderate,Anxiety,0.7179487179487181,0.03333333333333338,0.4666666666666666,0.4222222222222222
Japan,0.08695652173913049,Female,Moderate,Balanced,0.275,Low,Anxiety,0.0,0.9666666666666666,1.0,0.6666666666666665
USA,0.673913043478261,Male,Moderate,Junk Food,0.475,Moderate,Depression,0.4358974358974359,0.9166666666666667,0.15555555555555556,0.21111111111111108
USA,0.9347826086956521,Male,Low,Vegan,0.625,High,Bipolar,0.5384615384615385,0.38333333333333325,0.9444444444444444,0.35555555555555557
Brazil,0.0,Male,High,Keto,0.35,Moderate,Bipolar,0.17948717948717952,0.5166666666666666,0.8222222222222222,0.7777777777777777
USA,0.4782608695652174,Other,Moderate,Junk Food,0.525,Low,PTSD,0.15384615384615385,0.4666666666666666,0.9666666666666666,0.6444444444444444
USA,0.7826086956521738,Other,Moderate,Vegan,0.42500000000000004,Moderate,Anxiety,0.6153846153846154,0.8833333333333333,0.17777777777777776,0.3222222222222222
Australia,0.15217391304347827,Female,High,Vegan,0.7625,High,Depression,0.7435897435897436,0.6833333333333333,0.21111111111111108,0.6666666666666665
Brazil,0.26086956521739135,Male,High,Keto,0.375,Low,Anxiety,0.8461538461538463,0.2833333333333334,0.022222222222222227,0.7666666666666666
Germany,0.15217391304347827,Other,Low,Vegetarian,0.65,Moderate,Anxiety,0.2564102564102564,0.45,0.7222222222222221,0.5888888888888888
Germany,0.4782608695652174,Male,Moderate,Junk Food,0.7625,High,PTSD,0.35897435897435903,0.4333333333333333,0.6444444444444444,0.24444444444444446
USA,0.9130434782608696,Female,Moderate,Keto,0.42500000000000004,Low,PTSD,0.8717948717948718,0.9666666666666666,0.17777777777777776,0.0
Germany,0.0,Female,Low,Keto,0.38749999999999996,Low,Anxiety,0.5641025641025641,0.1833333333333333,0.7888888888888888,0.7999999999999998
Germany,0.9565217391304348,Female,High,Vegetarian,0.675,High,Anxiety,0.5128205128205128,0.08333333333333331,0.3,0.8222222222222222
USA,0.5,Male,Low,Junk Food,0.16249999999999998,Moderate,Anxiety,0.6923076923076923,0.8833333333333333,0.13333333333333336,0.7
Germany,0.7391304347826086,Other,High,Keto,0.575,Moderate,Anxiety,0.3076923076923077,0.9000000000000001,0.4222222222222222,0.07777777777777778
Japan,0.5,Other,Low,Vegetarian,0.19999999999999996,Moderate,Anxiety,0.8461538461538463,0.8666666666666667,0.08888888888888888,0.5888888888888888
India,0.34782608695652173,Female,High,Junk Food,0.7250000000000001,Low,Anxiety,0.9487179487179487,0.5166666666666666,0.26666666666666666,0.8222222222222222
Brazil,0.08695652173913049,Other,Low,Balanced,0.44999999999999996,Low,Bipolar,0.1282051282051282,0.6666666666666667,0.36666666666666664,0.3888888888888889
India,0.4130434782608696,Female,High,Vegan,0.48750000000000004,Moderate,Anxiety,0.07692307692307698,0.5666666666666667,0.8555555555555554,0.19999999999999996
USA,0.4347826086956522,Male,High,Vegetarian,0.36250000000000004,Low,Anxiety,0.10256410256410264,0.06666666666666665,0.7888888888888888,0.5888888888888888
Australia,0.8478260869565217,Female,High,Vegan,0.19999999999999996,Low,Anxiety,1.0,0.5999999999999999,0.4444444444444445,0.8222222222222222
Brazil,0.6521739130434783,Male,High,Balanced,0.7375,High,Depression,0.1282051282051282,0.016666666666666663,0.7222222222222221,0.044444444444444425
USA,0.9782608695652173,Female,High,Keto,0.4625,Moderate,Anxiety,0.5128205128205128,0.3166666666666666,0.5666666666666667,0.6000000000000001
Australia,0.7608695652173914,Other,Moderate,Keto,1.0,Moderate,PTSD,0.6923076923076923,0.9333333333333333,0.3444444444444444,0.6444444444444444
India,0.21739130434782616,Other,High,Junk Food,0.35,Moderate,Depression,0.05128205128205132,0.3,0.7222222222222221,0.6000000000000001
USA,0.30434782608695654,Female,Moderate,Vegetarian,0.375,Low,PTSD,0.5641025641025641,0.9333333333333333,0.6888888888888889,0.6555555555555557
Brazil,0.3913043478260869,Other,High,Vegetarian,0.3375,Low,Depression,0.17948717948717952,0.24999999999999994,0.6222222222222222,0.6333333333333333
Brazil,0.13043478260869568,Other,Moderate,Junk Food,0.4625,Low,PTSD,0.46153846153846156,0.3166666666666666,0.6222222222222222,0.13333333333333336
Canada,0.5869565217391305,Other,Moderate,Vegan,0.8,Moderate,Anxiety,0.2564102564102564,0.6333333333333333,0.6777777777777776,0.23333333333333334
Japan,0.9130434782608696,Male,Low,Keto,0.6875,Low,Anxiety,0.23076923076923084,0.7666666666666666,0.3888888888888889,0.6222222222222222
Germany,0.08695652173913049,Other,High,Keto,0.21250000000000002,Moderate,Depression,0.6923076923076923,0.49999999999999994,0.8666666666666667,0.022222222222222227
Australia,0.08695652173913049,Male,Low,Vegetarian,0.7250000000000001,Low,PTSD,0.4871794871794872,0.8833333333333333,0.16666666666666669,0.6333333333333333
Canada,0.6304347826086956,Female,Low,Vegetarian,0.625,Moderate,Bipolar,0.6923076923076923,0.03333333333333338,0.8888888888888888,0.6666666666666665
Germany,0.673913043478261,Other,High,Junk Food,0.5875,High,Depression,0.7179487179487181,0.9166666666666667,0.3444444444444444,0.24444444444444446
Germany,0.15217391304347827,Other,Low,Balanced,0.375,Low,Depression,0.17948717948717952,0.2,0.12222222222222223,0.6000000000000001
USA,0.19565217391304346,Other,High,Vegan,0.38749999999999996,Moderate,Anxiety,0.46153846153846156,0.8833333333333333,0.6000000000000001,0.5333333333333332
Germany,0.8043478260869565,Female,Low,Balanced,0.525,High,Depression,0.5128205128205128,0.4000000000000001,0.3777777777777778,0.25555555555555554
Japan,1.0,Male,High,Balanced,0.4,High,Bipolar,0.4358974358974359,0.8333333333333333,0.8111111111111111,0.4666666666666666
Brazil,0.673913043478261,Male,High,Vegetarian,0.75,Low,Anxiety,0.20512820512820518,0.6666666666666667,0.4333333333333334,0.911111111111111
Canada,0.5869565217391305,Other,High,Vegetarian,0.38749999999999996,Moderate,PTSD,0.07692307692307698,0.1833333333333333,0.6666666666666665,0.4222222222222222
Germany,0.34782608695652173,Female,Moderate,Vegetarian,0.1375,Low,Anxiety,0.6153846153846154,0.9166666666666667,0.31111111111111106,0.6333333333333333
USA,0.6521739130434783,Female,Low,Balanced,0.25,High,PTSD,0.8461538461538463,0.24999999999999994,0.21111111111111108,0.033333333333333326
Japan,0.15217391304347827,Female,Moderate,Vegan,0.26249999999999996,Low,Anxiety,0.20512820512820518,0.24999999999999994,0.3888888888888889,0.07777777777777778
India,0.8478260869565217,Female,Low,Vegetarian,0.44999999999999996,Moderate,Depression,0.20512820512820518,0.8166666666666667,0.6111111111111112,0.07777777777777778
Brazil,0.5217391304347826,Female,Low,Keto,0.5375,High,Bipolar,0.4358974358974359,0.10000000000000003,0.6555555555555557,0.7777777777777777
Brazil,0.17391304347826086,Male,Low,Vegan,0.5125,Low,Anxiety,0.2564102564102564,0.21666666666666662,0.5777777777777777,0.35555555555555557
Canada,0.02173913043478265,Male,Moderate,Keto,0.5875,Low,Bipolar,0.3076923076923077,0.49999999999999994,0.9888888888888889,0.2222222222222222
Brazil,0.30434782608695654,Male,Low,Vegan,0.44999999999999996,Low,Bipolar,0.9487179487179487,0.8333333333333333,0.6888888888888889,0.7444444444444445
Germany,0.043478260869565244,Other,Moderate,Vegetarian,0.4625,Low,Bipolar,0.20512820512820518,0.14999999999999997,0.9333333333333333,0.16666666666666669
USA,0.7608695652173914,Female,High,Junk Food,0.825,Low,Bipolar,0.3846153846153846,0.55,0.12222222222222223,0.24444444444444446
Brazil,0.06521739130434784,Other,Low,Vegetarian,0.7250000000000001,High,Anxiety,0.07692307692307698,0.7166666666666666,0.06666666666666668,0.4333333333333334
Brazil,0.28260869565217395,Female,Low,Balanced,0.575,High,Bipolar,0.8461538461538463,0.8666666666666667,0.31111111111111106,0.3333333333333333
India,0.8695652173913044,Male,High,Balanced,0.675,Moderate,Bipolar,0.15384615384615385,0.9333333333333333,0.13333333333333336,0.5888888888888888
India,0.8695652173913044,Other,High,Vegan,0.1375,Low,Anxiety,0.35897435897435903,0.7833333333333334,0.5222222222222221,0.3333333333333333
Australia,0.5217391304347826,Male,Low,Balanced,0.35,Moderate,PTSD,0.9487179487179487,0.6500000000000001,0.5222222222222221,0.3888888888888889
Japan,0.19565217391304346,Female,High,Vegetarian,0.42500000000000004,High,Anxiety,0.2564102564102564,0.4333333333333333,0.5777777777777777,0.8666666666666667
Germany,0.4347826086956522,Female,Moderate,Keto,0.35,Low,Depression,0.7948717948717949,0.1166666666666667,0.7444444444444445,0.8888888888888888
Brazil,0.7608695652173914,Female,Moderate,Vegetarian,0.21250000000000002,Moderate,Anxiety,0.6666666666666667,0.7166666666666666,0.9666666666666666,0.8222222222222222
Brazil,0.23913043478260876,Male,Low,Vegan,0.575,Low,PTSD,0.7435897435897436,1.0,0.8777777777777778,0.8666666666666667
USA,0.5652173913043479,Female,Moderate,Balanced,0.7625,Low,Depression,0.41025641025641024,0.7333333333333334,0.12222222222222223,0.5666666666666667
Australia,0.8478260869565217,Male,Moderate,Keto,0.5,Moderate,Depression,0.8974358974358974,0.016666666666666663,0.3333333333333333,0.6444444444444444
Japan,0.02173913043478265,Other,Low,Junk Food,0.625,High,Anxiety,0.46153846153846156,0.49999999999999994,0.25555555555555554,0.5555555555555556
Australia,0.26086956521739135,Female,High,Keto,0.48750000000000004,Moderate,Bipolar,0.15384615384615385,0.6166666666666667,0.17777777777777776,0.7888888888888888
Canada,0.673913043478261,Female,Low,Keto,0.4125,Moderate,Depression,0.5128205128205128,0.6833333333333333,0.5444444444444445,0.5555555555555556
Japan,0.6521739130434783,Female,Moderate,Vegetarian,0.675,Moderate,Depression,0.6923076923076923,0.7166666666666666,0.5555555555555556,0.1111111111111111
Brazil,0.32608695652173914,Other,Low,Junk Food,0.23750000000000004,Low,PTSD,0.05128205128205132,0.55,0.2222222222222222,0.8111111111111111
Brazil,0.673913043478261,Female,Low,Vegan,0.15000000000000002,High,Depression,0.33333333333333337,0.21666666666666662,0.711111111111111,0.7555555555555555
Japan,0.673913043478261,Male,Moderate,Vegan,0.22499999999999998,High,PTSD,0.02564102564102566,0.95,0.7333333333333332,0.8222222222222222
Brazil,0.7173913043478262,Male,Moderate,Keto,0.6625,Low,Bipolar,0.7179487179487181,0.7,0.022222222222222227,0.18888888888888888
Germany,0.21739130434782616,Female,Low,Keto,0.5125,High,Anxiety,0.4358974358974359,0.23333333333333334,0.39999999999999997,0.26666666666666666
Japan,0.19565217391304346,Female,Moderate,Balanced,0.575,Moderate,Anxiety,0.9230769230769231,0.3166666666666666,0.8888888888888888,0.3
Australia,0.30434782608695654,Other,Moderate,Junk Food,0.8125,High,Bipolar,0.5897435897435896,0.9166666666666667,0.5222222222222221,0.5111111111111111
Japan,0.34782608695652173,Other,Moderate,Keto,0.2875,Low,Bipolar,0.28205128205128205,0.8833333333333333,0.3444444444444444,0.13333333333333336
Brazil,0.8478260869565217,Other,Moderate,Balanced,0.7250000000000001,High,Anxiety,0.7948717948717949,0.4000000000000001,0.25555555555555554,0.3888888888888889
Germany,0.3695652173913043,Female,Moderate,Junk Food,0.42500000000000004,Low,Depression,0.4358974358974359,0.03333333333333338,0.24444444444444446,0.17777777777777776
Germany,0.17391304347826086,Other,Moderate,Vegan,0.4,Moderate,Depression,0.3076923076923077,0.04999999999999999,0.09999999999999998,0.26666666666666666
Canada,0.5217391304347826,Other,High,Balanced,0.5125,Low,Depression,0.07692307692307698,0.2833333333333334,0.8222222222222222,0.711111111111111
Australia,0.8478260869565217,Male,Low,Junk Food,0.55,High,PTSD,0.5641025641025641,0.6333333333333333,0.08888888888888888,0.8555555555555554
India,0.28260869565217395,Other,Moderate,Balanced,0.4625,Moderate,Anxiety,0.23076923076923084,0.5833333333333333,0.28888888888888886,0.022222222222222227
India,0.5217391304347826,Male,Low,Keto,0.6125,High,Depression,0.10256410256410264,0.6333333333333333,0.044444444444444425,0.5666666666666667
Japan,0.4565217391304348,Male,High,Vegetarian,0.5125,Low,PTSD,1.0,0.7166666666666666,0.7777777777777777,0.033333333333333326
Canada,0.6304347826086956,Other,Moderate,Vegan,0.4625,Moderate,PTSD,0.33333333333333337,0.016666666666666663,0.044444444444444425,0.08888888888888888
USA,0.4130434782608696,Male,Low,Keto,0.42500000000000004,Low,Anxiety,0.8461538461538463,0.10000000000000003,0.31111111111111106,0.7
Japan,0.4347826086956522,Female,Moderate,Keto,0.55,High,PTSD,0.6923076923076923,0.36666666666666664,0.5777777777777777,0.7333333333333332
Canada,0.9347826086956521,Female,Moderate,Junk Food,0.25,Low,Bipolar,0.17948717948717952,0.14999999999999997,0.41111111111111115,0.8111111111111111
Australia,0.673913043478261,Other,Moderate,Balanced,0.30000000000000004,High,PTSD,0.3846153846153846,0.08333333333333331,0.27777777777777773,0.4777777777777777
Australia,0.9782608695652173,Female,Moderate,Vegan,0.42500000000000004,High,Bipolar,0.7692307692307692,0.6333333333333333,0.27777777777777773,0.8555555555555554
Australia,0.4347826086956522,Male,Moderate,Keto,0.6,Moderate,Bipolar,0.15384615384615385,0.8166666666666667,0.7999999999999998,0.16666666666666669
Australia,0.7391304347826086,Female,Moderate,Junk Food,0.8999999999999999,Moderate,Anxiety,0.05128205128205132,0.75,0.9777777777777779,0.24444444444444446
Australia,0.673913043478261,Other,Moderate,Vegan,0.475,Low,Anxiety,0.7179487179487181,0.8166666666666667,0.3444444444444444,0.13333333333333336
Canada,0.6304347826086956,Other,High,Balanced,0.16249999999999998,High,PTSD,0.8974358974358974,0.6666666666666667,0.044444444444444425,0.7999999999999998
Canada,0.8260869565217392,Male,High,Keto,0.35,High,Anxiety,0.9743589743589745,0.7333333333333334,0.033333333333333326,0.23333333333333334
Germany,0.23913043478260876,Other,Moderate,Keto,0.625,Moderate,Anxiety,0.07692307692307698,0.26666666666666666,0.7555555555555555,0.15555555555555556
India,0.8695652173913044,Female,Moderate,Keto,0.3125,Moderate,Depression,0.20512820512820518,1.0,0.5555555555555556,0.6222222222222222
Brazil,1.0,Other,High,Vegan,0.25,Moderate,PTSD,0.41025641025641024,0.1833333333333333,0.7888888888888888,0.07777777777777778
Australia,0.3695652173913043,Male,High,Vegan,0.625,Moderate,PTSD,0.4871794871794872,0.21666666666666662,0.7,0.044444444444444425
USA,0.4347826086956522,Other,High,Vegan,0.5875,Low,PTSD,0.33333333333333337,0.2833333333333334,0.911111111111111,0.1111111111111111
Brazil,0.26086956521739135,Female,Moderate,Vegan,0.22499999999999998,Low,Anxiety,0.7179487179487181,0.9833333333333334,0.8888888888888888,0.0
Canada,0.4347826086956522,Male,Low,Junk Food,0.3375,Low,Anxiety,0.3076923076923077,0.9833333333333334,0.7888888888888888,0.7
USA,0.15217391304347827,Female,Low,Vegetarian,0.7375,Low,Bipolar,0.8974358974358974,0.8,0.4777777777777777,0.5666666666666667
USA,0.9782608695652173,Male,Low,Junk Food,0.6625,Moderate,Anxiety,0.41025641025641024,0.6333333333333333,0.31111111111111106,0.21111111111111108
USA,0.8478260869565217,Other,Low,Keto,0.275,Low,Anxiety,0.07692307692307698,0.5166666666666666,0.5111111111111111,0.23333333333333334
Germany,0.9782608695652173,Male,Moderate,Junk Food,0.125,Low,Anxiety,0.4871794871794872,0.9666666666666666,0.49999999999999994,0.8111111111111111
Canada,0.13043478260869568,Male,Low,Balanced,0.55,Low,Depression,0.2564102564102564,0.7,0.6111111111111112,0.49999999999999994
USA,0.4782608695652174,Other,High,Vegan,0.44999999999999996,Moderate,Anxiety,0.5384615384615385,0.95,0.18888888888888888,0.7
Australia,0.9347826086956521,Female,High,Balanced,0.5375,High,Bipolar,0.17948717948717952,0.3166666666666666,0.6555555555555557,0.45555555555555544
Japan,0.673913043478261,Other,Low,Balanced,0.625,Moderate,Bipolar,0.6923076923076923,0.3333333333333333,0.45555555555555544,0.23333333333333334
USA,0.21739130434782616,Male,High,Keto,0.32499999999999996,High,Anxiety,0.7435897435897436,0.8499999999999999,0.6222222222222222,0.9666666666666666
Germany,0.4565217391304348,Other,Moderate,Vegan,0.42500000000000004,High,Depression,0.8205128205128205,0.14999999999999997,0.24444444444444446,0.5666666666666667
Brazil,0.4565217391304348,Male,Low,Balanced,0.3375,Low,Depression,0.8205128205128205,0.95,0.4333333333333334,0.13333333333333336
Canada,0.9130434782608696,Other,Low,Keto,0.3375,Low,Anxiety,0.8974358974358974,0.49999999999999994,0.21111111111111108,0.41111111111111115
Germany,0.5217391304347826,Other,Moderate,Vegan,0.6,Low,Anxiety,0.6666666666666667,0.9333333333333333,0.8777777777777778,0.3333333333333333
USA,0.4565217391304348,Female,High,Vegetarian,0.525,Moderate,Anxiety,0.4871794871794872,0.3333333333333333,0.4888888888888889,0.21111111111111108
Canada,0.5869565217391305,Male,Moderate,Keto,0.21250000000000002,Moderate,Depression,0.8205128205128205,0.7166666666666666,0.2222222222222222,0.9333333333333333
Japan,0.6086956521739131,Female,Moderate,Junk Food,0.6375,Low,Bipolar,0.6153846153846154,0.48333333333333334,0.044444444444444425,0.8777777777777778
USA,0.26086956521739135,Male,High,Vegan,0.4375,Moderate,Anxiety,0.46153846153846156,0.6333333333333333,0.6777777777777776,0.19999999999999996
Germany,0.3695652173913043,Other,Moderate,Balanced,0.65,Moderate,Anxiety,0.5128205128205128,0.49999999999999994,0.21111111111111108,0.35555555555555557
India,0.02173913043478265,Male,High,Balanced,0.3125,High,Bipolar,0.8205128205128205,0.9666666666666666,0.9888888888888889,0.7666666666666666
Australia,0.6086956521739131,Female,High,Junk Food,0.32499999999999996,Moderate,Depression,0.05128205128205132,0.7,0.5333333333333332,0.21111111111111108
Brazil,0.4347826086956522,Female,Moderate,Junk Food,0.55,High,Anxiety,0.33333333333333337,0.24999999999999994,0.28888888888888886,0.5888888888888888
Germany,0.30434782608695654,Female,High,Balanced,0.30000000000000004,Low,Anxiety,0.35897435897435903,0.9166666666666667,0.6555555555555557,0.7
Canada,0.5652173913043479,Male,Moderate,Vegan,0.44999999999999996,Moderate,Anxiety,0.8205128205128205,0.3,0.27777777777777773,0.6555555555555557
USA,0.6521739130434783,Female,High,Keto,0.275,High,Anxiety,0.5384615384615385,0.36666666666666664,0.8222222222222222,0.711111111111111
Australia,0.30434782608695654,Female,Low,Junk Food,0.42500000000000004,Moderate,Depression,0.0,0.10000000000000003,0.31111111111111106,0.711111111111111
USA,0.4782608695652174,Female,High,Junk Food,0.5,High,Anxiety,0.7692307692307692,0.9000000000000001,0.9888888888888889,0.9666666666666666
Canada,0.5,Other,High,Junk Food,0.5,High,Anxiety,0.8717948717948718,0.2833333333333334,0.6000000000000001,0.3444444444444444
USA,0.9347826086956521,Other,Moderate,Vegetarian,0.4375,Moderate,Anxiety,0.4871794871794872,0.26666666666666666,0.8444444444444443,0.8777777777777778
India,0.26086956521739135,Male,High,Vegan,0.5625,Low,Depression,0.7948717948717949,0.9166666666666667,0.07777777777777778,0.022222222222222227
Australia,0.4565217391304348,Male,Low,Vegan,0.525,High,Anxiety,0.28205128205128205,0.8,0.3444444444444444,0.28888888888888886
Australia,0.9130434782608696,Female,Low,Vegan,0.48750000000000004,Low,Bipolar,0.3846153846153846,0.1333333333333333,0.7333333333333332,0.044444444444444425
Canada,0.7826086956521738,Other,High,Vegan,0.38749999999999996,Moderate,Anxiety,0.17948717948717952,0.7666666666666666,0.6555555555555557,0.6555555555555557
Brazil,0.6956521739130435,Female,High,Vegan,0.7,Moderate,PTSD,0.33333333333333337,0.9166666666666667,0.18888888888888888,0.09999999999999998
India,0.043478260869565244,Female,Low,Balanced,0.575,Low,PTSD,0.4358974358974359,0.08333333333333331,0.35555555555555557,0.8444444444444443
Germany,0.3913043478260869,Other,Moderate,Junk Food,0.30000000000000004,Moderate,Depression,0.7435897435897436,0.8333333333333333,0.26666666666666666,0.6444444444444444
USA,0.4782608695652174,Other,Low,Balanced,0.625,High,Depression,0.8205128205128205,0.55,0.6111111111111112,0.033333333333333326
Japan,0.6086956521739131,Other,Low,Vegetarian,0.6625,Low,Depression,0.8461538461538463,0.6666666666666667,0.3444444444444444,0.711111111111111
USA,0.6304347826086956,Male,High,Keto,0.48750000000000004,Moderate,Bipolar,0.8461538461538463,0.49999999999999994,0.31111111111111106,0.8666666666666667
USA,0.8260869565217392,Male,High,Junk Food,0.5,Moderate,Bipolar,0.15384615384615385,0.7,0.21111111111111108,0.6666666666666665
Germany,0.9347826086956521,Female,Low,Vegetarian,0.11249999999999999,Low,Anxiety,0.1282051282051282,0.03333333333333338,0.41111111111111115,0.033333333333333326
USA,1.0,Male,Moderate,Balanced,0.3375,High,Anxiety,0.1282051282051282,0.7666666666666666,0.19999999999999996,0.8555555555555554
India,0.5217391304347826,Other,Low,Keto,0.6625,Low,PTSD,0.5384615384615385,0.03333333333333338,0.9666666666666666,0.7333333333333332
India,0.7826086956521738,Other,Low,Vegetarian,0.35,Moderate,PTSD,0.17948717948717952,0.45,0.15555555555555556,0.3777777777777778
Australia,1.0,Male,Moderate,Keto,0.475,Moderate,PTSD,0.9230769230769231,0.14999999999999997,0.911111111111111,0.3333333333333333
Canada,0.15217391304347827,Female,Low,Vegetarian,0.3375,Low,Anxiety,0.35897435897435903,0.8166666666666667,0.4333333333333334,0.4777777777777777
Brazil,0.8913043478260869,Female,Low,Balanced,0.5375,High,Anxiety,0.641025641025641,0.3166666666666666,0.3777777777777778,0.8666666666666667
Japan,0.32608695652173914,Male,High,Keto,0.575,High,Depression,0.9743589743589745,0.45,0.23333333333333334,0.25555555555555554
USA,0.15217391304347827,Female,Moderate,Vegetarian,0.575,High,Anxiety,0.05128205128205132,0.4333333333333333,0.6333333333333333,0.09999999999999998
USA,0.0,Female,High,Balanced,0.2875,Low,Depression,0.23076923076923084,0.7666666666666666,0.6888888888888889,0.8666666666666667
Germany,0.9347826086956521,Female,High,Junk Food,0.525,High,Anxiety,0.05128205128205132,0.48333333333333334,0.4666666666666666,0.022222222222222227
Canada,0.08695652173913049,Other,Moderate,Balanced,0.8,High,Bipolar,0.7435897435897436,0.7833333333333334,0.05555555555555555,0.911111111111111
India,0.043478260869565244,Other,Moderate,Balanced,0.6375,High,Depression,0.5384615384615385,0.06666666666666665,0.9222222222222223,0.31111111111111106
Japan,0.0,Male,Low,Junk Food,0.5125,High,Anxiety,0.05128205128205132,0.1833333333333333,0.9777777777777779,0.5111111111111111
Australia,0.06521739130434784,Other,High,Balanced,0.1375,Moderate,Anxiety,0.0,0.55,0.4333333333333334,0.13333333333333336
India,0.8478260869565217,Female,Moderate,Junk Food,0.44999999999999996,Low,Bipolar,0.8205128205128205,0.95,0.6111111111111112,0.8999999999999999
Canada,0.7391304347826086,Other,High,Junk Food,0.8125,Low,Bipolar,0.46153846153846156,0.06666666666666665,0.45555555555555544,0.7444444444444445
Brazil,0.673913043478261,Male,High,Junk Food,0.75,High,Bipolar,0.8974358974358974,0.04999999999999999,0.3222222222222222,0.9222222222222223
Australia,0.8913043478260869,Other,Moderate,Vegetarian,0.5875,Low,Anxiety,0.8461538461538463,0.14999999999999997,0.07777777777777778,0.6777777777777776
Brazil,0.7173913043478262,Female,Low,Keto,0.36250000000000004,Low,Anxiety,0.7692307692307692,0.6333333333333333,0.45555555555555544,0.18888888888888888
Germany,0.9130434782608696,Female,High,Vegetarian,0.5125,Moderate,Bipolar,0.5897435897435896,0.4000000000000001,0.8222222222222222,0.31111111111111106
Germany,0.5217391304347826,Male,Moderate,Junk Food,0.65,Low,Anxiety,0.28205128205128205,0.8333333333333333,0.022222222222222227,0.4888888888888889
USA,0.19565217391304346,Other,Low,Keto,0.675,Moderate,PTSD,0.3076923076923077,0.06666666666666665,0.5777777777777777,0.6111111111111112
Brazil,0.4347826086956522,Other,High,Keto,0.5625,Low,PTSD,0.3846153846153846,0.2,0.8777777777777778,0.9222222222222223
Canada,0.9782608695652173,Other,Moderate,Junk Food,0.6625,Moderate,PTSD,0.3846153846153846,0.3,0.2222222222222222,0.3888888888888889
Japan,0.8260869565217392,Female,High,Keto,0.48750000000000004,Moderate,Anxiety,0.4871794871794872,0.6333333333333333,0.17777777777777776,0.7
Australia,0.5652173913043479,Male,Moderate,Keto,0.475,Low,Anxiety,0.6666666666666667,0.6833333333333333,0.7777777777777777,0.9555555555555555
India,0.5652173913043479,Other,Moderate,Vegetarian,0.4125,Moderate,Anxiety,0.9743589743589745,0.1166666666666667,0.25555555555555554,0.15555555555555556
Canada,0.02173913043478265,Female,High,Keto,0.575,Moderate,PTSD,0.3076923076923077,0.95,0.18888888888888888,0.8666666666666667
Canada,0.8695652173913044,Female,High,Junk Food,0.6875,Low,Depression,0.07692307692307698,0.3333333333333333,0.3777777777777778,0.4222222222222222
Germany,0.26086956521739135,Female,Moderate,Vegan,0.6375,Moderate,PTSD,0.7948717948717949,0.7166666666666666,0.3888888888888889,0.7333333333333332
Brazil,0.17391304347826086,Other,Low,Vegan,0.275,Moderate,Anxiety,1.0,0.5166666666666666,0.8777777777777778,0.28888888888888886
USA,0.7608695652173914,Other,High,Vegan,0.2875,Moderate,PTSD,0.8461538461538463,0.21666666666666662,0.6222222222222222,0.3333333333333333
USA,0.4565217391304348,Other,Moderate,Junk Food,0.7124999999999999,Moderate,PTSD,0.9743589743589745,0.8499999999999999,0.41111111111111115,0.022222222222222227
Australia,0.8913043478260869,Other,Moderate,Vegan,0.5375,Moderate,Anxiety,0.41025641025641024,0.8166666666666667,0.5333333333333332,0.9666666666666666
Germany,0.5434782608695652,Other,Low,Vegetarian,0.5375,High,PTSD,0.5897435897435896,0.4000000000000001,0.9555555555555555,0.8111111111111111
Canada,0.23913043478260876,Other,Low,Junk Food,0.5375,Moderate,Bipolar,0.7179487179487181,0.5833333333333333,0.1111111111111111,0.08888888888888888
Japan,0.34782608695652173,Other,Low,Junk Food,0.825,Moderate,Bipolar,0.6923076923076923,0.24999999999999994,0.21111111111111108,1.0
Germany,0.28260869565217395,Other,High,Junk Food,0.4125,Moderate,Depression,0.5384615384615385,0.6833333333333333,0.9666666666666666,0.6000000000000001
Australia,0.28260869565217395,Other,Moderate,Keto,0.7124999999999999,Moderate,Anxiety,0.6923076923076923,0.3166666666666666,0.9555555555555555,0.8555555555555554
Australia,0.7173913043478262,Female,Moderate,Keto,0.55,Low,Anxiety,0.6153846153846154,0.8499999999999999,0.17777777777777776,0.06666666666666668
Germany,0.4130434782608696,Other,Moderate,Keto,0.19999999999999996,High,Anxiety,0.05128205128205132,0.21666666666666662,0.14444444444444443,0.3888888888888889
Australia,0.21739130434782616,Male,Low,Balanced,0.35,Low,Anxiety,0.3076923076923077,0.016666666666666663,0.4222222222222222,0.6666666666666665
Germany,0.32608695652173914,Female,Moderate,Vegetarian,0.38749999999999996,High,Depression,0.7692307692307692,0.26666666666666666,0.044444444444444425,0.1111111111111111
India,0.6521739130434783,Other,High,Junk Food,0.7,Moderate,Bipolar,0.3076923076923077,0.1833333333333333,0.6555555555555557,0.4888888888888889
Germany,0.10869565217391308,Male,Low,Junk Food,0.7250000000000001,Moderate,Anxiety,0.4358974358974359,0.49999999999999994,0.07777777777777778,0.4444444444444445
Brazil,0.3913043478260869,Other,Low,Keto,0.5625,High,Bipolar,0.9230769230769231,0.2,0.05555555555555555,0.21111111111111108
Germany,0.7826086956521738,Male,Low,Junk Food,0.4,High,Depression,0.8461538461538463,0.7666666666666666,0.4888888888888889,0.3
Australia,0.06521739130434784,Male,Low,Junk Food,0.32499999999999996,Low,Anxiety,0.41025641025641024,0.23333333333333334,0.9555555555555555,0.9666666666666666
Brazil,1.0,Male,High,Vegan,0.7124999999999999,High,PTSD,0.5128205128205128,0.7,0.4222222222222222,0.28888888888888886
Australia,0.06521739130434784,Male,Moderate,Junk Food,0.26249999999999996,Moderate,Anxiety,0.8974358974358974,0.5833333333333333,0.35555555555555557,0.21111111111111108
USA,0.4130434782608696,Female,High,Balanced,0.475,Low,Depression,1.0,0.9833333333333334,1.0,0.5333333333333332
USA,0.19565217391304346,Female,Moderate,Keto,0.9375,High,Anxiety,0.46153846153846156,1.0,0.5333333333333332,0.6666666666666665
Brazil,0.5,Male,High,Vegetarian,0.4,High,Bipolar,0.28205128205128205,0.8666666666666667,0.3777777777777778,0.7222222222222221
India,0.7391304347826086,Other,Low,Vegetarian,0.26249999999999996,Low,Anxiety,0.6923076923076923,0.7666666666666666,0.3888888888888889,0.7555555555555555
USA,0.5434782608695652,Male,Low,Vegan,0.175,High,PTSD,0.2564102564102564,0.38333333333333325,0.19999999999999996,0.033333333333333326
Germany,0.7826086956521738,Female,High,Vegetarian,0.95,Moderate,Depression,0.9230769230769231,0.75,0.5111111111111111,0.3888888888888889
Australia,0.8043478260869565,Other,High,Vegetarian,0.5625,Low,Anxiety,0.6923076923076923,0.95,0.4333333333333334,0.7777777777777777
USA,0.4347826086956522,Female,Moderate,Keto,0.3375,High,Depression,0.8717948717948718,0.016666666666666663,0.26666666666666666,0.8999999999999999
USA,0.8478260869565217,Female,High,Keto,0.4625,Moderate,Depression,0.35897435897435903,0.5333333333333334,0.15555555555555556,0.6000000000000001
India,0.8260869565217392,Other,High,Balanced,0.375,High,Bipolar,0.3846153846153846,0.21666666666666662,0.31111111111111106,0.05555555555555555
Brazil,0.4347826086956522,Male,Moderate,Vegan,0.15000000000000002,Low,Anxiety,0.15384615384615385,0.55,0.5111111111111111,0.39999999999999997
Brazil,0.19565217391304346,Male,Moderate,Vegetarian,0.65,High,PTSD,0.05128205128205132,0.4666666666666666,0.05555555555555555,0.07777777777777778
Canada,0.8043478260869565,Male,Moderate,Balanced,0.5125,High,Anxiety,0.7692307692307692,0.5833333333333333,0.15555555555555556,0.7444444444444445
India,0.9782608695652173,Male,High,Vegan,0.6375,High,Anxiety,0.28205128205128205,0.55,0.9444444444444444,0.06666666666666668
Germany,0.06521739130434784,Other,Moderate,Vegetarian,0.5,Moderate,Bipolar,0.17948717948717952,0.9666666666666666,0.5444444444444445,0.18888888888888888
Brazil,0.9565217391304348,Other,Low,Vegetarian,0.525,Moderate,Anxiety,0.6153846153846154,0.55,0.06666666666666668,0.4222222222222222
Australia,0.4130434782608696,Other,Low,Keto,0.07500000000000001,High,Depression,0.8717948717948718,0.8499999999999999,0.6888888888888889,0.4666666666666666
India,0.34782608695652173,Female,Low,Junk Food,0.675,High,Depression,0.28205128205128205,0.3166666666666666,0.06666666666666668,0.41111111111111115
USA,0.13043478260869568,Other,High,Vegan,0.30000000000000004,Low,PTSD,0.5128205128205128,0.4333333333333333,0.7333333333333332,0.4666666666666666
Australia,0.06521739130434784,Male,Low,Vegetarian,0.35,High,Anxiety,0.641025641025641,0.4666666666666666,0.7444444444444445,0.711111111111111
Australia,0.6086956521739131,Female,High,Vegan,0.4,Low,Anxiety,0.02564102564102566,0.2833333333333334,0.6555555555555557,0.36666666666666664
USA,0.28260869565217395,Male,High,Balanced,0.11249999999999999,Moderate,Bipolar,0.33333333333333337,0.38333333333333325,0.7333333333333332,0.5444444444444445
India,0.043478260869565244,Male,Low,Balanced,0.38749999999999996,High,PTSD,0.07692307692307698,0.5999999999999999,0.08888888888888888,0.3
USA,0.5,Other,Moderate,Junk Food,0.375,Low,Anxiety,0.41025641025641024,0.5833333333333333,0.7222222222222221,0.35555555555555557
Canada,0.7826086956521738,Other,High,Vegetarian,0.42500000000000004,Moderate,Depression,0.10256410256410264,0.6333333333333333,0.13333333333333336,0.6111111111111112
Australia,0.32608695652173914,Male,Low,Keto,0.175,Low,PTSD,0.5897435897435896,0.3499999999999999,0.3444444444444444,0.4888888888888889
Japan,0.06521739130434784,Male,High,Vegetarian,0.675,Moderate,Anxiety,0.15384615384615385,0.3166666666666666,0.9444444444444444,0.7222222222222221
Japan,0.5,Female,Moderate,Vegan,0.575,High,PTSD,0.5641025641025641,0.6166666666666667,0.49999999999999994,0.5555555555555556
Germany,0.7173913043478262,Other,Moderate,Balanced,0.3375,Low,PTSD,0.41025641025641024,0.1333333333333333,0.9666666666666666,0.7999999999999998
Brazil,0.6304347826086956,Female,Low,Vegan,0.38749999999999996,High,Anxiety,0.28205128205128205,0.24999999999999994,0.08888888888888888,0.4444444444444445
USA,0.3695652173913043,Female,High,Junk Food,0.6625,Low,Bipolar,0.2564102564102564,0.04999999999999999,0.4777777777777777,0.4888888888888889
USA,0.3913043478260869,Female,High,Balanced,0.44999999999999996,Moderate,Bipolar,0.2564102564102564,0.06666666666666665,0.06666666666666668,0.6666666666666665
Germany,0.6521739130434783,Male,High,Keto,0.26249999999999996,Low,Anxiety,0.8461538461538463,0.24999999999999994,0.6333333333333333,0.2222222222222222
Germany,0.3913043478260869,Female,High,Balanced,0.48750000000000004,Low,Anxiety,0.9230769230769231,0.016666666666666663,0.07777777777777778,0.3888888888888889
Germany,0.9782608695652173,Female,Low,Vegetarian,0.30000000000000004,High,Anxiety,0.7179487179487181,0.24999999999999994,0.17777777777777776,0.6222222222222222
Australia,0.3913043478260869,Male,Moderate,Vegetarian,0.36250000000000004,High,Bipolar,0.8974358974358974,0.6500000000000001,0.25555555555555554,0.033333333333333326
Canada,0.4565217391304348,Other,Low,Balanced,0.48750000000000004,High,Anxiety,0.6666666666666667,0.06666666666666665,0.7444444444444445,0.4333333333333334
USA,0.5,Other,High,Junk Food,0.7,Moderate,Anxiety,0.5384615384615385,0.4333333333333333,0.16666666666666669,0.6000000000000001
Australia,0.9565217391304348,Female,High,Vegetarian,0.875,High,Anxiety,0.02564102564102566,0.9166666666666667,0.8444444444444443,0.9666666666666666
Germany,0.23913043478260876,Male,Moderate,Vegetarian,0.75,Low,Depression,0.8974358974358974,0.7833333333333334,0.13333333333333336,0.8777777777777778
USA,0.6304347826086956,Other,High,Keto,0.48750000000000004,Moderate,Anxiety,0.7435897435897436,0.3,0.033333333333333326,0.27777777777777773
Australia,0.8043478260869565,Female,Low,Balanced,0.925,High,PTSD,0.15384615384615385,0.9166666666666667,0.39999999999999997,0.5111111111111111
Canada,0.6521739130434783,Female,Low,Vegetarian,0.6,Low,Depression,0.28205128205128205,0.3333333333333333,0.9777777777777779,0.05555555555555555
Australia,0.7608695652173914,Male,Moderate,Junk Food,0.3125,Low,Anxiety,0.05128205128205132,0.06666666666666665,0.1111111111111111,0.24444444444444446
Canada,0.3913043478260869,Female,Low,Vegan,0.5125,Moderate,PTSD,0.41025641025641024,1.0,0.09999999999999998,0.7777777777777777
Germany,0.9565217391304348,Other,Low,Balanced,0.375,Low,Anxiety,0.7948717948717949,0.8666666666666667,0.7555555555555555,0.12222222222222223
Canada,0.7608695652173914,Male,Low,Keto,0.26249999999999996,High,PTSD,0.17948717948717952,0.4666666666666666,0.31111111111111106,0.25555555555555554
USA,0.6304347826086956,Other,Low,Vegetarian,0.275,Low,Anxiety,0.5641025641025641,0.6666666666666667,0.7222222222222221,0.9444444444444444
Germany,0.6956521739130435,Other,High,Junk Food,0.475,High,PTSD,0.9487179487179487,0.6666666666666667,0.19999999999999996,0.8222222222222222
USA,0.3695652173913043,Other,Low,Balanced,0.6375,High,Anxiety,0.7435897435897436,0.2,0.45555555555555544,0.7777777777777777
Japan,0.5869565217391305,Female,Moderate,Junk Food,0.7,Moderate,PTSD,0.35897435897435903,0.2,0.26666666666666666,0.8666666666666667
India,1.0,Female,Moderate,Junk Food,0.26249999999999996,Low,PTSD,0.23076923076923084,0.4666666666666666,0.45555555555555544,0.7444444444444445
Canada,0.21739130434782616,Other,Low,Keto,0.4375,Moderate,Anxiety,0.9487179487179487,0.9166666666666667,0.7666666666666666,0.12222222222222223
India,0.9565217391304348,Other,Moderate,Balanced,0.5875,Moderate,PTSD,0.35897435897435903,0.016666666666666663,0.7666666666666666,0.5111111111111111
India,0.6956521739130435,Male,Low,Vegetarian,0.525,Moderate,Anxiety,0.7435897435897436,0.7833333333333334,0.5111111111111111,0.4444444444444445
Canada,0.34782608695652173,Male,Moderate,Keto,0.625,High,PTSD,0.641025641025641,0.04999999999999999,0.9333333333333333,0.31111111111111106
Germany,0.10869565217391308,Female,Moderate,Vegetarian,0.4125,High,Bipolar,0.33333333333333337,0.48333333333333334,0.26666666666666666,0.8333333333333333
Japan,0.06521739130434784,Female,Low,Vegan,0.7375,High,Depression,0.05128205128205132,0.6333333333333333,0.24444444444444446,0.4666666666666666
USA,0.4130434782608696,Male,Low,Junk Food,0.5,High,Anxiety,0.8974358974358974,0.6833333333333333,0.6111111111111112,0.05555555555555555
Australia,1.0,Other,High,Vegan,0.6375,Low,Anxiety,0.641025641025641,0.06666666666666665,0.6222222222222222,0.27777777777777773
USA,0.5652173913043479,Female,Low,Junk Food,0.42500000000000004,Low,Anxiety,0.33333333333333337,0.4166666666666667,0.044444444444444425,0.23333333333333334
Australia,0.30434782608695654,Other,Low,Keto,0.5125,High,Bipolar,0.7692307692307692,0.5833333333333333,0.6111111111111112,0.8888888888888888
USA,0.10869565217391308,Male,High,Vegetarian,0.19999999999999996,High,Anxiety,0.33333333333333337,0.06666666666666665,0.3777777777777778,0.6444444444444444
Canada,1.0,Female,Low,Vegetarian,0.3375,Low,Bipolar,1.0,0.1333333333333333,0.7444444444444445,0.5555555555555556
Japan,0.28260869565217395,Female,Low,Keto,0.4625,Moderate,Bipolar,0.23076923076923084,0.6666666666666667,0.8111111111111111,0.5111111111111111
Australia,0.21739130434782616,Male,High,Balanced,0.525,Moderate,PTSD,0.20512820512820518,0.5166666666666666,0.5555555555555556,0.6555555555555557
Brazil,0.8260869565217392,Female,Low,Vegan,1.0,High,Anxiety,1.0,0.16666666666666669,0.0,0.7555555555555555
Germany,0.17391304347826086,Male,Low,Vegan,0.42500000000000004,Moderate,Depression,0.4358974358974359,0.5333333333333334,0.6333333333333333,0.5555555555555556
USA,0.5434782608695652,Female,High,Vegetarian,0.23750000000000004,High,Bipolar,0.8974358974358974,0.9166666666666667,0.7444444444444445,0.9333333333333333
USA,0.32608695652173914,Male,High,Vegetarian,0.825,High,Bipolar,0.8974358974358974,0.016666666666666663,0.24444444444444446,0.9777777777777779
Australia,0.08695652173913049,Female,Moderate,Vegetarian,0.7,High,Anxiety,0.28205128205128205,0.6500000000000001,0.4666666666666666,1.0
Germany,0.19565217391304346,Other,Low,Keto,0.2875,Low,PTSD,1.0,0.06666666666666665,0.9666666666666666,0.6666666666666665
Germany,0.043478260869565244,Other,Moderate,Balanced,0.5875,Moderate,Depression,0.05128205128205132,0.0,0.3,0.9333333333333333
Canada,0.26086956521739135,Other,Moderate,Vegan,0.6625,Low,Bipolar,0.4358974358974359,0.14999999999999997,0.2222222222222222,0.39999999999999997
Brazil,0.9130434782608696,Female,High,Junk Food,0.525,Moderate,Anxiety,0.15384615384615385,0.4166666666666667,0.21111111111111108,0.8555555555555554
Canada,0.6304347826086956,Female,Low,Keto,0.5625,Low,Anxiety,0.7692307692307692,0.8,0.5555555555555556,0.911111111111111
Canada,0.9565217391304348,Other,Low,Vegan,0.38749999999999996,Low,Bipolar,0.0,0.2833333333333334,0.9444444444444444,0.8999999999999999
Canada,0.10869565217391308,Other,High,Balanced,0.6,High,Anxiety,0.7692307692307692,0.6333333333333333,0.6111111111111112,0.8333333333333333
Canada,0.34782608695652173,Male,Moderate,Keto,0.4125,High,Anxiety,0.3076923076923077,0.4166666666666667,0.3,0.41111111111111115
Canada,0.9565217391304348,Male,High,Vegan,0.0,Low,PTSD,0.7179487179487181,0.23333333333333334,0.6333333333333333,0.15555555555555556
Japan,0.3913043478260869,Male,Low,Keto,0.5375,Moderate,Anxiety,0.05128205128205132,0.5166666666666666,0.6222222222222222,0.3333333333333333
Germany,0.8913043478260869,Other,High,Vegan,0.1875,Moderate,Bipolar,0.7179487179487181,0.8,0.6000000000000001,0.7666666666666666
Canada,0.7391304347826086,Other,Low,Vegan,0.6875,High,Depression,0.8717948717948718,0.8333333333333333,0.15555555555555556,0.23333333333333334
Germany,0.9782608695652173,Other,Moderate,Balanced,0.2875,High,Anxiety,0.35897435897435903,0.8499999999999999,0.6333333333333333,0.4777777777777777
Germany,0.5434782608695652,Male,Low,Junk Food,0.03749999999999998,Moderate,Depression,0.5128205128205128,0.3333333333333333,0.4333333333333334,0.5666666666666667
India,0.08695652173913049,Female,Moderate,Balanced,0.16249999999999998,Moderate,Depression,0.46153846153846156,0.8,0.022222222222222227,0.6000000000000001
Japan,0.6086956521739131,Other,Moderate,Vegan,0.48750000000000004,Moderate,Anxiety,0.6923076923076923,0.21666666666666662,0.5444444444444445,0.9333333333333333
Canada,0.7826086956521738,Female,Low,Keto,0.5375,High,PTSD,0.07692307692307698,0.7333333333333334,0.9888888888888889,0.6666666666666665
USA,0.4130434782608696,Female,Low,Balanced,0.23750000000000004,Moderate,Anxiety,0.3076923076923077,0.95,0.3444444444444444,0.7888888888888888
Australia,0.4347826086956522,Female,Moderate,Junk Food,0.30000000000000004,High,Anxiety,0.35897435897435903,0.016666666666666663,0.9666666666666666,0.5777777777777777
Brazil,0.19565217391304346,Male,High,Vegan,0.5,Low,Depression,0.9743589743589745,0.4333333333333333,0.09999999999999998,0.8333333333333333
USA,0.08695652173913049,Female,Low,Balanced,0.6875,Low,Bipolar,0.7948717948717949,0.6500000000000001,0.7333333333333332,0.26666666666666666
Japan,0.7608695652173914,Other,Moderate,Balanced,0.275,Low,Depression,0.05128205128205132,0.7,0.1111111111111111,0.21111111111111108
Australia,0.10869565217391308,Male,Moderate,Balanced,0.575,Moderate,Bipolar,0.7435897435897436,0.1833333333333333,0.27777777777777773,0.9222222222222223
Japan,0.5434782608695652,Other,High,Balanced,0.175,High,Anxiety,0.4871794871794872,0.9666666666666666,0.5666666666666667,0.6888888888888889
Germany,0.06521739130434784,Other,Low,Keto,0.5625,Moderate,Anxiety,0.02564102564102566,0.6166666666666667,0.5888888888888888,0.6666666666666665
Australia,0.8260869565217392,Male,Moderate,Junk Food,0.6375,High,Anxiety,0.6153846153846154,0.16666666666666669,0.7777777777777777,0.4666666666666666
Germany,0.8260869565217392,Other,High,Junk Food,0.6,Moderate,Anxiety,0.2564102564102564,0.016666666666666663,0.6111111111111112,0.3777777777777778
USA,0.7391304347826086,Other,Moderate,Vegan,0.6875,Low,Depression,0.0,0.7833333333333334,0.5888888888888888,0.5555555555555556
USA,0.0,Male,Low,Vegetarian,0.675,High,Bipolar,0.23076923076923084,0.08333333333333331,0.911111111111111,0.12222222222222223
Australia,0.5,Other,High,Keto,0.8500000000000001,Moderate,Anxiety,0.41025641025641024,0.1333333333333333,0.45555555555555544,0.45555555555555544
Australia,0.7608695652173914,Female,Moderate,Vegan,0.525,High,Anxiety,0.7435897435897436,0.5666666666666667,0.2222222222222222,0.45555555555555544
Canada,0.10869565217391308,Other,High,Vegan,0.8500000000000001,High,Bipolar,0.8717948717948718,0.5999999999999999,0.16666666666666669,0.5333333333333332
Japan,0.8695652173913044,Female,Low,Balanced,0.32499999999999996,Moderate,Depression,0.46153846153846156,0.6833333333333333,0.39999999999999997,0.6333333333333333
Canada,0.9782608695652173,Other,High,Vegetarian,0.4625,Moderate,Depression,0.8461538461538463,0.4000000000000001,0.711111111111111,0.9555555555555555
Japan,0.9347826086956521,Male,Low,Vegetarian,0.475,High,Bipolar,0.7948717948717949,0.7666666666666666,0.044444444444444425,0.6555555555555557
Canada,0.6521739130434783,Male,Moderate,Keto,0.30000000000000004,High,PTSD,0.28205128205128205,0.9666666666666666,0.13333333333333336,0.8888888888888888
Germany,0.4130434782608696,Other,Low,Vegetarian,0.0625,Low,Depression,0.41025641025641024,0.26666666666666666,0.1111111111111111,0.5555555555555556
Australia,0.5,Male,Moderate,Vegan,0.6625,High,Bipolar,0.1282051282051282,0.7,0.5888888888888888,0.6222222222222222
USA,0.5217391304347826,Other,Moderate,Vegetarian,0.32499999999999996,Low,Bipolar,0.3076923076923077,0.9333333333333333,0.24444444444444446,0.06666666666666668
Japan,0.7608695652173914,Male,Low,Vegetarian,0.42500000000000004,Low,Anxiety,0.9743589743589745,0.6833333333333333,0.16666666666666669,0.13333333333333336
Japan,0.4347826086956522,Female,Moderate,Junk Food,0.8,Low,Bipolar,0.5384615384615385,0.6833333333333333,0.5888888888888888,0.5777777777777777
USA,0.6304347826086956,Other,High,Vegan,0.6125,High,Anxiety,0.2564102564102564,0.21666666666666662,0.7666666666666666,0.39999999999999997
Canada,0.5,Female,Moderate,Vegetarian,0.825,Low,Anxiety,0.15384615384615385,0.5333333333333334,0.3333333333333333,0.7999999999999998
Japan,0.9347826086956521,Female,Low,Vegetarian,0.525,High,Anxiety,0.5128205128205128,0.5666666666666667,0.5777777777777777,0.5444444444444445
Brazil,0.8913043478260869,Other,High,Balanced,0.6,High,Depression,0.0,0.7,0.09999999999999998,0.8777777777777778
Germany,0.6304347826086956,Female,High,Vegetarian,0.44999999999999996,Moderate,PTSD,0.7435897435897436,1.0,0.9333333333333333,0.9777777777777779
Australia,0.4565217391304348,Other,Moderate,Vegetarian,0.3375,High,Depression,0.46153846153846156,0.03333333333333338,0.3333333333333333,0.14444444444444443
USA,0.5869565217391305,Female,Moderate,Junk Food,0.6,High,Anxiety,0.7179487179487181,0.06666666666666665,1.0,0.39999999999999997
Australia,0.13043478260869568,Other,Low,Vegan,0.4125,Low,Anxiety,0.8717948717948718,0.08333333333333331,0.9777777777777779,0.6666666666666665
Brazil,0.7391304347826086,Other,High,Keto,0.625,High,Anxiety,0.4871794871794872,0.75,0.7777777777777777,0.3
Japan,0.5869565217391305,Male,Low,Vegan,0.38749999999999996,High,Bipolar,0.8974358974358974,0.1333333333333333,0.022222222222222227,0.26666666666666666
Japan,0.28260869565217395,Other,Moderate,Balanced,0.4625,Moderate,PTSD,0.9743589743589745,0.6166666666666667,0.5444444444444445,0.8111111111111111
Brazil,0.19565217391304346,Other,High,Vegan,0.48750000000000004,Moderate,PTSD,0.0,0.3166666666666666,0.08888888888888888,0.9777777777777779
USA,0.32608695652173914,Female,Low,Vegetarian,0.7,Low,Bipolar,0.5641025641025641,0.45,0.8999999999999999,0.7777777777777777
Germany,0.32608695652173914,Other,Low,Balanced,0.42500000000000004,Low,Anxiety,0.7692307692307692,0.21666666666666662,0.7888888888888888,0.5222222222222221
India,0.6521739130434783,Male,Low,Vegan,0.7250000000000001,Moderate,PTSD,0.8717948717948718,0.8666666666666667,0.9777777777777779,0.4444444444444445
USA,0.8913043478260869,Female,Low,Balanced,0.32499999999999996,Moderate,Anxiety,0.5384615384615385,0.5833333333333333,0.6111111111111112,0.5444444444444445
India,0.5217391304347826,Female,Low,Keto,0.55,High,Anxiety,0.15384615384615385,0.95,0.5222222222222221,0.4666666666666666
Brazil,0.26086956521739135,Male,High,Vegan,0.375,Low,Depression,0.8205128205128205,0.5666666666666667,0.5222222222222221,0.49999999999999994
Canada,0.10869565217391308,Female,Low,Vegetarian,0.7124999999999999,Low,Depression,0.8974358974358974,0.1166666666666667,0.3888888888888889,0.19999999999999996
India,0.9347826086956521,Female,High,Balanced,0.35,High,Anxiety,0.15384615384615385,0.16666666666666669,0.4666666666666666,0.8999999999999999
Germany,0.17391304347826086,Female,Low,Junk Food,0.36250000000000004,High,Anxiety,0.6666666666666667,0.9833333333333334,0.6333333333333333,0.7555555555555555
Canada,0.9565217391304348,Female,Moderate,Balanced,0.26249999999999996,Low,Depression,0.02564102564102566,0.7333333333333334,0.9333333333333333,0.6777777777777776
India,0.7608695652173914,Male,Moderate,Junk Food,0.525,Moderate,Anxiety,0.41025641025641024,0.04999999999999999,0.6000000000000001,0.9444444444444444
Brazil,0.9130434782608696,Male,Low,Vegetarian,0.6125,Moderate,Bipolar,0.0,0.7,0.8555555555555554,0.28888888888888886
Canada,0.4130434782608696,Female,Moderate,Keto,0.5875,High,PTSD,0.7435897435897436,0.4166666666666667,0.8666666666666667,0.07777777777777778
Brazil,0.3695652173913043,Female,High,Junk Food,0.475,Low,Anxiety,0.5384615384615385,0.3,0.5222222222222221,0.8222222222222222
India,0.9130434782608696,Male,Low,Keto,0.375,High,PTSD,0.6923076923076923,0.14999999999999997,0.3444444444444444,1.0
Brazil,0.4347826086956522,Male,High,Balanced,0.44999999999999996,Moderate,Bipolar,0.8205128205128205,0.8333333333333333,0.6444444444444444,0.5777777777777777
Germany,0.06521739130434784,Male,Low,Vegetarian,0.44999999999999996,Moderate,Depression,0.641025641025641,0.06666666666666665,0.4444444444444445,0.05555555555555555
India,0.6956521739130435,Female,Moderate,Junk Food,0.55,High,Anxiety,0.8717948717948718,0.2833333333333334,0.07777777777777778,0.7777777777777777
India,0.5652173913043479,Female,High,Balanced,0.5375,Moderate,Anxiety,0.2564102564102564,0.3,0.3777777777777778,0.07777777777777778
India,0.13043478260869568,Other,Moderate,Vegan,0.825,Low,Bipolar,0.15384615384615385,0.16666666666666669,0.9888888888888889,0.5444444444444445
USA,0.10869565217391308,Male,Moderate,Balanced,0.5125,High,Anxiety,0.6923076923076923,0.49999999999999994,0.044444444444444425,0.27777777777777773
USA,0.30434782608695654,Female,Low,Keto,0.5625,High,PTSD,0.6153846153846154,0.016666666666666663,0.7,0.911111111111111
USA,0.3695652173913043,Male,High,Vegetarian,0.5125,High,Depression,0.7692307692307692,0.3,0.8444444444444443,0.45555555555555544
Germany,0.673913043478261,Female,Moderate,Vegetarian,0.4375,Moderate,Anxiety,0.05128205128205132,0.9333333333333333,0.6444444444444444,0.8999999999999999
Canada,0.21739130434782616,Male,Low,Balanced,0.5625,Low,Bipolar,0.8205128205128205,0.3166666666666666,0.5666666666666667,0.3
Brazil,0.4130434782608696,Female,Low,Vegan,0.42500000000000004,High,Bipolar,0.8461538461538463,0.36666666666666664,0.711111111111111,0.3888888888888889
Japan,0.5,Other,Low,Keto,0.48750000000000004,High,Anxiety,0.5128205128205128,0.4666666666666666,0.4333333333333334,0.9444444444444444
India,0.30434782608695654,Other,Moderate,Balanced,0.7124999999999999,Moderate,Depression,0.9230769230769231,0.5666666666666667,0.08888888888888888,0.19999999999999996
Brazil,0.13043478260869568,Male,Low,Balanced,0.4125,Low,Anxiety,0.46153846153846156,0.8166666666666667,0.9666666666666666,0.5777777777777777
India,0.4347826086956522,Female,High,Vegetarian,0.575,High,Anxiety,0.9230769230769231,0.1833333333333333,0.4333333333333334,0.3888888888888889
Germany,0.8913043478260869,Female,High,Keto,0.03749999999999998,Moderate,Depression,0.5128205128205128,0.8666666666666667,0.6666666666666665,0.7777777777777777
India,0.5434782608695652,Male,Moderate,Vegan,0.4625,High,PTSD,0.33333333333333337,0.75,0.5333333333333332,0.13333333333333336
USA,0.9347826086956521,Female,High,Vegetarian,0.4125,Moderate,PTSD,0.23076923076923084,0.7166666666666666,0.05555555555555555,0.4333333333333334
Japan,0.28260869565217395,Male,Low,Balanced,0.525,Low,Anxiety,0.15384615384615385,0.08333333333333331,0.9555555555555555,0.7
Australia,0.7826086956521738,Female,Moderate,Vegetarian,0.44999999999999996,Moderate,Anxiety,0.7179487179487181,0.016666666666666663,0.7888888888888888,0.41111111111111115
India,0.4347826086956522,Male,Low,Vegetarian,0.525,High,Depression,1.0,0.5999999999999999,0.14444444444444443,0.05555555555555555
Brazil,0.3695652173913043,Female,Moderate,Junk Food,0.42500000000000004,High,PTSD,0.17948717948717952,0.8666666666666667,0.9777777777777779,0.7
USA,0.08695652173913049,Male,Moderate,Vegetarian,0.575,Moderate,PTSD,0.9743589743589745,0.5833333333333333,0.7333333333333332,0.49999999999999994
Australia,0.043478260869565244,Female,Low,Vegetarian,0.175,Low,Anxiety,0.3076923076923077,0.21666666666666662,0.4777777777777777,0.011111111111111127
Japan,0.4782608695652174,Other,High,Keto,0.525,Low,Anxiety,0.46153846153846156,0.08333333333333331,0.6111111111111112,0.6111111111111112
Australia,0.5434782608695652,Female,High,Vegetarian,0.32499999999999996,High,Bipolar,0.2564102564102564,0.7,0.1111111111111111,0.9222222222222223
USA,0.7826086956521738,Male,Moderate,Vegan,0.7250000000000001,High,Depression,0.02564102564102566,0.7166666666666666,0.5555555555555556,0.1111111111111111
Canada,0.5,Other,Low,Balanced,0.32499999999999996,Moderate,PTSD,0.1282051282051282,0.16666666666666669,0.07777777777777778,0.5888888888888888
Canada,0.3913043478260869,Female,Low,Keto,0.6875,Moderate,Bipolar,0.7179487179487181,0.03333333333333338,0.5444444444444445,0.7333333333333332
Australia,0.5217391304347826,Other,Moderate,Vegetarian,0.5,Moderate,Anxiety,0.10256410256410264,0.4000000000000001,0.5555555555555556,0.06666666666666668
Germany,0.4347826086956522,Female,High,Vegan,0.16249999999999998,Low,Anxiety,0.7435897435897436,0.5833333333333333,0.8777777777777778,0.022222222222222227
Brazil,0.23913043478260876,Other,Low,Balanced,0.3375,Low,Depression,0.9743589743589745,0.7,0.7222222222222221,0.4666666666666666
Brazil,0.8695652173913044,Male,High,Keto,0.6625,High,Anxiety,0.8974358974358974,0.8166666666666667,0.24444444444444446,0.7888888888888888
Australia,0.6956521739130435,Female,High,Vegan,0.65,High,Anxiety,0.6666666666666667,0.6166666666666667,0.8888888888888888,0.15555555555555556
India,0.06521739130434784,Female,Moderate,Vegetarian,0.26249999999999996,High,Anxiety,0.4358974358974359,0.1166666666666667,0.5777777777777777,0.8333333333333333
India,0.8913043478260869,Male,Moderate,Junk Food,0.7875000000000001,Moderate,PTSD,0.8974358974358974,0.6833333333333333,0.6111111111111112,0.6555555555555557
Brazil,0.13043478260869568,Other,High,Junk Food,0.5,Low,PTSD,0.3846153846153846,0.9833333333333334,0.16666666666666669,0.3333333333333333
Brazil,0.4565217391304348,Male,Low,Keto,0.6625,High,Bipolar,0.10256410256410264,0.9000000000000001,0.8555555555555554,0.5111111111111111
Canada,0.6956521739130435,Male,Low,Vegan,0.275,High,Anxiety,0.20512820512820518,0.8666666666666667,0.9333333333333333,0.9666666666666666
Germany,0.34782608695652173,Other,Moderate,Balanced,0.4125,High,PTSD,0.8461538461538463,0.3,0.7777777777777777,0.21111111111111108
USA,0.5,Male,High,Vegan,0.575,High,Anxiety,0.8461538461538463,0.75,0.9444444444444444,0.49999999999999994
India,0.7173913043478262,Female,Low,Junk Food,0.4375,High,Bipolar,0.8974358974358974,0.8499999999999999,0.3,0.6222222222222222
Brazil,0.5869565217391305,Female,Low,Keto,0.0,High,Depression,0.7692307692307692,0.6833333333333333,0.8666666666666667,0.13333333333333336
Canada,0.9130434782608696,Female,Moderate,Vegetarian,0.4625,Low,Anxiety,0.4871794871794872,0.24999999999999994,0.4888888888888889,0.044444444444444425
Japan,0.8695652173913044,Male,High,Vegan,0.1375,High,PTSD,0.41025641025641024,0.95,0.16666666666666669,0.011111111111111127
Canada,0.8260869565217392,Female,Low,Junk Food,0.30000000000000004,Low,Anxiety,0.4871794871794872,0.45,0.6666666666666665,0.3222222222222222
India,0.4565217391304348,Female,Moderate,Balanced,0.23750000000000004,Moderate,Anxiety,0.6923076923076923,0.1333333333333333,0.6888888888888889,0.07777777777777778
India,0.34782608695652173,Female,Low,Keto,0.7124999999999999,Low,Anxiety,0.5128205128205128,0.1166666666666667,0.28888888888888886,0.7999999999999998
Canada,0.7173913043478262,Female,Low,Vegetarian,0.7749999999999999,Moderate,Bipolar,0.46153846153846156,0.6500000000000001,0.022222222222222227,1.0
USA,0.10869565217391308,Female,Low,Vegan,0.5625,Low,PTSD,0.05128205128205132,0.4333333333333333,0.19999999999999996,0.06666666666666668
Australia,0.9782608695652173,Female,Moderate,Balanced,0.4625,Low,PTSD,0.7435897435897436,0.10000000000000003,0.39999999999999997,0.4333333333333334
India,0.10869565217391308,Male,High,Vegetarian,0.5,High,Bipolar,0.10256410256410264,0.7333333333333334,0.16666666666666669,0.022222222222222227
Canada,0.7173913043478262,Female,Moderate,Junk Food,0.7124999999999999,Low,Anxiety,0.1282051282051282,0.8,0.18888888888888888,0.13333333333333336
Brazil,0.0,Female,High,Junk Food,0.125,Low,Anxiety,0.05128205128205132,0.7333333333333334,0.3888888888888889,0.3222222222222222
Canada,0.19565217391304346,Other,Low,Balanced,0.30000000000000004,High,Anxiety,0.5897435897435896,0.2,0.9666666666666666,0.3888888888888889
Germany,0.4347826086956522,Male,High,Junk Food,0.6875,Moderate,Anxiety,0.0,0.6833333333333333,0.7666666666666666,0.9444444444444444
Australia,0.08695652173913049,Male,Low,Keto,0.7250000000000001,High,Bipolar,0.8974358974358974,0.016666666666666663,0.3222222222222222,0.39999999999999997
Japan,0.02173913043478265,Male,Low,Balanced,0.6125,High,Depression,0.35897435897435903,0.3,0.9555555555555555,0.49999999999999994
USA,0.4565217391304348,Male,Moderate,Junk Food,0.30000000000000004,High,Anxiety,0.9487179487179487,0.4000000000000001,0.6444444444444444,0.24444444444444446
Japan,0.02173913043478265,Female,Low,Vegan,0.6875,Moderate,PTSD,0.4358974358974359,0.8333333333333333,0.45555555555555544,0.0
Australia,0.19565217391304346,Female,Moderate,Junk Food,0.75,Low,PTSD,0.5641025641025641,0.38333333333333325,0.4666666666666666,0.8999999999999999
Australia,0.7173913043478262,Other,High,Keto,0.6375,Low,PTSD,0.7179487179487181,0.016666666666666663,0.41111111111111115,0.07777777777777778
Australia,0.32608695652173914,Other,High,Vegetarian,0.03749999999999998,High,Anxiety,0.5384615384615385,0.3499999999999999,0.23333333333333334,0.9666666666666666
Japan,0.8260869565217392,Male,Low,Vegetarian,0.525,High,Anxiety,0.5897435897435896,0.49999999999999994,0.3888888888888889,0.13333333333333336
Brazil,0.4565217391304348,Other,Moderate,Junk Food,0.6125,Low,Anxiety,0.3076923076923077,0.95,0.5333333333333332,0.6000000000000001
Australia,0.23913043478260876,Other,Low,Vegetarian,0.4,Low,PTSD,0.8205128205128205,0.9333333333333333,0.5333333333333332,1.0
Canada,0.5,Male,Moderate,Junk Food,0.5375,Low,Anxiety,0.5384615384615385,0.1833333333333333,0.7666666666666666,0.13333333333333336
Japan,1.0,Male,Moderate,Keto,0.4,Moderate,PTSD,0.8717948717948718,0.1833333333333333,0.35555555555555557,0.4222222222222222
Australia,0.8478260869565217,Other,Moderate,Vegetarian,0.3375,Moderate,Anxiety,0.41025641025641024,0.16666666666666669,0.7222222222222221,0.7777777777777777
Canada,0.8043478260869565,Female,High,Vegan,0.7875000000000001,High,Anxiety,0.5384615384615385,0.7833333333333334,0.5777777777777777,0.033333333333333326
Brazil,0.19565217391304346,Other,Moderate,Junk Food,0.5375,Moderate,Depression,0.10256410256410264,0.0,0.9666666666666666,0.6888888888888889
Germany,0.7391304347826086,Other,High,Vegetarian,0.2875,High,Anxiety,0.6153846153846154,0.1333333333333333,0.3888888888888889,0.07777777777777778
Brazil,0.673913043478261,Female,Moderate,Keto,0.23750000000000004,Low,Bipolar,0.1282051282051282,0.5333333333333334,0.8999999999999999,0.23333333333333334
Australia,0.13043478260869568,Female,High,Keto,0.3375,Low,Anxiety,0.41025641025641024,0.24999999999999994,0.8222222222222222,0.15555555555555556
Japan,0.4347826086956522,Male,High,Vegan,0.3375,High,Depression,0.7692307692307692,0.10000000000000003,0.6333333333333333,0.911111111111111
India,0.4130434782608696,Male,High,Keto,0.525,Low,Anxiety,0.41025641025641024,0.36666666666666664,0.6555555555555557,0.17777777777777776
Australia,0.5434782608695652,Other,Low,Keto,0.5875,High,Depression,0.8205128205128205,0.26666666666666666,0.08888888888888888,0.044444444444444425
India,0.06521739130434784,Female,Moderate,Vegetarian,0.5875,High,PTSD,0.9743589743589745,0.5166666666666666,0.9555555555555555,0.5888888888888888
Canada,0.9782608695652173,Male,Low,Junk Food,0.36250000000000004,High,Anxiety,0.9230769230769231,0.9833333333333334,0.1111111111111111,0.3444444444444444
Germany,0.4565217391304348,Other,Moderate,Balanced,0.675,Moderate,Bipolar,0.07692307692307698,0.1166666666666667,0.5666666666666667,0.41111111111111115
USA,0.30434782608695654,Female,Moderate,Keto,0.7250000000000001,High,PTSD,0.33333333333333337,0.36666666666666664,0.3333333333333333,0.12222222222222223
Brazil,0.8478260869565217,Other,Low,Keto,0.44999999999999996,High,Depression,0.3076923076923077,0.9333333333333333,0.4333333333333334,0.7444444444444445
Germany,0.4347826086956522,Male,High,Balanced,0.3125,High,Anxiety,0.6666666666666667,0.8833333333333333,0.6111111111111112,0.6000000000000001
Australia,0.30434782608695654,Male,Moderate,Keto,0.525,Moderate,Anxiety,0.5897435897435896,0.4000000000000001,0.911111111111111,0.36666666666666664
India,0.4565217391304348,Female,High,Vegetarian,0.8999999999999999,Low,Bipolar,0.6666666666666667,0.7,0.45555555555555544,0.16666666666666669
Brazil,0.5869565217391305,Other,Low,Vegetarian,0.30000000000000004,Moderate,Anxiety,0.17948717948717952,0.08333333333333331,0.9888888888888889,0.5888888888888888
India,0.28260869565217395,Female,High,Balanced,0.4,High,Bipolar,0.9743589743589745,0.7166666666666666,0.5888888888888888,0.7777777777777777
Japan,0.5652173913043479,Male,Moderate,Keto,0.5125,Moderate,Anxiety,0.5128205128205128,0.9666666666666666,0.15555555555555556,0.31111111111111106
India,0.8695652173913044,Male,Moderate,Keto,0.6,Low,Depression,0.2564102564102564,0.5333333333333334,0.18888888888888888,0.022222222222222227
Japan,0.8478260869565217,Other,Moderate,Junk Food,0.125,Low,Bipolar,0.7692307692307692,0.49999999999999994,0.711111111111111,0.21111111111111108
Canada,0.5869565217391305,Other,Low,Keto,0.75,High,Anxiety,0.6666666666666667,0.1833333333333333,0.05555555555555555,0.6777777777777776
Brazil,0.5434782608695652,Other,Moderate,Vegetarian,0.7375,Low,Bipolar,0.6666666666666667,0.6333333333333333,0.4777777777777777,0.9888888888888889
Brazil,0.02173913043478265,Female,Low,Vegan,0.42500000000000004,Moderate,Anxiety,0.17948717948717952,0.5833333333333333,0.14444444444444443,0.011111111111111127
USA,0.5217391304347826,Other,High,Vegan,1.0,Moderate,Bipolar,0.8205128205128205,0.6500000000000001,0.4333333333333334,0.31111111111111106
Australia,0.043478260869565244,Other,Moderate,Vegan,0.7250000000000001,Low,Anxiety,0.28205128205128205,0.03333333333333338,0.7444444444444445,0.06666666666666668
Japan,0.15217391304347827,Male,Moderate,Vegan,0.7250000000000001,High,Anxiety,0.8717948717948718,0.55,0.45555555555555544,0.31111111111111106
USA,0.9347826086956521,Male,Moderate,Keto,0.7250000000000001,High,Anxiety,0.8461538461538463,0.5999999999999999,0.16666666666666669,0.41111111111111115
India,0.6956521739130435,Other,High,Keto,0.7124999999999999,Moderate,PTSD,0.3846153846153846,0.2,0.25555555555555554,0.9222222222222223
India,0.8913043478260869,Other,Moderate,Junk Food,0.5,Low,Bipolar,0.8974358974358974,0.2,0.36666666666666664,0.07777777777777778
USA,0.7391304347826086,Male,Low,Keto,0.475,Moderate,Depression,0.02564102564102566,0.2833333333333334,0.06666666666666668,0.7777777777777777
Brazil,0.10869565217391308,Other,High,Vegan,0.32499999999999996,Moderate,Anxiety,0.28205128205128205,0.7166666666666666,0.5888888888888888,0.39999999999999997
India,0.8260869565217392,Female,High,Balanced,0.38749999999999996,Moderate,PTSD,0.6666666666666667,0.5999999999999999,0.6111111111111112,0.8111111111111111
Canada,0.4782608695652174,Female,High,Balanced,0.4375,High,Anxiety,0.41025641025641024,0.8499999999999999,0.06666666666666668,0.5111111111111111
Canada,0.5217391304347826,Female,High,Vegetarian,0.5125,Low,PTSD,0.4871794871794872,0.3,0.39999999999999997,0.044444444444444425
USA,0.9130434782608696,Other,High,Vegetarian,0.8,Low,PTSD,0.5128205128205128,0.9166666666666667,0.41111111111111115,0.9444444444444444
Japan,0.3913043478260869,Male,Low,Keto,0.09999999999999998,High,Depression,0.7435897435897436,0.75,0.3333333333333333,0.07777777777777778
Japan,0.08695652173913049,Other,High,Balanced,0.75,Moderate,PTSD,0.4871794871794872,0.4000000000000001,0.5555555555555556,0.6000000000000001
USA,0.21739130434782616,Other,Moderate,Vegan,0.3125,Moderate,Depression,0.17948717948717952,0.10000000000000003,0.3444444444444444,0.8777777777777778
Japan,0.23913043478260876,Male,High,Vegan,0.475,High,Anxiety,0.4358974358974359,0.24999999999999994,0.41111111111111115,0.07777777777777778
Brazil,0.19565217391304346,Male,High,Vegan,0.36250000000000004,Low,Anxiety,0.4358974358974359,0.95,0.7999999999999998,0.5555555555555556
Brazil,0.15217391304347827,Male,High,Keto,0.8500000000000001,High,Depression,0.4358974358974359,0.3166666666666666,0.16666666666666669,0.8222222222222222
Japan,0.5,Female,High,Keto,0.4125,Low,Anxiety,0.02564102564102566,0.3333333333333333,0.6222222222222222,0.9888888888888889
Canada,0.5869565217391305,Other,High,Junk Food,0.6,Low,Bipolar,0.28205128205128205,0.1833333333333333,0.5111111111111111,0.7222222222222221
Japan,0.8695652173913044,Male,Low,Vegan,0.6125,Low,Anxiety,0.7948717948717949,0.8,0.3,0.27777777777777773
Brazil,0.7608695652173914,Other,Low,Vegan,0.2875,Moderate,Bipolar,0.17948717948717952,0.2833333333333334,0.7222222222222221,0.7
Germany,0.7826086956521738,Female,High,Keto,0.48750000000000004,Moderate,Bipolar,0.23076923076923084,0.3333333333333333,0.5555555555555556,0.711111111111111
Australia,0.4347826086956522,Female,Low,Keto,0.7250000000000001,High,PTSD,0.2564102564102564,0.4166666666666667,0.4777777777777777,0.7
India,0.15217391304347827,Male,Moderate,Junk Food,0.3375,High,PTSD,0.33333333333333337,0.4333333333333333,0.6666666666666665,0.8555555555555554
Germany,0.17391304347826086,Male,High,Junk Food,0.65,Moderate,Bipolar,0.641025641025641,0.4166666666666667,0.7999999999999998,0.08888888888888888
Japan,1.0,Other,Moderate,Vegetarian,0.4375,High,PTSD,0.7435897435897436,0.49999999999999994,0.9777777777777779,0.1111111111111111
Canada,0.30434782608695654,Male,Moderate,Balanced,0.7124999999999999,Moderate,Anxiety,0.07692307692307698,0.8166666666666667,0.6333333333333333,0.6444444444444444
USA,0.9782608695652173,Other,High,Vegan,0.825,Moderate,PTSD,0.9743589743589745,0.8166666666666667,0.8777777777777778,0.9555555555555555
Japan,0.8478260869565217,Male,Moderate,Vegan,0.125,Low,Bipolar,0.2564102564102564,0.8,0.0,0.4666666666666666
Canada,0.3695652173913043,Other,Moderate,Junk Food,0.25,Low,PTSD,0.5897435897435896,0.10000000000000003,0.5333333333333332,0.9555555555555555
Australia,0.8913043478260869,Other,Moderate,Junk Food,0.4125,Moderate,PTSD,0.5384615384615385,0.8,0.21111111111111108,0.9333333333333333
Japan,0.4130434782608696,Other,High,Vegetarian,0.7749999999999999,Low,Depression,0.05128205128205132,0.1166666666666667,0.08888888888888888,0.8999999999999999
Brazil,0.10869565217391308,Other,High,Balanced,0.6,Moderate,Depression,0.9230769230769231,0.1166666666666667,0.5333333333333332,0.911111111111111
USA,0.23913043478260876,Female,Moderate,Vegetarian,0.26249999999999996,Low,Bipolar,0.02564102564102566,0.95,0.7444444444444445,0.8999999999999999
Canada,0.02173913043478265,Other,High,Balanced,0.625,High,Anxiety,0.28205128205128205,0.8166666666666667,0.41111111111111115,0.8222222222222222
Canada,0.13043478260869568,Male,High,Vegan,0.32499999999999996,High,Anxiety,0.5128205128205128,0.55,0.6666666666666665,0.7
Canada,0.32608695652173914,Female,Moderate,Vegetarian,0.6625,Moderate,Anxiety,0.10256410256410264,0.8666666666666667,0.4888888888888889,0.022222222222222227
Australia,0.043478260869565244,Female,High,Junk Food,0.6,Moderate,Bipolar,0.15384615384615385,0.9833333333333334,0.4333333333333334,0.13333333333333336
Japan,0.9565217391304348,Other,Low,Vegetarian,0.32499999999999996,Low,Anxiety,0.07692307692307698,0.6166666666666667,0.28888888888888886,0.13333333333333336
Australia,0.043478260869565244,Female,High,Vegetarian,0.48750000000000004,Low,Anxiety,0.8974358974358974,0.6166666666666667,0.3777777777777778,0.022222222222222227
India,0.5652173913043479,Other,Low,Vegan,0.7250000000000001,Moderate,Anxiety,0.5384615384615385,0.75,0.3444444444444444,0.12222222222222223
India,0.9130434782608696,Male,Moderate,Junk Food,0.15000000000000002,High,Depression,0.7179487179487181,0.23333333333333334,0.6444444444444444,0.9222222222222223
Japan,0.8478260869565217,Other,High,Junk Food,0.5625,High,Bipolar,0.20512820512820518,0.16666666666666669,0.1111111111111111,0.6666666666666665
Brazil,0.8043478260869565,Female,Moderate,Keto,0.2875,Moderate,Anxiety,0.641025641025641,0.7666666666666666,0.08888888888888888,0.31111111111111106
Australia,0.6956521739130435,Male,Moderate,Keto,0.5,High,Anxiety,0.28205128205128205,0.3499999999999999,0.6555555555555557,0.7888888888888888
USA,0.5869565217391305,Other,Moderate,Keto,0.5875,Moderate,Bipolar,0.0,0.1333333333333333,0.5444444444444445,0.4888888888888889
Canada,0.0,Male,Moderate,Vegan,0.875,Low,Anxiety,0.17948717948717952,0.3166666666666666,0.4333333333333334,0.14444444444444443
Canada,0.15217391304347827,Male,Moderate,Vegetarian,0.5,High,Depression,0.8205128205128205,0.36666666666666664,0.15555555555555556,0.8888888888888888
Japan,0.7826086956521738,Female,High,Junk Food,0.7749999999999999,High,PTSD,0.07692307692307698,0.9666666666666666,0.41111111111111115,0.3333333333333333
Brazil,0.673913043478261,Male,Low,Junk Food,0.3375,Low,Anxiety,0.33333333333333337,0.7,0.7888888888888888,0.7
India,0.9130434782608696,Female,High,Vegetarian,0.4125,Low,Anxiety,0.7179487179487181,0.5333333333333334,0.8888888888888888,0.28888888888888886
India,0.7826086956521738,Male,High,Junk Food,0.6125,High,Anxiety,0.33333333333333337,0.9666666666666666,0.7,0.49999999999999994
Canada,0.06521739130434784,Other,High,Vegetarian,0.5375,High,PTSD,0.20512820512820518,0.9000000000000001,0.05555555555555555,0.8111111111111111
Japan,0.6304347826086956,Male,High,Vegan,0.4375,Moderate,Anxiety,0.20512820512820518,0.5166666666666666,0.6666666666666665,0.15555555555555556
Australia,0.10869565217391308,Other,Low,Vegan,0.4375,Moderate,PTSD,0.641025641025641,0.9000000000000001,0.24444444444444446,0.9777777777777779
India,0.9782608695652173,Other,High,Vegan,0.75,High,Anxiety,0.41025641025641024,0.4000000000000001,0.31111111111111106,0.06666666666666668
Australia,0.3913043478260869,Male,Moderate,Vegetarian,0.44999999999999996,Moderate,Depression,0.07692307692307698,0.23333333333333334,0.19999999999999996,0.5333333333333332
Brazil,0.673913043478261,Other,High,Vegetarian,0.3125,Low,Anxiety,0.05128205128205132,0.23333333333333334,0.7777777777777777,0.911111111111111
India,0.17391304347826086,Male,High,Balanced,0.3375,Moderate,Depression,0.7179487179487181,0.6666666666666667,0.6444444444444444,0.9444444444444444
India,0.23913043478260876,Male,Low,Junk Food,0.625,Moderate,Bipolar,0.6153846153846154,0.49999999999999994,0.6111111111111112,0.23333333333333334
Germany,0.21739130434782616,Other,Low,Junk Food,0.925,High,Depression,0.5128205128205128,0.6666666666666667,0.6666666666666665,0.14444444444444443
India,0.9782608695652173,Other,Moderate,Balanced,0.4,Moderate,Anxiety,0.28205128205128205,0.6833333333333333,0.23333333333333334,0.7222222222222221
USA,0.32608695652173914,Female,High,Balanced,0.8999999999999999,High,PTSD,0.0,0.016666666666666663,0.4444444444444445,0.044444444444444425
Japan,0.0,Other,High,Vegan,0.5,High,Anxiety,0.0,0.04999999999999999,0.6333333333333333,0.4888888888888889
Japan,0.9565217391304348,Female,High,Balanced,0.44999999999999996,High,Anxiety,0.15384615384615385,0.5333333333333334,0.6333333333333333,0.7999999999999998
Australia,0.4347826086956522,Other,Moderate,Vegetarian,0.32499999999999996,Low,Bipolar,0.23076923076923084,0.1833333333333333,0.7888888888888888,0.5555555555555556
Brazil,0.6304347826086956,Male,Low,Keto,0.4625,Moderate,Anxiety,0.35897435897435903,0.6333333333333333,0.28888888888888886,0.18888888888888888
India,0.26086956521739135,Other,Moderate,Vegetarian,0.36250000000000004,Moderate,Anxiety,1.0,0.55,0.7666666666666666,0.4888888888888889
USA,0.7173913043478262,Male,High,Balanced,0.3375,Moderate,Bipolar,0.2564102564102564,0.5833333333333333,0.4444444444444445,0.9222222222222223
Australia,0.06521739130434784,Male,Low,Junk Food,0.1875,High,PTSD,0.5641025641025641,0.3,0.6666666666666665,0.6222222222222222
Germany,0.5869565217391305,Male,Low,Vegetarian,0.825,Low,Bipolar,0.3076923076923077,0.6333333333333333,0.45555555555555544,0.7222222222222221
Australia,0.8043478260869565,Female,Moderate,Junk Food,0.7,High,Bipolar,0.6666666666666667,0.8333333333333333,0.9444444444444444,0.3333333333333333
Australia,0.6521739130434783,Other,Low,Vegetarian,0.55,Moderate,Depression,0.41025641025641024,1.0,0.17777777777777776,0.18888888888888888
India,0.5652173913043479,Male,Low,Junk Food,0.475,High,Anxiety,0.3076923076923077,0.8333333333333333,0.6777777777777776,0.25555555555555554
Germany,0.08695652173913049,Male,High,Vegetarian,0.5,High,Anxiety,0.28205128205128205,0.55,0.5777777777777777,0.5333333333333332
Australia,0.5217391304347826,Female,High,Junk Food,0.35,Moderate,PTSD,0.7179487179487181,0.2,0.17777777777777776,0.27777777777777773
USA,0.043478260869565244,Other,Low,Keto,0.2875,High,Bipolar,0.5128205128205128,0.6833333333333333,0.06666666666666668,0.5444444444444445
USA,0.6956521739130435,Other,Low,Vegan,0.6375,High,PTSD,0.4871794871794872,0.9333333333333333,0.7999999999999998,0.711111111111111
Japan,0.06521739130434784,Female,Moderate,Vegetarian,0.44999999999999996,Low,PTSD,0.4871794871794872,0.21666666666666662,0.15555555555555556,0.7333333333333332
Germany,0.5217391304347826,Female,Moderate,Keto,0.5625,High,Anxiety,0.7692307692307692,0.24999999999999994,0.18888888888888888,0.16666666666666669
Germany,0.4130434782608696,Other,Low,Vegan,0.1875,Low,Anxiety,0.17948717948717952,0.14999999999999997,0.9777777777777779,0.7555555555555555
Japan,0.7173913043478262,Female,High,Vegetarian,0.4375,Moderate,Anxiety,0.5897435897435896,0.7333333333333334,0.7222222222222221,0.6777777777777776
Australia,0.5434782608695652,Other,Low,Keto,0.2875,Low,Anxiety,0.2564102564102564,0.4000000000000001,0.25555555555555554,0.011111111111111127
Germany,0.08695652173913049,Other,Low,Keto,0.5875,High,Bipolar,0.9743589743589745,0.06666666666666665,0.5888888888888888,0.05555555555555555
USA,0.7391304347826086,Male,High,Keto,0.6875,Moderate,PTSD,0.8205128205128205,0.8666666666666667,0.5333333333333332,0.6444444444444444
USA,0.5869565217391305,Male,High,Balanced,0.7749999999999999,High,Bipolar,0.35897435897435903,0.55,0.8444444444444443,0.3888888888888889
India,0.6086956521739131,Other,Moderate,Junk Food,0.38749999999999996,High,PTSD,0.07692307692307698,0.3333333333333333,0.7333333333333332,0.14444444444444443
Germany,0.17391304347826086,Other,Moderate,Vegan,0.2875,Low,PTSD,0.0,0.3499999999999999,0.8333333333333333,0.044444444444444425
Australia,0.8043478260869565,Other,Moderate,Junk Food,0.42500000000000004,High,PTSD,0.7948717948717949,0.2833333333333334,0.21111111111111108,0.15555555555555556
Japan,0.10869565217391308,Other,Moderate,Junk Food,0.375,Low,PTSD,0.2564102564102564,0.45,0.6444444444444444,0.9555555555555555
Japan,0.3913043478260869,Other,High,Junk Food,0.575,Moderate,Depression,0.7435897435897436,0.3333333333333333,0.044444444444444425,0.7222222222222221
Australia,0.9347826086956521,Other,Low,Keto,0.23750000000000004,Moderate,Depression,0.9230769230769231,0.55,0.06666666666666668,0.5222222222222221
Brazil,0.21739130434782616,Female,Moderate,Junk Food,0.175,High,Anxiety,0.46153846153846156,0.7666666666666666,0.711111111111111,0.9444444444444444
Canada,0.02173913043478265,Other,Moderate,Balanced,0.4375,Low,Anxiety,0.8974358974358974,0.6666666666666667,0.022222222222222227,0.6222222222222222
India,1.0,Female,High,Vegetarian,0.6375,High,PTSD,0.8461538461538463,0.3,0.5777777777777777,0.7222222222222221
Japan,0.9347826086956521,Female,High,Keto,0.3125,High,Bipolar,0.15384615384615385,0.5333333333333334,0.8444444444444443,0.27777777777777773
Germany,0.9347826086956521,Other,Low,Vegan,0.6625,High,Depression,0.4871794871794872,0.8333333333333333,0.3777777777777778,0.5888888888888888
India,0.17391304347826086,Other,Low,Vegetarian,0.5625,High,Anxiety,0.28205128205128205,0.06666666666666665,0.044444444444444425,0.14444444444444443
Germany,0.4347826086956522,Female,High,Vegetarian,0.7875000000000001,Low,Anxiety,0.7948717948717949,0.08333333333333331,0.711111111111111,0.39999999999999997
Brazil,0.5,Female,Moderate,Vegetarian,0.35,High,Anxiety,0.02564102564102566,0.55,0.9333333333333333,0.033333333333333326
USA,0.7173913043478262,Other,Moderate,Junk Food,0.19999999999999996,Moderate,PTSD,0.5384615384615385,0.6333333333333333,0.7222222222222221,0.21111111111111108
India,0.4565217391304348,Other,Moderate,Junk Food,0.6125,Low,Anxiety,1.0,0.21666666666666662,0.5777777777777777,0.07777777777777778
Japan,0.043478260869565244,Female,Low,Keto,0.55,High,PTSD,0.5897435897435896,0.75,0.23333333333333334,0.3888888888888889
India,0.23913043478260876,Female,Moderate,Junk Food,0.5375,Low,Depression,0.7692307692307692,0.6500000000000001,0.011111111111111127,0.8444444444444443
India,0.5869565217391305,Female,Moderate,Junk Food,0.30000000000000004,High,Depression,0.07692307692307698,0.9166666666666667,0.7,0.3777777777777778
India,0.6304347826086956,Male,High,Junk Food,0.65,Moderate,PTSD,0.5897435897435896,0.16666666666666669,0.23333333333333334,0.8333333333333333
Canada,0.5434782608695652,Female,Moderate,Keto,0.375,Moderate,Bipolar,0.41025641025641024,0.75,0.8555555555555554,0.6555555555555557
India,0.4347826086956522,Male,High,Keto,0.5375,Moderate,Depression,1.0,0.08333333333333331,0.4666666666666666,0.5111111111111111
Germany,0.5869565217391305,Other,Moderate,Balanced,0.4125,Low,Bipolar,0.46153846153846156,0.5666666666666667,0.5333333333333332,0.23333333333333334
USA,0.5434782608695652,Other,Low,Balanced,0.5625,Moderate,PTSD,1.0,0.55,0.7555555555555555,0.9222222222222223
Brazil,0.6956521739130435,Female,Moderate,Balanced,0.275,High,PTSD,0.9487179487179487,0.38333333333333325,0.7777777777777777,0.05555555555555555
Australia,0.4347826086956522,Other,Moderate,Balanced,0.5875,High,Depression,0.8461538461538463,0.8499999999999999,0.6444444444444444,0.6888888888888889
India,0.7391304347826086,Other,High,Vegetarian,0.625,High,Bipolar,0.8205128205128205,0.0,0.9333333333333333,0.6222222222222222
Japan,0.7173913043478262,Other,High,Vegetarian,0.525,Low,PTSD,0.1282051282051282,0.5166666666666666,0.9777777777777779,0.4444444444444445
India,0.8695652173913044,Other,High,Balanced,0.8125,Low,Depression,0.8974358974358974,0.21666666666666662,0.9444444444444444,0.24444444444444446
Japan,1.0,Male,Moderate,Balanced,0.5375,Moderate,PTSD,0.3076923076923077,0.75,0.8222222222222222,0.4333333333333334
Germany,0.3695652173913043,Male,Moderate,Vegan,0.675,Low,Anxiety,0.20512820512820518,0.04999999999999999,0.711111111111111,0.8777777777777778
Japan,0.21739130434782616,Female,Low,Vegetarian,0.5125,High,Anxiety,0.8717948717948718,0.8333333333333333,0.6666666666666665,0.8333333333333333
Australia,0.4782608695652174,Female,Moderate,Vegan,0.65,High,Depression,0.8461538461538463,0.8333333333333333,0.09999999999999998,0.9444444444444444
USA,0.4565217391304348,Female,Low,Vegan,0.21250000000000002,High,PTSD,0.3846153846153846,0.8333333333333333,0.26666666666666666,0.31111111111111106
Japan,0.34782608695652173,Other,High,Junk Food,0.5,Low,Depression,0.4358974358974359,0.14999999999999997,0.011111111111111127,0.3888888888888889
Japan,0.08695652173913049,Other,High,Keto,0.2875,High,Anxiety,0.4358974358974359,0.6333333333333333,0.13333333333333336,0.022222222222222227
USA,0.9347826086956521,Male,High,Vegetarian,0.525,Moderate,Depression,0.9487179487179487,0.016666666666666663,0.4444444444444445,0.9444444444444444
Australia,0.21739130434782616,Male,Low,Balanced,0.575,Low,Depression,0.7948717948717949,0.8499999999999999,0.14444444444444443,0.3333333333333333
India,0.6304347826086956,Female,Moderate,Balanced,0.65,High,Anxiety,0.15384615384615385,0.7166666666666666,0.8999999999999999,0.39999999999999997
Japan,0.30434782608695654,Male,High,Keto,0.5875,High,Anxiety,0.5641025641025641,0.5333333333333334,0.8111111111111111,0.911111111111111
USA,0.5652173913043479,Male,Moderate,Vegetarian,0.4375,Low,PTSD,0.5641025641025641,0.7333333333333334,0.06666666666666668,0.5222222222222221
Germany,0.7391304347826086,Male,Moderate,Balanced,0.36250000000000004,Low,Depression,0.4358974358974359,0.10000000000000003,0.24444444444444446,0.5666666666666667
USA,0.6956521739130435,Male,High,Balanced,0.0625,Moderate,Depression,0.15384615384615385,0.5333333333333334,0.8222222222222222,0.17777777777777776
Germany,0.4130434782608696,Male,Low,Junk Food,0.5125,Low,PTSD,1.0,0.2833333333333334,0.7999999999999998,0.49999999999999994
Australia,0.32608695652173914,Female,Moderate,Vegan,0.7124999999999999,High,Bipolar,0.5897435897435896,0.9666666666666666,0.9444444444444444,0.9222222222222223
India,0.7173913043478262,Female,High,Balanced,0.525,Moderate,PTSD,0.33333333333333337,0.8499999999999999,1.0,0.5555555555555556
USA,0.02173913043478265,Male,Moderate,Vegetarian,0.48750000000000004,High,Anxiety,0.10256410256410264,0.7333333333333334,0.9777777777777779,0.25555555555555554
Brazil,0.7391304347826086,Female,Moderate,Keto,0.525,High,Anxiety,0.5384615384615385,0.9333333333333333,0.41111111111111115,0.033333333333333326
Brazil,0.8478260869565217,Other,Moderate,Junk Food,0.42500000000000004,High,Depression,0.5384615384615385,0.3499999999999999,0.25555555555555554,0.3333333333333333
Canada,0.5869565217391305,Male,Moderate,Vegetarian,0.5375,Low,Anxiety,0.23076923076923084,0.9000000000000001,0.7555555555555555,0.5777777777777777
Japan,1.0,Other,Moderate,Junk Food,0.42500000000000004,Low,PTSD,0.641025641025641,0.3333333333333333,0.3,0.044444444444444425
Australia,0.8260869565217392,Female,Low,Vegan,0.3375,High,Depression,0.35897435897435903,0.7333333333333334,0.8111111111111111,0.6111111111111112
USA,0.10869565217391308,Female,Low,Balanced,0.48750000000000004,Low,PTSD,0.9487179487179487,0.7333333333333334,0.5333333333333332,0.5222222222222221
Brazil,0.17391304347826086,Other,High,Vegetarian,0.48750000000000004,High,PTSD,0.0,0.016666666666666663,0.7888888888888888,0.7888888888888888
Japan,0.4130434782608696,Female,Low,Keto,0.8500000000000001,Low,Depression,0.33333333333333337,0.36666666666666664,0.27777777777777773,0.033333333333333326
Brazil,0.0,Male,Low,Vegan,0.35,Low,Bipolar,0.8974358974358974,0.016666666666666663,0.5111111111111111,0.7777777777777777
USA,0.15217391304347827,Other,Low,Vegan,0.475,Low,Anxiety,0.7692307692307692,1.0,0.5666666666666667,0.5222222222222221
Germany,0.4782608695652174,Male,Moderate,Junk Food,0.44999999999999996,Moderate,Anxiety,0.6923076923076923,0.1166666666666667,0.9444444444444444,0.36666666666666664
USA,0.043478260869565244,Other,Moderate,Vegan,0.4125,Low,Anxiety,0.8461538461538463,0.55,0.26666666666666666,0.9666666666666666
Canada,0.06521739130434784,Female,High,Vegetarian,0.6,Moderate,Anxiety,0.8717948717948718,0.7833333333333334,0.9333333333333333,0.15555555555555556
USA,0.5217391304347826,Other,High,Junk Food,0.925,Moderate,Anxiety,0.9743589743589745,0.2,0.7999999999999998,0.5444444444444445
USA,1.0,Other,High,Vegan,0.4375,Moderate,Bipolar,0.5641025641025641,0.48333333333333334,0.7333333333333332,0.3222222222222222
Canada,0.8043478260869565,Male,Moderate,Keto,0.6,High,PTSD,0.46153846153846156,0.5999999999999999,0.7888888888888888,0.5222222222222221
Australia,0.30434782608695654,Female,Low,Vegetarian,0.1375,Low,Depression,0.4358974358974359,0.16666666666666669,0.6000000000000001,0.5555555555555556
USA,0.4347826086956522,Male,Low,Keto,0.42500000000000004,High,Bipolar,0.35897435897435903,0.7833333333333334,0.24444444444444446,0.08888888888888888
Canada,0.7391304347826086,Female,Moderate,Keto,0.7875000000000001,Moderate,Anxiety,0.0,0.3,0.18888888888888888,0.6666666666666665
Japan,0.9782608695652173,Male,High,Junk Food,0.48750000000000004,Low,Anxiety,0.6153846153846154,0.21666666666666662,0.8666666666666667,0.6333333333333333
Germany,0.28260869565217395,Other,High,Balanced,0.6,High,Anxiety,0.641025641025641,0.55,0.7222222222222221,0.7666666666666666
Germany,0.7608695652173914,Male,High,Junk Food,0.38749999999999996,Moderate,Depression,0.8717948717948718,0.4166666666666667,0.21111111111111108,0.08888888888888888
USA,0.23913043478260876,Female,Moderate,Vegetarian,0.55,High,PTSD,0.35897435897435903,0.9166666666666667,0.6111111111111112,0.3
Australia,0.34782608695652173,Female,High,Vegetarian,0.8,High,Bipolar,0.07692307692307698,0.8833333333333333,0.4444444444444445,0.6555555555555557
Australia,0.8260869565217392,Other,High,Junk Food,0.2875,Low,Bipolar,0.35897435897435903,0.48333333333333334,0.15555555555555556,0.13333333333333336
Japan,0.17391304347826086,Female,Moderate,Balanced,0.9125000000000001,Low,Bipolar,0.9487179487179487,0.36666666666666664,0.5333333333333332,0.6777777777777776
USA,0.7391304347826086,Male,Low,Junk Food,0.21250000000000002,High,PTSD,0.9743589743589745,0.3333333333333333,0.27777777777777773,0.05555555555555555
Germany,0.26086956521739135,Other,Moderate,Vegetarian,0.4125,Low,PTSD,0.0,0.26666666666666666,0.09999999999999998,0.3333333333333333
Australia,0.30434782608695654,Female,Moderate,Balanced,0.3375,Low,PTSD,0.5384615384615385,0.55,0.4666666666666666,0.8444444444444443
USA,0.3695652173913043,Female,Moderate,Vegetarian,0.44999999999999996,High,Depression,0.2564102564102564,0.8,0.5888888888888888,0.7777777777777777
Brazil,0.6956521739130435,Male,Moderate,Balanced,0.3375,Low,Anxiety,0.9487179487179487,0.3166666666666666,0.044444444444444425,0.6444444444444444
Australia,0.10869565217391308,Male,Low,Balanced,0.32499999999999996,Low,Anxiety,0.9230769230769231,0.1833333333333333,0.39999999999999997,0.8666666666666667
Canada,0.5652173913043479,Other,High,Junk Food,0.275,Moderate,PTSD,0.641025641025641,0.48333333333333334,0.25555555555555554,0.711111111111111
Brazil,0.4782608695652174,Female,Moderate,Junk Food,0.625,Low,Anxiety,0.6666666666666667,0.06666666666666665,0.033333333333333326,0.5222222222222221
Australia,0.5652173913043479,Male,Low,Junk Food,0.44999999999999996,Moderate,PTSD,0.3076923076923077,0.7,0.12222222222222223,0.9777777777777779
Germany,0.7173913043478262,Other,High,Balanced,0.4125,High,Anxiety,0.15384615384615385,0.5166666666666666,0.14444444444444443,0.7
India,0.9782608695652173,Female,High,Balanced,0.55,Moderate,PTSD,0.17948717948717952,0.49999999999999994,0.17777777777777776,0.6000000000000001
Brazil,0.8043478260869565,Female,High,Vegetarian,0.22499999999999998,High,Anxiety,0.5641025641025641,0.3,0.7999999999999998,0.41111111111111115
Japan,0.28260869565217395,Other,Moderate,Keto,0.5625,Low,Depression,0.641025641025641,0.9000000000000001,0.4444444444444445,0.8999999999999999
Japan,0.7608695652173914,Other,Moderate,Junk Food,0.48750000000000004,Low,Anxiety,0.6666666666666667,0.08333333333333331,0.14444444444444443,0.3
Germany,0.15217391304347827,Male,High,Vegetarian,0.48750000000000004,Moderate,Anxiety,0.20512820512820518,0.8666666666666667,0.09999999999999998,0.011111111111111127
Australia,0.7391304347826086,Female,High,Vegetarian,0.6,High,Bipolar,0.9487179487179487,0.38333333333333325,0.3,0.19999999999999996
USA,0.3913043478260869,Female,High,Vegan,0.8125,Low,Bipolar,0.3076923076923077,0.8833333333333333,0.7999999999999998,0.1111111111111111
Australia,0.6304347826086956,Female,High,Junk Food,0.5625,Moderate,Bipolar,0.15384615384615385,0.7333333333333334,0.36666666666666664,0.3222222222222222
Germany,0.28260869565217395,Other,High,Vegetarian,0.4625,Moderate,Depression,0.2564102564102564,0.10000000000000003,0.15555555555555556,0.8222222222222222
Japan,0.4130434782608696,Male,High,Vegan,0.275,Moderate,PTSD,0.23076923076923084,0.8333333333333333,0.39999999999999997,0.6555555555555557
Australia,0.5217391304347826,Female,Low,Junk Food,0.04999999999999999,Low,PTSD,0.8205128205128205,0.6833333333333333,0.5555555555555556,0.16666666666666669
Japan,0.8478260869565217,Other,High,Balanced,0.525,High,PTSD,0.9743589743589745,0.03333333333333338,0.033333333333333326,0.7888888888888888
Brazil,0.5,Female,Moderate,Vegan,0.26249999999999996,Low,Depression,0.05128205128205132,0.1333333333333333,0.6222222222222222,0.49999999999999994
USA,0.28260869565217395,Male,Moderate,Balanced,0.025000000000000022,Low,Bipolar,0.7179487179487181,0.6333333333333333,0.39999999999999997,0.5111111111111111
Brazil,0.5434782608695652,Female,Moderate,Keto,0.4375,High,PTSD,0.9230769230769231,0.6666666666666667,0.011111111111111127,0.36666666666666664
Japan,0.8043478260869565,Male,High,Keto,0.55,Moderate,Depression,0.3846153846153846,0.75,0.6777777777777776,0.8666666666666667
Japan,0.4782608695652174,Male,Moderate,Keto,0.6375,Low,Depression,0.3846153846153846,0.7166666666666666,0.711111111111111,0.3222222222222222
India,0.4565217391304348,Female,Low,Keto,0.7,Moderate,Anxiety,0.15384615384615385,0.6666666666666667,0.6333333333333333,0.08888888888888888
India,0.3913043478260869,Female,High,Vegetarian,0.6625,Moderate,PTSD,0.35897435897435903,0.7666666666666666,0.3444444444444444,0.3
Brazil,0.9782608695652173,Male,Moderate,Keto,0.675,High,Bipolar,0.9487179487179487,0.5833333333333333,0.5333333333333332,0.711111111111111
Canada,0.043478260869565244,Other,Low,Vegetarian,0.22499999999999998,High,Anxiety,0.1282051282051282,0.26666666666666666,0.3888888888888889,0.6555555555555557
Brazil,0.8913043478260869,Male,Low,Vegetarian,0.475,High,Depression,0.4358974358974359,0.9166666666666667,0.7,0.18888888888888888
India,0.3913043478260869,Female,Moderate,Junk Food,0.6125,Moderate,Anxiety,0.46153846153846156,0.016666666666666663,0.5888888888888888,0.1111111111111111
Japan,0.17391304347826086,Female,Low,Vegetarian,0.5125,Moderate,Anxiety,0.02564102564102566,0.36666666666666664,0.07777777777777778,0.6555555555555557
Germany,0.5869565217391305,Other,Moderate,Vegetarian,0.475,Low,Depression,0.05128205128205132,0.7333333333333334,0.6444444444444444,0.6777777777777776
Brazil,0.4130434782608696,Male,Low,Keto,0.5,Moderate,Anxiety,0.6153846153846154,0.4333333333333333,0.6888888888888889,0.36666666666666664
Japan,0.9565217391304348,Male,High,Vegetarian,0.55,High,PTSD,0.8974358974358974,0.016666666666666663,0.36666666666666664,0.8444444444444443
Germany,0.13043478260869568,Male,High,Balanced,0.48750000000000004,High,Anxiety,0.6923076923076923,0.06666666666666665,0.8777777777777778,0.9777777777777779
Germany,0.28260869565217395,Female,High,Keto,0.3375,High,Depression,0.9487179487179487,0.6500000000000001,0.8444444444444443,0.21111111111111108
India,0.17391304347826086,Male,High,Vegan,0.175,High,PTSD,0.6923076923076923,0.9666666666666666,0.17777777777777776,0.5777777777777777
Brazil,0.3913043478260869,Other,High,Keto,0.4625,Moderate,Bipolar,0.7948717948717949,0.55,0.8999999999999999,0.0
Australia,1.0,Female,Moderate,Vegetarian,0.5125,High,Anxiety,0.8974358974358974,0.49999999999999994,0.4444444444444445,0.711111111111111
USA,0.28260869565217395,Female,High,Balanced,0.5125,Low,Anxiety,0.9743589743589745,0.3166666666666666,0.7222222222222221,0.41111111111111115
India,0.8043478260869565,Male,High,Keto,0.675,Moderate,PTSD,0.8974358974358974,0.24999999999999994,0.8111111111111111,0.18888888888888888
India,0.7608695652173914,Other,High,Balanced,0.7124999999999999,High,PTSD,0.5641025641025641,0.016666666666666663,0.49999999999999994,0.7555555555555555
Australia,0.8478260869565217,Female,High,Vegan,0.475,Low,Bipolar,0.02564102564102566,0.26666666666666666,0.39999999999999997,0.8111111111111111
USA,0.34782608695652173,Female,Low,Vegan,0.48750000000000004,High,Anxiety,0.23076923076923084,0.45,0.911111111111111,0.1111111111111111
Japan,0.6304347826086956,Male,High,Junk Food,0.6125,Moderate,Anxiety,0.1282051282051282,0.2,0.23333333333333334,0.044444444444444425
Canada,0.17391304347826086,Male,High,Junk Food,0.575,Moderate,Bipolar,0.17948717948717952,0.08333333333333331,0.25555555555555554,0.3333333333333333
Brazil,0.6956521739130435,Other,Moderate,Keto,0.4125,Low,Anxiety,0.35897435897435903,0.7166666666666666,0.36666666666666664,0.6222222222222222
Canada,0.5217391304347826,Male,Low,Junk Food,0.625,Moderate,Anxiety,0.7179487179487181,0.9000000000000001,0.8555555555555554,0.7888888888888888
Japan,0.28260869565217395,Other,Moderate,Balanced,0.475,Low,Anxiety,0.6923076923076923,0.9333333333333333,0.9333333333333333,0.5444444444444445
India,0.21739130434782616,Female,High,Junk Food,0.475,High,Depression,0.5384615384615385,0.6166666666666667,0.2222222222222222,0.5777777777777777
USA,0.7391304347826086,Other,Moderate,Balanced,0.5875,Moderate,Anxiety,0.8461538461538463,0.04999999999999999,0.8666666666666667,0.7999999999999998
India,0.8695652173913044,Other,Moderate,Junk Food,0.4375,High,Anxiety,0.4871794871794872,0.7333333333333334,0.25555555555555554,0.5333333333333332
Germany,0.28260869565217395,Other,High,Junk Food,0.5125,High,Bipolar,0.8205128205128205,0.1166666666666667,0.9666666666666666,0.6111111111111112
India,0.6304347826086956,Female,Low,Junk Food,0.55,Moderate,Bipolar,0.35897435897435903,0.6666666666666667,0.6000000000000001,0.5111111111111111
India,0.8695652173913044,Male,Low,Vegetarian,0.65,High,Depression,0.15384615384615385,0.7833333333333334,0.011111111111111127,0.8777777777777778
Japan,0.06521739130434784,Female,Moderate,Vegetarian,0.6375,Low,Anxiety,0.5897435897435896,0.7333333333333334,0.033333333333333326,0.23333333333333334
Japan,0.06521739130434784,Male,High,Junk Food,0.55,Low,Anxiety,0.641025641025641,0.95,0.14444444444444443,0.26666666666666666
Japan,0.5869565217391305,Other,Moderate,Balanced,0.012500000000000011,Low,Depression,0.23076923076923084,0.7333333333333334,0.18888888888888888,0.13333333333333336
Canada,0.15217391304347827,Other,Moderate,Keto,0.55,Moderate,PTSD,0.35897435897435903,0.7,0.7666666666666666,0.8222222222222222
Germany,0.02173913043478265,Other,Moderate,Vegan,0.575,High,Anxiety,0.9230769230769231,0.26666666666666666,0.2222222222222222,0.41111111111111115
Japan,0.8695652173913044,Other,High,Vegetarian,0.6125,High,Depression,0.5897435897435896,0.9166666666666667,0.9666666666666666,0.3444444444444444
USA,0.9782608695652173,Other,High,Junk Food,0.32499999999999996,High,Bipolar,0.2564102564102564,0.1833333333333333,0.6333333333333333,0.9777777777777779
Canada,0.4565217391304348,Male,Low,Vegan,0.09999999999999998,High,Depression,1.0,0.9000000000000001,0.6888888888888889,0.9222222222222223
Australia,0.8695652173913044,Male,High,Vegetarian,0.65,Low,PTSD,0.5128205128205128,0.3166666666666666,0.2222222222222222,0.9666666666666666
USA,0.32608695652173914,Other,Moderate,Keto,0.275,Moderate,Anxiety,1.0,0.1333333333333333,0.8888888888888888,0.14444444444444443
Brazil,0.6086956521739131,Female,Moderate,Balanced,0.7250000000000001,Low,Depression,0.9487179487179487,0.8333333333333333,0.6666666666666665,0.8888888888888888
Brazil,0.6304347826086956,Female,Low,Junk Food,0.38749999999999996,Low,Anxiety,0.35897435897435903,0.0,0.8666666666666667,0.3333333333333333
USA,0.23913043478260876,Other,High,Keto,0.3125,Moderate,Anxiety,0.35897435897435903,0.8333333333333333,0.9555555555555555,0.011111111111111127
Japan,0.7391304347826086,Male,Moderate,Vegetarian,0.5625,Moderate,Depression,0.9230769230769231,0.26666666666666666,0.12222222222222223,0.3888888888888889
Australia,0.21739130434782616,Female,Low,Junk Food,0.6125,Low,Depression,0.33333333333333337,0.8833333333333333,0.09999999999999998,0.5111111111111111
Australia,0.9782608695652173,Female,Low,Vegan,0.6,High,Anxiety,0.5128205128205128,0.6833333333333333,0.7999999999999998,0.1111111111111111
Canada,0.4347826086956522,Female,Moderate,Balanced,0.6,Moderate,Bipolar,0.4871794871794872,0.6666666666666667,0.8666666666666667,0.5333333333333332
Australia,0.4347826086956522,Other,Moderate,Vegetarian,0.36250000000000004,Moderate,Anxiety,0.8205128205128205,0.36666666666666664,0.5888888888888888,0.8222222222222222
Brazil,0.08695652173913049,Female,High,Balanced,0.21250000000000002,Low,Anxiety,0.05128205128205132,0.06666666666666665,0.36666666666666664,0.3777777777777778
Germany,0.4130434782608696,Female,Low,Junk Food,0.42500000000000004,High,Anxiety,1.0,0.8333333333333333,0.6555555555555557,0.35555555555555557
Japan,0.7826086956521738,Female,Moderate,Keto,0.2875,Moderate,Anxiety,0.5641025641025641,0.16666666666666669,0.31111111111111106,0.3333333333333333
Australia,0.043478260869565244,Female,Low,Balanced,0.575,Low,Anxiety,0.5641025641025641,0.36666666666666664,0.23333333333333334,0.9222222222222223
Canada,0.9347826086956521,Male,High,Vegan,0.6625,Moderate,Depression,0.6666666666666667,0.5999999999999999,0.4888888888888889,0.044444444444444425
Brazil,0.6956521739130435,Other,Moderate,Vegetarian,0.5375,High,Bipolar,0.8717948717948718,0.48333333333333334,0.21111111111111108,0.4444444444444445
Germany,0.17391304347826086,Other,High,Vegan,0.5,Low,Anxiety,0.6153846153846154,0.2,0.4888888888888889,0.26666666666666666
India,0.17391304347826086,Male,Low,Balanced,0.4375,Low,Anxiety,0.7948717948717949,0.1333333333333333,0.9555555555555555,0.8888888888888888
India,0.06521739130434784,Male,High,Keto,0.6875,High,Depression,0.5384615384615385,0.1166666666666667,0.8444444444444443,0.09999999999999998
Germany,0.7391304347826086,Other,High,Keto,0.16249999999999998,Low,Anxiety,0.17948717948717952,0.8666666666666667,0.9444444444444444,0.41111111111111115
Brazil,0.34782608695652173,Female,Low,Vegan,0.275,High,Bipolar,0.9487179487179487,0.03333333333333338,0.8111111111111111,0.41111111111111115
Canada,0.7173913043478262,Female,High,Junk Food,0.8374999999999999,Low,Anxiety,0.4358974358974359,0.9833333333333334,0.35555555555555557,0.8888888888888888
Germany,0.5,Other,Low,Junk Food,0.26249999999999996,High,Anxiety,0.6923076923076923,0.2,0.8111111111111111,0.21111111111111108
Japan,0.673913043478261,Female,Moderate,Keto,0.6,Moderate,Anxiety,0.6923076923076923,0.1166666666666667,0.9222222222222223,0.6444444444444444
Japan,0.0,Male,Low,Vegan,0.6375,Moderate,Depression,0.2564102564102564,0.5833333333333333,0.9444444444444444,0.13333333333333336
India,0.15217391304347827,Female,Low,Vegan,0.1375,Moderate,PTSD,0.28205128205128205,0.08333333333333331,0.6777777777777776,0.9555555555555555
Australia,0.9565217391304348,Female,Moderate,Vegan,0.175,Low,Depression,0.02564102564102566,0.5999999999999999,0.21111111111111108,0.5888888888888888
Canada,0.4782608695652174,Female,Low,Balanced,0.7375,High,Anxiety,0.9230769230769231,0.8499999999999999,0.044444444444444425,0.6222222222222222
India,1.0,Other,Moderate,Junk Food,0.3125,High,Anxiety,0.07692307692307698,0.04999999999999999,0.14444444444444443,0.4333333333333334
Australia,0.8478260869565217,Male,Moderate,Junk Food,0.32499999999999996,Moderate,Bipolar,0.8461538461538463,0.8,0.9666666666666666,0.3444444444444444
Australia,0.23913043478260876,Female,Low,Balanced,0.4,Moderate,Depression,0.5641025641025641,0.4000000000000001,0.4666666666666666,0.21111111111111108
Japan,0.23913043478260876,Other,High,Vegetarian,0.3125,Moderate,PTSD,0.3076923076923077,0.16666666666666669,0.8555555555555554,0.6000000000000001
Brazil,0.9782608695652173,Female,High,Balanced,0.6,High,Bipolar,0.15384615384615385,0.1833333333333333,0.4666666666666666,0.9555555555555555
USA,1.0,Male,Moderate,Vegan,0.275,Moderate,PTSD,0.7948717948717949,0.9166666666666667,0.6555555555555557,0.35555555555555557
Brazil,0.30434782608695654,Female,High,Balanced,0.1375,Low,Bipolar,0.5641025641025641,0.1166666666666667,0.022222222222222227,0.8777777777777778
USA,0.8695652173913044,Male,High,Vegan,0.7124999999999999,Moderate,Depression,0.17948717948717952,0.8666666666666667,0.24444444444444446,0.14444444444444443
Germany,0.3913043478260869,Female,Low,Keto,0.2875,Moderate,Anxiety,0.9230769230769231,0.55,0.4333333333333334,0.9333333333333333
Japan,0.5434782608695652,Male,Moderate,Vegan,0.36250000000000004,High,PTSD,0.8461538461538463,0.03333333333333338,0.6333333333333333,0.35555555555555557
Australia,0.6086956521739131,Female,Moderate,Junk Food,0.65,Low,Depression,0.7179487179487181,0.4666666666666666,0.16666666666666669,0.3777777777777778
Canada,0.4565217391304348,Male,Low,Balanced,0.5125,High,PTSD,0.9230769230769231,0.8166666666666667,0.7666666666666666,0.4666666666666666
USA,0.8478260869565217,Female,High,Vegan,0.7124999999999999,Low,Depression,0.5641025641025641,0.7333333333333334,0.36666666666666664,0.7222222222222221
Brazil,0.4347826086956522,Female,Moderate,Vegetarian,0.6625,Low,Bipolar,0.9487179487179487,0.48333333333333334,0.8222222222222222,0.7222222222222221
Australia,0.8043478260869565,Other,High,Keto,0.4125,Moderate,Depression,0.7179487179487181,0.8666666666666667,0.09999999999999998,0.4777777777777777
USA,0.4130434782608696,Other,Moderate,Vegetarian,0.6875,Moderate,Bipolar,0.10256410256410264,0.1166666666666667,0.6777777777777776,0.5222222222222221
USA,0.6086956521739131,Male,Moderate,Vegetarian,0.5375,High,Anxiety,1.0,0.9166666666666667,0.28888888888888886,0.033333333333333326
USA,0.06521739130434784,Female,Moderate,Vegetarian,0.38749999999999996,High,Bipolar,0.2564102564102564,0.8499999999999999,0.7999999999999998,0.3
Canada,0.13043478260869568,Male,Moderate,Keto,0.55,High,Anxiety,0.33333333333333337,0.7,0.39999999999999997,0.3444444444444444
Japan,0.5869565217391305,Other,High,Keto,0.25,Low,Anxiety,0.02564102564102566,0.8166666666666667,0.6666666666666665,0.5555555555555556
Canada,0.5869565217391305,Male,High,Keto,0.6625,High,Depression,0.8717948717948718,0.55,0.9333333333333333,0.5555555555555556
India,0.06521739130434784,Male,High,Keto,0.6375,Low,Depression,0.8717948717948718,0.6833333333333333,0.022222222222222227,0.711111111111111
Australia,0.4565217391304348,Other,High,Vegetarian,0.525,Low,Anxiety,0.6923076923076923,0.5666666666666667,0.011111111111111127,0.7222222222222221
Japan,0.23913043478260876,Female,Low,Junk Food,0.1375,Low,Depression,0.17948717948717952,0.3499999999999999,0.7666666666666666,0.23333333333333334
Japan,0.9565217391304348,Male,Moderate,Junk Food,0.7124999999999999,Low,Anxiety,0.7948717948717949,0.5666666666666667,0.6444444444444444,0.7666666666666666
Japan,0.043478260869565244,Other,Moderate,Keto,0.5875,Low,Anxiety,0.07692307692307698,0.24999999999999994,0.28888888888888886,0.022222222222222227
Brazil,0.4565217391304348,Female,Moderate,Balanced,0.5,Moderate,Bipolar,0.15384615384615385,0.4333333333333333,0.4888888888888889,0.711111111111111
Japan,0.9347826086956521,Other,Low,Vegan,0.4625,Low,PTSD,0.9743589743589745,0.2833333333333334,0.044444444444444425,0.09999999999999998
Canada,0.02173913043478265,Male,High,Balanced,0.4,Low,Depression,0.6666666666666667,0.1166666666666667,0.18888888888888888,0.7333333333333332
Japan,0.5,Female,Moderate,Balanced,0.4375,Moderate,Anxiety,0.9230769230769231,0.3166666666666666,0.4222222222222222,0.5222222222222221
Germany,0.7173913043478262,Female,High,Balanced,0.65,Moderate,Anxiety,0.41025641025641024,0.8499999999999999,0.8333333333333333,0.4333333333333334
Australia,0.5652173913043479,Other,High,Junk Food,0.4,Moderate,Anxiety,0.23076923076923084,0.38333333333333325,0.4777777777777777,0.6888888888888889
Japan,0.8695652173913044,Other,Low,Vegan,0.44999999999999996,High,Anxiety,0.07692307692307698,0.75,0.5888888888888888,0.033333333333333326
Australia,0.0,Other,Low,Balanced,0.475,High,PTSD,0.5641025641025641,0.1833333333333333,0.8777777777777778,0.2222222222222222
Germany,0.15217391304347827,Female,High,Keto,0.475,Low,PTSD,0.33333333333333337,0.4166666666666667,0.31111111111111106,0.6111111111111112
Germany,0.4782608695652174,Female,Moderate,Junk Food,0.38749999999999996,Low,Depression,0.10256410256410264,0.1166666666666667,0.7,0.8444444444444443
Australia,0.8043478260869565,Male,Moderate,Keto,0.4625,Low,Anxiety,0.02564102564102566,0.1333333333333333,0.8666666666666667,0.3777777777777778
USA,0.10869565217391308,Female,Low,Keto,0.5625,Low,PTSD,0.5897435897435896,0.6166666666666667,0.19999999999999996,0.25555555555555554
India,0.4565217391304348,Male,Low,Balanced,0.32499999999999996,Moderate,Bipolar,0.4358974358974359,0.5999999999999999,0.35555555555555557,0.5222222222222221
Brazil,0.5217391304347826,Other,Low,Keto,0.475,High,PTSD,0.6666666666666667,0.21666666666666662,0.9777777777777779,0.6222222222222222
USA,0.3695652173913043,Other,Low,Vegan,0.8625,Moderate,Anxiety,0.5897435897435896,0.4666666666666666,0.9777777777777779,0.4222222222222222
USA,0.34782608695652173,Female,Low,Keto,0.48750000000000004,High,Anxiety,0.7179487179487181,0.8666666666666667,0.2222222222222222,0.8777777777777778
Canada,0.23913043478260876,Other,Low,Balanced,0.32499999999999996,Moderate,Depression,0.2564102564102564,0.16666666666666669,0.06666666666666668,0.5222222222222221
Brazil,0.10869565217391308,Other,Low,Keto,0.30000000000000004,Low,PTSD,0.4358974358974359,0.016666666666666663,0.26666666666666666,0.033333333333333326
Brazil,0.5434782608695652,Female,Moderate,Junk Food,0.26249999999999996,High,Anxiety,0.07692307692307698,0.6500000000000001,0.39999999999999997,0.2222222222222222
USA,0.5652173913043479,Male,Low,Junk Food,0.8,Low,Bipolar,0.8205128205128205,0.04999999999999999,0.4444444444444445,0.45555555555555544
Japan,0.15217391304347827,Female,Low,Junk Food,0.6875,High,Bipolar,0.33333333333333337,0.9833333333333334,0.6222222222222222,0.7
Canada,0.3913043478260869,Male,Moderate,Vegetarian,0.26249999999999996,High,Depression,0.7948717948717949,0.6166666666666667,0.8999999999999999,0.2222222222222222
Canada,0.8913043478260869,Female,Moderate,Junk Food,0.5375,Low,Depression,0.07692307692307698,0.4666666666666666,0.3333333333333333,0.9777777777777779
Germany,0.0,Female,High,Junk Food,0.7250000000000001,Low,PTSD,0.4871794871794872,0.4333333333333333,0.8444444444444443,0.3222222222222222
Brazil,0.6086956521739131,Other,Low,Vegetarian,0.48750000000000004,Low,Depression,0.5128205128205128,0.5666666666666667,0.08888888888888888,0.5333333333333332
USA,0.9565217391304348,Female,Low,Junk Food,0.4125,Moderate,Anxiety,0.05128205128205132,0.08333333333333331,0.044444444444444425,0.022222222222222227
Germany,0.7391304347826086,Female,Low,Balanced,0.925,High,Anxiety,0.6153846153846154,0.9333333333333333,0.49999999999999994,0.8888888888888888
Australia,0.8478260869565217,Male,Low,Junk Food,0.1375,High,Anxiety,0.07692307692307698,0.6333333333333333,0.05555555555555555,0.7888888888888888
India,0.28260869565217395,Other,High,Junk Food,0.9875,High,PTSD,0.2564102564102564,0.1833333333333333,0.3888888888888889,0.19999999999999996
Canada,0.7391304347826086,Male,Moderate,Vegetarian,0.5125,Low,PTSD,0.3846153846153846,0.5666666666666667,0.8999999999999999,0.9333333333333333
Australia,0.9565217391304348,Male,Moderate,Balanced,0.7375,High,Depression,0.8974358974358974,0.1333333333333333,0.24444444444444446,0.31111111111111106
Australia,0.4130434782608696,Other,Low,Keto,0.275,High,PTSD,0.1282051282051282,0.016666666666666663,0.711111111111111,0.6888888888888889
Japan,0.26086956521739135,Other,Low,Vegan,0.36250000000000004,Low,Anxiety,0.7692307692307692,0.6333333333333333,0.3,0.8222222222222222
India,0.8043478260869565,Other,Low,Balanced,0.30000000000000004,Low,Anxiety,1.0,0.6500000000000001,0.044444444444444425,0.7444444444444445
Australia,0.9782608695652173,Female,High,Keto,0.475,High,Anxiety,0.3076923076923077,0.5833333333333333,0.5555555555555556,0.9222222222222223
Australia,0.15217391304347827,Other,High,Balanced,0.5625,Moderate,Anxiety,0.5641025641025641,0.1833333333333333,0.8333333333333333,0.8666666666666667
India,0.9130434782608696,Other,Moderate,Keto,0.7,Low,Depression,0.07692307692307698,0.5999999999999999,0.41111111111111115,1.0
India,0.4130434782608696,Other,Low,Keto,0.175,Moderate,Bipolar,0.9230769230769231,0.04999999999999999,0.6222222222222222,0.17777777777777776
Australia,0.6956521739130435,Male,Low,Balanced,0.525,Moderate,PTSD,0.9230769230769231,0.6166666666666667,0.8999999999999999,0.3
India,0.5434782608695652,Male,Low,Vegetarian,0.6625,Moderate,PTSD,0.8205128205128205,0.55,0.7888888888888888,0.6333333333333333
Australia,0.8260869565217392,Female,Low,Balanced,0.7,Moderate,Anxiety,0.7179487179487181,0.6500000000000001,0.18888888888888888,0.7333333333333332
Australia,0.4347826086956522,Male,High,Balanced,0.4125,Low,Anxiety,0.9230769230769231,0.9000000000000001,0.7333333333333332,0.5333333333333332
Japan,0.8913043478260869,Female,Moderate,Keto,0.42500000000000004,High,Anxiety,0.46153846153846156,0.8499999999999999,0.49999999999999994,0.07777777777777778
USA,0.9130434782608696,Male,Moderate,Vegan,0.48750000000000004,High,PTSD,0.4871794871794872,0.9833333333333334,0.7444444444444445,0.8444444444444443
Australia,0.8695652173913044,Other,High,Keto,0.5375,Low,Depression,0.7948717948717949,0.9833333333333334,0.49999999999999994,0.9555555555555555
Germany,0.17391304347826086,Male,Low,Junk Food,0.75,Low,Anxiety,0.3846153846153846,0.7666666666666666,0.13333333333333336,0.39999999999999997
Canada,0.5,Female,Moderate,Balanced,0.275,Moderate,PTSD,0.10256410256410264,0.95,0.5666666666666667,0.2222222222222222
Brazil,0.7826086956521738,Male,Moderate,Balanced,0.35,Moderate,Bipolar,0.28205128205128205,0.8666666666666667,0.4888888888888889,0.022222222222222227
USA,0.8695652173913044,Other,High,Vegetarian,0.25,Low,Anxiety,0.5128205128205128,0.7333333333333334,0.5222222222222221,0.23333333333333334
USA,0.34782608695652173,Female,Low,Keto,0.575,High,Anxiety,0.33333333333333337,0.08333333333333331,0.8777777777777778,0.7
USA,0.5,Other,Moderate,Vegetarian,0.7124999999999999,Moderate,Anxiety,0.9230769230769231,0.04999999999999999,0.8999999999999999,0.911111111111111
Japan,0.4347826086956522,Other,Low,Balanced,0.23750000000000004,Low,Depression,0.5384615384615385,0.8333333333333333,0.45555555555555544,0.08888888888888888
Australia,0.8260869565217392,Female,Moderate,Keto,0.5125,Low,Anxiety,0.7435897435897436,0.48333333333333334,0.45555555555555544,0.5555555555555556
Japan,0.8695652173913044,Other,High,Keto,0.6875,Low,PTSD,0.5641025641025641,0.8166666666666667,0.5111111111111111,0.7
Australia,0.8260869565217392,Other,Low,Junk Food,0.65,Moderate,PTSD,0.10256410256410264,0.3166666666666666,0.5222222222222221,0.27777777777777773
Japan,0.26086956521739135,Male,High,Junk Food,0.65,Low,PTSD,0.7179487179487181,0.4000000000000001,0.9555555555555555,0.5666666666666667
Japan,0.21739130434782616,Other,Moderate,Vegan,0.275,High,Bipolar,0.7435897435897436,0.7,0.6444444444444444,0.711111111111111
Canada,0.9782608695652173,Other,High,Junk Food,0.65,Low,Bipolar,0.4358974358974359,0.9166666666666667,0.27777777777777773,0.8333333333333333
Germany,0.3913043478260869,Other,High,Keto,0.4625,Moderate,Anxiety,0.0,0.08333333333333331,0.5333333333333332,0.45555555555555544
Japan,0.21739130434782616,Other,High,Junk Food,0.7,High,Bipolar,0.9743589743589745,0.8666666666666667,0.6222222222222222,0.7444444444444445
Canada,0.26086956521739135,Female,Moderate,Vegan,0.5875,High,Bipolar,0.41025641025641024,0.8,0.6444444444444444,0.3
India,0.9782608695652173,Male,Low,Balanced,0.35,Low,Depression,0.05128205128205132,0.3166666666666666,0.5888888888888888,0.21111111111111108
Germany,0.9565217391304348,Other,High,Junk Food,0.55,Low,Bipolar,0.15384615384615385,0.3499999999999999,0.17777777777777776,0.18888888888888888
Japan,0.0,Other,Low,Keto,0.65,High,Anxiety,0.6666666666666667,0.04999999999999999,0.033333333333333326,0.35555555555555557
Brazil,0.8478260869565217,Female,Moderate,Balanced,0.4,Low,Anxiety,0.6923076923076923,0.016666666666666663,0.3333333333333333,0.033333333333333326
USA,0.9347826086956521,Other,Low,Keto,0.525,Moderate,Anxiety,0.7692307692307692,0.48333333333333334,0.4222222222222222,0.27777777777777773
India,0.3913043478260869,Female,High,Balanced,0.25,High,Anxiety,0.35897435897435903,0.10000000000000003,0.06666666666666668,0.6555555555555557
India,0.23913043478260876,Male,High,Keto,0.6,Low,PTSD,0.17948717948717952,0.2,0.8111111111111111,0.6444444444444444
Canada,0.15217391304347827,Male,High,Junk Food,0.48750000000000004,High,Depression,0.1282051282051282,0.8499999999999999,0.3444444444444444,0.07777777777777778
India,0.15217391304347827,Other,High,Junk Food,0.675,Low,Anxiety,0.6923076923076923,0.5666666666666667,0.911111111111111,0.28888888888888886
Germany,0.9565217391304348,Other,High,Vegan,0.6,Low,PTSD,0.07692307692307698,0.6333333333333333,0.15555555555555556,0.5666666666666667
Japan,0.23913043478260876,Other,High,Balanced,0.42500000000000004,Moderate,Depression,0.7435897435897436,0.1833333333333333,0.05555555555555555,0.3222222222222222
Japan,0.6956521739130435,Female,Moderate,Vegan,0.3375,Low,Depression,0.41025641025641024,0.8333333333333333,0.4777777777777777,0.4222222222222222
Brazil,0.9565217391304348,Other,Moderate,Vegetarian,0.30000000000000004,Low,Depression,0.8461538461538463,0.8666666666666667,0.18888888888888888,0.711111111111111
USA,0.5434782608695652,Other,Moderate,Junk Food,0.4,Low,Anxiety,0.1282051282051282,0.5166666666666666,0.9333333333333333,0.011111111111111127
Canada,0.8260869565217392,Male,Low,Balanced,0.6625,Moderate,Anxiety,0.8974358974358974,0.9166666666666667,0.011111111111111127,0.27777777777777773
USA,0.5869565217391305,Other,Low,Vegan,0.175,Low,Anxiety,0.8717948717948718,0.8499999999999999,0.41111111111111115,0.14444444444444443
India,0.08695652173913049,Male,Moderate,Vegan,0.30000000000000004,Low,Depression,0.9743589743589745,0.7333333333333334,0.9222222222222223,0.12222222222222223
Brazil,0.15217391304347827,Other,Low,Vegetarian,0.6625,Low,Depression,0.9743589743589745,0.7333333333333334,0.3888888888888889,0.9555555555555555
USA,0.5217391304347826,Male,Low,Vegan,0.75,High,Anxiety,0.3846153846153846,0.10000000000000003,0.08888888888888888,0.3777777777777778
Germany,0.5652173913043479,Other,High,Keto,0.3125,Moderate,Depression,0.02564102564102566,0.26666666666666666,0.3,0.5222222222222221
Japan,0.9782608695652173,Male,High,Junk Food,0.30000000000000004,High,Anxiety,0.17948717948717952,0.06666666666666665,0.49999999999999994,0.7333333333333332
India,0.4782608695652174,Female,Low,Vegan,0.7625,Moderate,Anxiety,0.35897435897435903,0.016666666666666663,0.18888888888888888,0.044444444444444425
Brazil,0.6304347826086956,Male,Low,Vegan,0.475,Moderate,Anxiety,0.6666666666666667,0.14999999999999997,0.4666666666666666,0.24444444444444446
USA,0.9565217391304348,Male,Moderate,Vegetarian,0.3375,High,PTSD,0.3846153846153846,0.8833333333333333,0.8333333333333333,0.8333333333333333
Canada,1.0,Male,Low,Keto,0.7,Moderate,Depression,0.0,0.23333333333333334,0.8777777777777778,0.8666666666666667
Germany,0.4782608695652174,Other,High,Vegan,0.6,Moderate,Anxiety,0.23076923076923084,0.9666666666666666,0.044444444444444425,0.3777777777777778
Germany,1.0,Other,Low,Junk Food,0.6375,High,Anxiety,0.15384615384615385,0.5999999999999999,0.15555555555555556,0.3777777777777778
USA,0.4130434782608696,Other,Moderate,Junk Food,0.3375,Low,Anxiety,0.23076923076923084,0.23333333333333334,0.27777777777777773,0.7555555555555555
Japan,0.3695652173913043,Female,High,Vegan,0.575,Moderate,PTSD,0.28205128205128205,0.49999999999999994,0.6000000000000001,0.3
USA,0.3695652173913043,Female,High,Keto,0.7375,High,Depression,0.41025641025641024,0.21666666666666662,0.35555555555555557,0.12222222222222223
India,0.02173913043478265,Male,High,Junk Food,0.625,Moderate,Anxiety,0.28205128205128205,0.9833333333333334,0.8444444444444443,0.25555555555555554
USA,0.06521739130434784,Female,High,Junk Food,0.675,High,Anxiety,0.35897435897435903,0.8499999999999999,0.7222222222222221,0.3888888888888889
Germany,0.6304347826086956,Male,Low,Keto,0.7625,Low,Anxiety,0.7948717948717949,0.03333333333333338,0.09999999999999998,0.05555555555555555
Brazil,0.6956521739130435,Male,Moderate,Keto,0.575,Moderate,Anxiety,0.7948717948717949,0.95,0.6222222222222222,0.4777777777777777
USA,0.7608695652173914,Male,Low,Vegan,0.4,Low,PTSD,0.641025641025641,0.7166666666666666,0.1111111111111111,0.7444444444444445
Japan,0.3695652173913043,Female,Low,Balanced,0.6625,Low,Depression,0.33333333333333337,0.08333333333333331,0.25555555555555554,0.5111111111111111
Brazil,0.7826086956521738,Other,High,Vegetarian,0.2875,High,PTSD,0.641025641025641,0.6666666666666667,0.17777777777777776,0.06666666666666668
Canada,0.3913043478260869,Female,Moderate,Balanced,0.4625,Moderate,Anxiety,0.10256410256410264,0.6500000000000001,0.17777777777777776,0.4444444444444445
Australia,1.0,Male,High,Balanced,0.6125,Moderate,PTSD,0.9487179487179487,0.21666666666666662,0.6111111111111112,0.711111111111111
USA,0.5869565217391305,Male,Low,Junk Food,0.0,Moderate,Anxiety,0.07692307692307698,0.7666666666666666,0.5666666666666667,0.05555555555555555
Japan,0.8478260869565217,Female,Low,Keto,0.55,Moderate,Bipolar,0.6923076923076923,0.08333333333333331,0.17777777777777776,0.05555555555555555
Brazil,0.4130434782608696,Male,High,Junk Food,0.55,Moderate,Bipolar,0.0,0.48333333333333334,0.9888888888888889,0.36666666666666664
Japan,0.6956521739130435,Male,Low,Vegetarian,0.2875,High,Depression,0.3076923076923077,0.016666666666666663,0.4222222222222222,0.19999999999999996
Canada,0.23913043478260876,Female,Low,Vegan,0.5625,Moderate,Depression,0.05128205128205132,0.9666666666666666,0.09999999999999998,0.9333333333333333
Germany,0.30434782608695654,Female,High,Vegetarian,0.5375,Low,PTSD,0.6153846153846154,0.75,0.12222222222222223,0.5777777777777777
Japan,0.8695652173913044,Female,Low,Junk Food,0.5125,Low,Depression,0.3846153846153846,0.16666666666666669,0.5888888888888888,0.28888888888888886
Brazil,0.8260869565217392,Male,Moderate,Junk Food,0.7250000000000001,Moderate,Anxiety,0.5128205128205128,0.3499999999999999,0.9777777777777779,0.7
Japan,0.02173913043478265,Male,High,Junk Food,0.6625,High,Anxiety,0.3076923076923077,0.16666666666666669,0.5666666666666667,0.3777777777777778
Japan,0.6086956521739131,Other,Moderate,Junk Food,0.625,High,Anxiety,0.8974358974358974,0.7666666666666666,0.9444444444444444,0.13333333333333336
Japan,0.8695652173913044,Other,Low,Balanced,0.3125,Moderate,PTSD,0.17948717948717952,0.06666666666666665,0.4444444444444445,0.23333333333333334
India,0.19565217391304346,Female,Low,Vegan,0.5,Low,Anxiety,0.46153846153846156,0.8333333333333333,0.4333333333333334,0.6444444444444444
India,0.02173913043478265,Other,High,Balanced,0.7250000000000001,Moderate,PTSD,0.3846153846153846,0.95,0.49999999999999994,0.05555555555555555
Germany,0.21739130434782616,Male,Low,Junk Food,0.4625,Moderate,Depression,0.28205128205128205,0.6833333333333333,0.7,0.27777777777777773
USA,0.26086956521739135,Other,High,Keto,0.7875000000000001,Moderate,Depression,0.4871794871794872,0.21666666666666662,0.36666666666666664,0.21111111111111108
Japan,0.19565217391304346,Male,High,Balanced,0.625,High,Anxiety,0.4358974358974359,0.36666666666666664,0.8666666666666667,0.19999999999999996
Canada,0.28260869565217395,Female,High,Junk Food,0.825,High,Anxiety,0.28205128205128205,0.48333333333333334,0.033333333333333326,0.6777777777777776
USA,0.3695652173913043,Female,High,Junk Food,0.30000000000000004,Low,Anxiety,0.6153846153846154,0.5999999999999999,0.4444444444444445,0.8222222222222222
Canada,0.17391304347826086,Male,High,Vegan,0.475,Low,Bipolar,0.2564102564102564,0.6666666666666667,0.5111111111111111,0.711111111111111
USA,0.8260869565217392,Other,Moderate,Vegetarian,0.48750000000000004,Moderate,Anxiety,0.5384615384615385,0.55,0.6111111111111112,0.6444444444444444
Germany,0.5869565217391305,Female,High,Balanced,0.6125,Low,PTSD,0.8461538461538463,0.3499999999999999,0.27777777777777773,0.911111111111111
Japan,0.043478260869565244,Female,Moderate,Balanced,0.36250000000000004,Moderate,PTSD,0.3076923076923077,0.8833333333333333,0.4222222222222222,0.05555555555555555
Japan,0.4130434782608696,Other,Low,Balanced,0.19999999999999996,Low,Anxiety,0.9487179487179487,0.08333333333333331,0.4888888888888889,0.16666666666666669
Australia,0.10869565217391308,Other,High,Junk Food,0.575,Moderate,Depression,0.28205128205128205,0.4666666666666666,0.6888888888888889,0.41111111111111115
Canada,0.5652173913043479,Male,Low,Vegan,0.4375,High,Bipolar,0.9743589743589745,0.7833333333333334,0.7777777777777777,0.3777777777777778
USA,0.02173913043478265,Other,High,Junk Food,0.4125,Moderate,Anxiety,0.8974358974358974,0.06666666666666665,0.7333333333333332,0.4222222222222222
USA,0.6086956521739131,Other,Moderate,Junk Food,0.375,High,Depression,0.6923076923076923,0.7,0.3444444444444444,0.21111111111111108
India,0.8043478260869565,Other,Moderate,Keto,0.525,High,Anxiety,0.6666666666666667,0.8166666666666667,1.0,0.14444444444444443
Australia,0.043478260869565244,Male,Moderate,Vegan,0.30000000000000004,Low,Anxiety,0.9743589743589745,0.6666666666666667,0.8444444444444443,0.5111111111111111
Brazil,0.32608695652173914,Male,Low,Balanced,0.4625,Low,PTSD,0.3076923076923077,0.016666666666666663,0.25555555555555554,0.9333333333333333
Brazil,0.6304347826086956,Female,High,Vegetarian,0.35,High,Anxiety,1.0,0.1833333333333333,0.19999999999999996,0.3888888888888889
India,0.8478260869565217,Male,Low,Balanced,0.38749999999999996,Moderate,Anxiety,0.6666666666666667,0.3499999999999999,0.31111111111111106,0.044444444444444425
India,0.02173913043478265,Female,Moderate,Junk Food,0.5625,Moderate,Bipolar,0.7692307692307692,0.23333333333333334,0.45555555555555544,0.711111111111111
India,0.34782608695652173,Other,Low,Vegan,0.625,Low,Depression,0.02564102564102566,0.9666666666666666,0.8555555555555554,0.28888888888888886
Canada,0.8695652173913044,Female,Moderate,Vegan,0.4375,Moderate,PTSD,0.4358974358974359,0.6500000000000001,0.7777777777777777,0.24444444444444446
Canada,0.23913043478260876,Female,Moderate,Vegan,0.6875,Moderate,Anxiety,0.641025641025641,0.3,0.8555555555555554,0.3222222222222222
Germany,0.7391304347826086,Other,Moderate,Keto,0.3125,Moderate,PTSD,0.7692307692307692,0.9333333333333333,0.26666666666666666,0.7222222222222221
Germany,0.9130434782608696,Female,High,Balanced,0.21250000000000002,High,Depression,0.9487179487179487,0.7333333333333334,0.5888888888888888,0.8222222222222222
India,0.0,Male,High,Keto,0.25,High,Anxiety,0.5384615384615385,0.2833333333333334,0.27777777777777773,0.5888888888888888
Australia,0.9565217391304348,Male,Moderate,Vegetarian,0.30000000000000004,Moderate,Anxiety,0.8974358974358974,0.38333333333333325,0.1111111111111111,0.3222222222222222
USA,0.30434782608695654,Male,Low,Junk Food,0.25,Low,Depression,0.46153846153846156,0.2,0.6888888888888889,0.31111111111111106
Canada,0.5434782608695652,Male,Low,Keto,0.875,Moderate,PTSD,0.33333333333333337,0.9666666666666666,0.14444444444444443,0.12222222222222223
Australia,0.7826086956521738,Female,High,Keto,0.21250000000000002,Low,Depression,0.33333333333333337,0.5166666666666666,0.6666666666666665,0.9333333333333333
Japan,0.4347826086956522,Female,Moderate,Junk Food,0.675,High,Anxiety,0.7179487179487181,0.9000000000000001,0.6444444444444444,0.6333333333333333
Canada,0.6521739130434783,Other,Low,Vegan,0.5,Moderate,Depression,0.41025641025641024,0.3499999999999999,0.8111111111111111,0.022222222222222227
Canada,0.5217391304347826,Female,Moderate,Junk Food,0.5375,Moderate,PTSD,0.9230769230769231,0.8666666666666667,0.14444444444444443,0.6666666666666665
Germany,0.4782608695652174,Female,Low,Balanced,0.32499999999999996,Low,Anxiety,0.20512820512820518,0.04999999999999999,0.7888888888888888,0.4444444444444445
USA,0.5,Female,High,Junk Food,0.5625,Low,Anxiety,0.0,0.9833333333333334,1.0,0.9777777777777779
USA,0.8043478260869565,Other,Moderate,Vegan,0.32499999999999996,Moderate,Bipolar,0.07692307692307698,0.9166666666666667,0.8555555555555554,0.8222222222222222
Brazil,0.5869565217391305,Male,Moderate,Junk Food,0.675,Moderate,PTSD,0.15384615384615385,0.36666666666666664,0.7555555555555555,0.16666666666666669
Brazil,0.4347826086956522,Female,Low,Keto,0.6875,Low,Bipolar,0.2564102564102564,0.7666666666666666,0.6666666666666665,0.7222222222222221
Brazil,0.9130434782608696,Other,Low,Vegetarian,0.475,High,Bipolar,0.33333333333333337,0.75,0.4222222222222222,0.4888888888888889
Brazil,0.3695652173913043,Other,Low,Keto,0.48750000000000004,Low,Anxiety,0.46153846153846156,0.9000000000000001,0.7333333333333332,0.18888888888888888
Japan,0.7608695652173914,Other,Moderate,Vegetarian,0.575,Moderate,PTSD,1.0,0.3,0.7222222222222221,0.7
Japan,0.7391304347826086,Male,High,Junk Food,0.575,High,Anxiety,0.05128205128205132,0.4666666666666666,0.6333333333333333,0.5444444444444445
Canada,0.9565217391304348,Female,High,Balanced,0.6875,High,PTSD,0.17948717948717952,0.8666666666666667,0.7999999999999998,0.033333333333333326
India,0.17391304347826086,Other,Low,Junk Food,0.6875,High,Anxiety,0.7179487179487181,0.7833333333333334,0.4444444444444445,0.6444444444444444
Germany,0.8043478260869565,Male,High,Vegan,0.5,High,PTSD,0.9230769230769231,0.4000000000000001,0.12222222222222223,0.6333333333333333
Germany,0.6304347826086956,Other,Low,Junk Food,0.4125,Moderate,PTSD,0.20512820512820518,0.8499999999999999,0.5555555555555556,0.14444444444444443
Brazil,0.9347826086956521,Other,High,Vegetarian,0.65,High,Bipolar,0.46153846153846156,0.04999999999999999,0.26666666666666666,0.3444444444444444
Canada,0.7173913043478262,Other,Moderate,Keto,0.475,Low,PTSD,0.28205128205128205,0.7833333333333334,0.3888888888888889,0.5888888888888888
Australia,0.673913043478261,Other,Low,Balanced,0.525,Low,Bipolar,0.6666666666666667,0.2,0.022222222222222227,0.13333333333333336
India,0.043478260869565244,Other,High,Junk Food,0.6,Low,Bipolar,0.9230769230769231,0.2833333333333334,0.3777777777777778,0.8555555555555554
Canada,0.043478260869565244,Male,Moderate,Junk Food,0.6875,Moderate,Depression,0.6153846153846154,0.49999999999999994,0.8111111111111111,0.022222222222222227
India,0.5869565217391305,Female,High,Keto,0.55,High,Anxiety,0.9487179487179487,0.45,0.5444444444444445,0.09999999999999998
India,0.9347826086956521,Female,Moderate,Balanced,0.38749999999999996,Low,Bipolar,0.41025641025641024,0.5166666666666666,0.011111111111111127,0.1111111111111111
India,0.30434782608695654,Female,Moderate,Junk Food,0.8374999999999999,Low,PTSD,0.8205128205128205,0.55,0.4666666666666666,0.5333333333333332
Canada,0.8695652173913044,Female,High,Junk Food,0.7875000000000001,Low,Bipolar,0.9743589743589745,0.3333333333333333,0.28888888888888886,0.6222222222222222
Brazil,0.4782608695652174,Male,High,Vegetarian,0.3125,High,Bipolar,0.33333333333333337,0.1833333333333333,0.4777777777777777,0.39999999999999997
Germany,0.8478260869565217,Male,Moderate,Vegetarian,0.32499999999999996,Low,Bipolar,0.6923076923076923,0.7666666666666666,0.39999999999999997,0.28888888888888886
Germany,0.21739130434782616,Male,Moderate,Vegan,0.35,High,Anxiety,0.4358974358974359,0.4000000000000001,0.9333333333333333,0.8111111111111111
Brazil,0.673913043478261,Other,Moderate,Keto,0.6625,High,Anxiety,0.8205128205128205,0.49999999999999994,0.044444444444444425,0.06666666666666668
India,0.7608695652173914,Other,Low,Balanced,0.8500000000000001,High,Anxiety,0.35897435897435903,0.6500000000000001,0.6888888888888889,0.27777777777777773
Australia,0.6956521739130435,Other,Moderate,Junk Food,0.4,Moderate,Anxiety,0.2564102564102564,0.9166666666666667,0.8555555555555554,0.044444444444444425
USA,0.5,Female,Low,Junk Food,0.5375,Moderate,Depression,0.8974358974358974,0.7,0.9555555555555555,0.011111111111111127
Canada,0.8260869565217392,Other,Moderate,Vegan,0.36250000000000004,High,Bipolar,0.35897435897435903,0.04999999999999999,0.17777777777777776,0.35555555555555557
USA,0.7173913043478262,Female,Low,Junk Food,0.825,High,Depression,0.7435897435897436,0.8333333333333333,0.5333333333333332,0.19999999999999996
Brazil,0.5869565217391305,Other,Moderate,Keto,0.65,Moderate,PTSD,0.35897435897435903,0.9833333333333334,0.044444444444444425,0.26666666666666666
Australia,0.7826086956521738,Female,Moderate,Vegan,0.35,Moderate,Anxiety,0.5641025641025641,0.4666666666666666,0.49999999999999994,0.8222222222222222
Canada,0.13043478260869568,Other,Moderate,Keto,0.09999999999999998,High,Depression,0.35897435897435903,0.9666666666666666,0.12222222222222223,0.16666666666666669
Brazil,0.06521739130434784,Other,High,Vegan,0.7,Moderate,Anxiety,0.7179487179487181,0.55,0.8333333333333333,0.7777777777777777
India,0.7826086956521738,Male,High,Junk Food,0.38749999999999996,Low,Anxiety,0.2564102564102564,0.4666666666666666,0.1111111111111111,0.6777777777777776
Germany,0.0,Other,Moderate,Vegan,0.6625,High,PTSD,0.4358974358974359,0.3333333333333333,0.5111111111111111,0.3222222222222222
USA,0.0,Other,Low,Vegetarian,0.55,High,Bipolar,1.0,0.6500000000000001,0.5222222222222221,0.5444444444444445
Japan,1.0,Male,Low,Balanced,0.15000000000000002,Moderate,Anxiety,0.7692307692307692,0.23333333333333334,0.9666666666666666,0.4444444444444445
Japan,0.4130434782608696,Female,Moderate,Junk Food,0.35,Low,Depression,0.20512820512820518,0.10000000000000003,0.6555555555555557,0.13333333333333336
Australia,0.3913043478260869,Male,High,Balanced,0.4375,Moderate,Bipolar,0.5384615384615385,0.03333333333333338,0.28888888888888886,0.911111111111111
India,0.6086956521739131,Male,Low,Junk Food,0.375,Low,Bipolar,0.2564102564102564,0.3,0.24444444444444446,0.5666666666666667
USA,0.19565217391304346,Female,High,Balanced,0.525,Low,Depression,0.41025641025641024,0.4000000000000001,0.13333333333333336,0.8777777777777778
India,0.3695652173913043,Other,Low,Vegetarian,0.575,High,Depression,0.8205128205128205,0.55,0.7555555555555555,0.8222222222222222
USA,0.5869565217391305,Female,Moderate,Balanced,0.8374999999999999,Low,Depression,0.2564102564102564,0.3,0.6888888888888889,0.07777777777777778
Australia,0.7391304347826086,Other,High,Vegan,0.5875,High,Depression,0.9743589743589745,0.9833333333333334,0.6111111111111112,0.21111111111111108
Australia,0.9130434782608696,Other,Low,Balanced,0.7749999999999999,Low,Anxiety,0.17948717948717952,0.3,0.044444444444444425,0.14444444444444443
Japan,1.0,Female,Moderate,Junk Food,0.4125,High,Bipolar,0.07692307692307698,0.4333333333333333,0.7666666666666666,0.8333333333333333
India,0.6521739130434783,Male,Moderate,Keto,0.7124999999999999,Low,Bipolar,0.8974358974358974,0.10000000000000003,0.6444444444444444,0.8666666666666667
Canada,0.5652173913043479,Female,Moderate,Balanced,0.42500000000000004,Moderate,Anxiety,0.46153846153846156,0.26666666666666666,0.9666666666666666,0.5333333333333332
Japan,0.21739130434782616,Other,High,Balanced,0.32499999999999996,Low,Bipolar,0.5897435897435896,0.04999999999999999,0.5888888888888888,0.09999999999999998
India,0.8043478260869565,Female,High,Balanced,0.32499999999999996,Moderate,Depression,0.4358974358974359,0.5666666666666667,0.3,0.13333333333333336
Japan,0.08695652173913049,Female,Moderate,Junk Food,0.0,Low,Anxiety,0.8205128205128205,0.75,0.3777777777777778,0.8111111111111111
Canada,0.15217391304347827,Other,High,Balanced,0.6625,Low,Bipolar,0.8974358974358974,0.2,0.17777777777777776,0.9333333333333333
Germany,0.7173913043478262,Male,Low,Junk Food,0.26249999999999996,High,Anxiety,0.23076923076923084,0.36666666666666664,0.7222222222222221,0.19999999999999996
Germany,0.23913043478260876,Female,Moderate,Junk Food,0.7625,Low,Anxiety,0.33333333333333337,0.016666666666666663,0.711111111111111,0.011111111111111127
Germany,0.8043478260869565,Other,Moderate,Keto,0.4625,Low,Anxiety,0.15384615384615385,0.8333333333333333,0.19999999999999996,0.3333333333333333
Germany,0.0,Other,High,Vegan,0.21250000000000002,Low,PTSD,0.28205128205128205,0.7833333333333334,0.15555555555555556,0.033333333333333326
Brazil,0.6521739130434783,Female,Moderate,Junk Food,0.2875,Moderate,Bipolar,0.5384615384615385,0.06666666666666665,0.07777777777777778,0.8333333333333333
USA,0.06521739130434784,Male,Low,Vegetarian,0.5375,High,Anxiety,0.6666666666666667,0.36666666666666664,0.911111111111111,0.4888888888888889
Brazil,0.9565217391304348,Female,High,Balanced,0.15000000000000002,High,Anxiety,0.9230769230769231,0.95,0.23333333333333334,0.6444444444444444
Brazil,0.08695652173913049,Male,High,Vegetarian,0.6125,Low,Anxiety,0.2564102564102564,0.4000000000000001,0.3444444444444444,0.41111111111111115
Brazil,0.6304347826086956,Male,Moderate,Balanced,0.21250000000000002,Low,Bipolar,0.8974358974358974,0.5333333333333334,0.27777777777777773,0.3444444444444444
Germany,0.5,Male,Moderate,Keto,0.36250000000000004,Moderate,Anxiety,0.3076923076923077,0.3499999999999999,0.41111111111111115,0.2222222222222222
Canada,0.043478260869565244,Male,Moderate,Junk Food,0.5375,Low,Depression,0.7948717948717949,0.5999999999999999,0.711111111111111,0.7666666666666666
Australia,0.21739130434782616,Female,High,Vegan,0.5875,High,Anxiety,0.17948717948717952,0.9833333333333334,0.8666666666666667,0.7
Australia,0.9565217391304348,Other,Moderate,Junk Food,0.65,High,Depression,0.15384615384615385,1.0,0.17777777777777776,0.35555555555555557
USA,0.06521739130434784,Other,Low,Balanced,0.25,Moderate,PTSD,0.41025641025641024,0.7666666666666666,0.6888888888888889,0.3222222222222222
Germany,0.5434782608695652,Other,Moderate,Vegan,0.4375,Moderate,Depression,0.5384615384615385,0.4000000000000001,0.35555555555555557,0.0
Germany,0.5652173913043479,Other,Moderate,Junk Food,0.7,High,Depression,0.8461538461538463,0.49999999999999994,0.9777777777777779,0.06666666666666668
Germany,0.9782608695652173,Other,High,Vegan,0.4375,Moderate,Anxiety,0.4871794871794872,0.3499999999999999,0.3,0.6222222222222222
Japan,0.9130434782608696,Other,Moderate,Balanced,0.55,Low,Anxiety,0.17948717948717952,0.9833333333333334,0.011111111111111127,0.5111111111111111
India,0.5652173913043479,Female,High,Keto,0.525,Low,PTSD,0.5384615384615385,0.7,0.5111111111111111,0.4333333333333334
Japan,0.8913043478260869,Male,Moderate,Keto,0.75,Moderate,Anxiety,0.6666666666666667,0.45,0.15555555555555556,0.8222222222222222
India,0.10869565217391308,Other,Low,Junk Food,0.4125,High,Depression,0.8461538461538463,0.016666666666666663,0.044444444444444425,0.49999999999999994
Germany,0.30434782608695654,Female,Low,Vegetarian,0.23750000000000004,Moderate,Depression,0.5128205128205128,0.5166666666666666,0.7,0.3888888888888889
Germany,0.6304347826086956,Other,High,Balanced,0.3125,High,Anxiety,0.35897435897435903,0.9833333333333334,0.7333333333333332,0.16666666666666669
Japan,0.8913043478260869,Other,High,Junk Food,0.5375,Moderate,PTSD,0.10256410256410264,0.5166666666666666,0.45555555555555544,0.8222222222222222
Japan,0.7826086956521738,Male,Moderate,Junk Food,0.19999999999999996,Moderate,PTSD,0.9487179487179487,0.1833333333333333,0.6777777777777776,0.5777777777777777
India,0.7826086956521738,Male,Moderate,Keto,0.4,Moderate,Anxiety,0.41025641025641024,0.016666666666666663,0.5333333333333332,0.08888888888888888
Australia,0.8913043478260869,Male,Low,Vegan,0.5125,Low,Depression,0.17948717948717952,0.3499999999999999,0.6333333333333333,0.6444444444444444
India,0.7826086956521738,Other,Moderate,Balanced,0.36250000000000004,Low,Depression,0.46153846153846156,0.9166666666666667,0.6000000000000001,0.4222222222222222
Japan,0.7391304347826086,Other,Low,Vegan,0.5625,High,Anxiety,0.10256410256410264,1.0,0.6666666666666665,0.8111111111111111
Canada,0.4782608695652174,Other,High,Balanced,0.6375,Moderate,Anxiety,0.5641025641025641,0.95,0.19999999999999996,0.9222222222222223
Japan,0.10869565217391308,Male,Moderate,Vegetarian,0.5875,Low,Depression,0.46153846153846156,0.7333333333333334,0.26666666666666666,0.6000000000000001
Canada,0.06521739130434784,Female,High,Keto,0.21250000000000002,Moderate,Anxiety,0.33333333333333337,0.55,0.4444444444444445,0.7333333333333332
USA,0.3695652173913043,Other,Moderate,Vegetarian,0.5125,High,PTSD,0.23076923076923084,0.5833333333333333,0.4444444444444445,0.05555555555555555
Japan,0.17391304347826086,Other,Low,Junk Food,0.525,Low,Bipolar,0.7692307692307692,0.5333333333333334,0.7777777777777777,0.5555555555555556
USA,0.6086956521739131,Other,High,Keto,0.42500000000000004,High,Anxiety,0.3076923076923077,0.7,0.36666666666666664,0.7555555555555555
Australia,0.26086956521739135,Female,High,Junk Food,0.5625,Low,Depression,0.5384615384615385,0.4166666666666667,0.16666666666666669,0.49999999999999994
India,1.0,Other,Moderate,Vegetarian,0.55,Moderate,Anxiety,0.9230769230769231,0.6666666666666667,0.25555555555555554,0.5888888888888888
Canada,0.34782608695652173,Female,High,Balanced,0.48750000000000004,High,PTSD,0.9743589743589745,0.1166666666666667,0.21111111111111108,0.8999999999999999
India,0.9565217391304348,Other,Low,Junk Food,0.3125,Low,PTSD,0.23076923076923084,0.26666666666666666,0.7333333333333332,0.19999999999999996
USA,0.673913043478261,Female,High,Vegan,0.5,Low,PTSD,0.7692307692307692,0.8333333333333333,0.4666666666666666,0.09999999999999998
Canada,0.4565217391304348,Other,High,Balanced,0.8500000000000001,Moderate,PTSD,0.8717948717948718,0.9000000000000001,0.711111111111111,0.6888888888888889
India,0.06521739130434784,Male,Moderate,Balanced,0.42500000000000004,High,Bipolar,0.3076923076923077,0.5333333333333334,0.41111111111111115,0.8222222222222222
Japan,0.08695652173913049,Male,High,Vegetarian,0.7,High,Anxiety,0.7435897435897436,0.03333333333333338,0.8888888888888888,0.8555555555555554
Germany,0.7826086956521738,Male,Moderate,Vegetarian,0.5125,High,Anxiety,0.8461538461538463,0.9333333333333333,0.9888888888888889,0.6444444444444444
USA,0.8695652173913044,Male,Moderate,Keto,0.35,Moderate,Bipolar,0.8974358974358974,0.7,0.6666666666666665,0.8333333333333333
India,0.26086956521739135,Other,High,Keto,0.44999999999999996,Low,Anxiety,0.8717948717948718,0.4166666666666667,0.8666666666666667,0.7
USA,0.7173913043478262,Male,Low,Vegan,0.5,Low,PTSD,0.07692307692307698,0.5999999999999999,0.5111111111111111,0.08888888888888888
Brazil,0.9565217391304348,Female,Moderate,Balanced,0.625,High,Anxiety,0.07692307692307698,0.4333333333333333,0.9333333333333333,0.7666666666666666
USA,0.4565217391304348,Male,High,Vegan,0.95,Low,Anxiety,0.1282051282051282,0.4666666666666666,0.8333333333333333,0.17777777777777776
Canada,0.4782608695652174,Male,Moderate,Vegan,0.5125,High,Anxiety,0.6923076923076923,0.8833333333333333,0.9888888888888889,0.23333333333333334
Brazil,0.043478260869565244,Male,Low,Vegetarian,0.275,Moderate,Anxiety,0.7435897435897436,0.16666666666666669,0.6222222222222222,0.39999999999999997
Canada,0.8913043478260869,Other,Low,Vegan,0.1875,Moderate,Depression,0.6666666666666667,0.10000000000000003,0.7777777777777777,0.31111111111111106
Germany,0.7173913043478262,Male,Moderate,Vegan,0.42500000000000004,Moderate,Anxiety,0.10256410256410264,0.0,0.5444444444444445,0.3222222222222222
Brazil,0.673913043478261,Female,Low,Junk Food,0.2875,High,Anxiety,0.9743589743589745,0.3166666666666666,0.25555555555555554,0.16666666666666669
Japan,0.9565217391304348,Male,High,Keto,0.6,Low,PTSD,0.8717948717948718,0.14999999999999997,0.35555555555555557,0.28888888888888886
USA,0.4347826086956522,Male,High,Keto,0.6,Moderate,PTSD,0.9743589743589745,0.21666666666666662,0.8888888888888888,0.022222222222222227
India,0.9782608695652173,Male,Moderate,Balanced,0.475,High,PTSD,0.35897435897435903,0.016666666666666663,0.05555555555555555,0.4777777777777777
Australia,0.9347826086956521,Female,Low,Keto,0.625,High,Anxiety,0.46153846153846156,0.23333333333333334,0.5888888888888888,0.7666666666666666
USA,0.4347826086956522,Male,High,Balanced,0.5125,Moderate,Bipolar,0.7435897435897436,0.3333333333333333,0.3777777777777778,0.8666666666666667
USA,0.9347826086956521,Female,High,Junk Food,0.8500000000000001,Moderate,PTSD,0.9487179487179487,0.03333333333333338,0.3888888888888889,0.8222222222222222
Germany,0.21739130434782616,Female,High,Keto,0.6125,Moderate,PTSD,0.7948717948717949,0.5999999999999999,0.8888888888888888,0.41111111111111115
Japan,0.8260869565217392,Male,Moderate,Junk Food,0.6625,Low,Anxiety,1.0,0.5666666666666667,0.8555555555555554,0.7333333333333332
Australia,0.06521739130434784,Female,Moderate,Keto,0.22499999999999998,Low,Depression,0.7179487179487181,0.10000000000000003,0.6000000000000001,0.28888888888888886
Brazil,0.0,Other,High,Keto,0.275,High,Depression,0.1282051282051282,0.5999999999999999,0.27777777777777773,0.05555555555555555
Brazil,0.5869565217391305,Male,High,Junk Food,0.5875,Moderate,Anxiety,0.641025641025641,1.0,0.4777777777777777,0.6777777777777776
Brazil,0.5,Male,Low,Vegan,0.21250000000000002,Moderate,Depression,0.6666666666666667,0.95,0.41111111111111115,0.6444444444444444
Canada,0.7391304347826086,Female,Low,Vegan,0.38749999999999996,Low,PTSD,0.8717948717948718,0.0,0.35555555555555557,0.7999999999999998
Canada,0.26086956521739135,Female,Low,Vegan,0.7250000000000001,Moderate,Bipolar,0.6923076923076923,0.8,0.09999999999999998,0.6111111111111112
India,1.0,Male,Moderate,Vegan,0.375,High,Anxiety,0.10256410256410264,0.3499999999999999,0.5444444444444445,0.15555555555555556
Australia,0.7173913043478262,Other,High,Keto,0.275,Moderate,Bipolar,0.3846153846153846,0.06666666666666665,0.3,0.8555555555555554
Brazil,0.21739130434782616,Female,Moderate,Vegetarian,0.625,Low,Bipolar,0.4358974358974359,0.3,0.6555555555555557,0.6222222222222222
Canada,0.7608695652173914,Female,High,Junk Food,0.8875,High,PTSD,0.3076923076923077,0.3166666666666666,0.3222222222222222,0.8111111111111111
India,0.34782608695652173,Other,Low,Vegetarian,0.35,High,Anxiety,0.6153846153846154,0.5166666666666666,0.4333333333333334,0.7777777777777777
Japan,0.7391304347826086,Other,Low,Vegetarian,0.7250000000000001,Moderate,Anxiety,0.23076923076923084,0.6666666666666667,0.05555555555555555,0.3
India,0.3695652173913043,Male,Low,Balanced,0.32499999999999996,High,Anxiety,0.7179487179487181,0.75,0.9888888888888889,0.07777777777777778
Canada,0.8478260869565217,Other,Low,Vegan,0.475,Moderate,Depression,0.23076923076923084,0.24999999999999994,0.5111111111111111,0.17777777777777776
Germany,0.4565217391304348,Male,High,Keto,0.48750000000000004,Moderate,Anxiety,0.1282051282051282,0.3166666666666666,0.022222222222222227,0.08888888888888888
Germany,0.5,Other,Low,Vegan,0.35,Low,PTSD,0.3846153846153846,0.3166666666666666,0.5444444444444445,0.24444444444444446
Brazil,0.3913043478260869,Female,High,Vegan,0.6625,High,Depression,0.6153846153846154,0.36666666666666664,0.8666666666666667,0.45555555555555544
Germany,0.7826086956521738,Male,High,Vegetarian,0.21250000000000002,Moderate,Anxiety,0.07692307692307698,1.0,0.7777777777777777,0.911111111111111
Brazil,0.8260869565217392,Male,Moderate,Balanced,0.5375,Moderate,Bipolar,0.9230769230769231,0.7833333333333334,0.7,0.8666666666666667
Brazil,0.4347826086956522,Male,Low,Vegan,0.7,Moderate,PTSD,0.8461538461538463,0.9666666666666666,0.14444444444444443,0.7222222222222221
Canada,0.15217391304347827,Other,Low,Junk Food,0.65,High,PTSD,0.46153846153846156,0.7,0.6555555555555557,0.022222222222222227
Germany,0.5869565217391305,Female,Moderate,Junk Food,0.5875,High,Anxiety,0.8205128205128205,0.4000000000000001,0.7666666666666666,0.3444444444444444
Brazil,0.08695652173913049,Male,High,Vegan,0.8,High,PTSD,0.07692307692307698,0.38333333333333325,0.5777777777777777,0.6777777777777776
Australia,0.34782608695652173,Male,Low,Vegetarian,0.4625,Moderate,Bipolar,0.8461538461538463,0.48333333333333334,0.8888888888888888,0.13333333333333336
Japan,0.7826086956521738,Male,High,Vegetarian,0.21250000000000002,High,PTSD,0.28205128205128205,0.4166666666666667,0.27777777777777773,0.7999999999999998
India,0.7608695652173914,Male,Moderate,Keto,0.525,Moderate,Anxiety,0.7692307692307692,0.8333333333333333,0.24444444444444446,0.911111111111111
India,0.3913043478260869,Female,High,Balanced,0.475,High,PTSD,0.3846153846153846,0.4666666666666666,0.8666666666666667,0.35555555555555557
Canada,0.5652173913043479,Other,Low,Vegetarian,0.09999999999999998,High,PTSD,0.02564102564102566,0.3,0.6222222222222222,0.711111111111111
Germany,0.7173913043478262,Female,High,Keto,0.2875,Moderate,Anxiety,0.02564102564102566,0.7666666666666666,0.0,0.14444444444444443
Germany,0.21739130434782616,Male,High,Junk Food,0.26249999999999996,High,PTSD,0.8974358974358974,0.8499999999999999,0.35555555555555557,0.6888888888888889
Brazil,0.9565217391304348,Female,Low,Junk Food,0.35,Moderate,Depression,0.1282051282051282,0.4166666666666667,0.8555555555555554,0.022222222222222227
USA,1.0,Male,Low,Junk Food,0.4375,High,PTSD,0.5641025641025641,0.6666666666666667,0.022222222222222227,0.15555555555555556
Brazil,0.23913043478260876,Other,High,Vegan,0.4375,High,Anxiety,0.9743589743589745,0.06666666666666665,0.0,0.711111111111111
Japan,0.4347826086956522,Other,High,Balanced,0.35,High,Anxiety,0.9230769230769231,0.5333333333333334,0.27777777777777773,0.711111111111111
Australia,0.21739130434782616,Other,Moderate,Keto,0.26249999999999996,High,Depression,0.3846153846153846,0.04999999999999999,0.911111111111111,0.6444444444444444
India,0.8260869565217392,Male,Low,Balanced,0.575,Low,PTSD,0.46153846153846156,0.03333333333333338,0.8999999999999999,0.4777777777777777
Brazil,0.5869565217391305,Female,High,Vegan,0.525,Moderate,Bipolar,0.5897435897435896,0.6166666666666667,0.5222222222222221,0.6777777777777776
USA,0.08695652173913049,Other,Low,Keto,0.525,Low,PTSD,0.6666666666666667,0.3,0.5555555555555556,0.7777777777777777
USA,0.34782608695652173,Male,Moderate,Keto,0.8374999999999999,High,Anxiety,0.15384615384615385,0.75,0.3333333333333333,0.9666666666666666
Brazil,0.4130434782608696,Male,High,Vegetarian,0.525,High,Anxiety,0.7435897435897436,0.9000000000000001,0.24444444444444446,0.8888888888888888
Canada,0.8695652173913044,Female,High,Balanced,0.4375,Moderate,Depression,0.33333333333333337,0.1333333333333333,0.8111111111111111,0.7999999999999998
India,0.9782608695652173,Other,High,Balanced,0.475,Moderate,Anxiety,0.35897435897435903,0.7166666666666666,0.1111111111111111,0.7
Canada,0.23913043478260876,Male,Low,Vegetarian,0.5125,Moderate,Bipolar,0.28205128205128205,0.5166666666666666,0.4888888888888889,0.5777777777777777
Australia,0.10869565217391308,Female,Moderate,Junk Food,0.6125,Moderate,PTSD,0.7179487179487181,0.1166666666666667,0.6333333333333333,0.12222222222222223
USA,0.34782608695652173,Other,Low,Vegan,0.48750000000000004,High,Bipolar,0.5641025641025641,0.6500000000000001,0.09999999999999998,0.16666666666666669
USA,0.3913043478260869,Female,High,Balanced,0.1375,Moderate,Anxiety,0.3076923076923077,0.6166666666666667,0.5222222222222221,0.8222222222222222
Japan,0.5434782608695652,Female,Moderate,Vegetarian,0.4125,Low,PTSD,0.20512820512820518,0.5166666666666666,0.5777777777777777,0.7999999999999998
Australia,0.9347826086956521,Male,High,Keto,0.5,Moderate,Bipolar,0.5897435897435896,0.9333333333333333,0.7444444444444445,0.6111111111111112
USA,0.9347826086956521,Male,High,Vegetarian,0.75,Moderate,Anxiety,0.9743589743589745,0.5166666666666666,0.23333333333333334,0.4333333333333334
Australia,0.673913043478261,Male,Low,Junk Food,0.35,Low,Anxiety,0.7435897435897436,0.9833333333333334,0.28888888888888886,0.022222222222222227
India,0.10869565217391308,Female,High,Vegan,0.1875,Low,Depression,0.0,0.5166666666666666,0.5666666666666667,0.3222222222222222
Germany,0.7608695652173914,Male,Moderate,Junk Food,0.5125,Low,Anxiety,0.23076923076923084,0.1166666666666667,0.9777777777777779,0.4222222222222222
USA,0.8043478260869565,Female,High,Keto,0.6625,Low,Anxiety,0.9487179487179487,0.4666666666666666,0.2222222222222222,0.4888888888888889
Japan,0.21739130434782616,Female,High,Keto,0.42500000000000004,Moderate,Anxiety,0.35897435897435903,0.1833333333333333,0.9888888888888889,0.9333333333333333
India,0.6956521739130435,Male,Low,Keto,0.95,Low,Anxiety,0.20512820512820518,0.5999999999999999,0.711111111111111,0.1111111111111111
Brazil,0.5,Other,Moderate,Keto,0.8999999999999999,High,Anxiety,0.3076923076923077,0.7,0.8222222222222222,0.5222222222222221
Australia,0.4782608695652174,Other,Low,Vegetarian,0.48750000000000004,Moderate,Anxiety,0.5641025641025641,0.4666666666666666,0.08888888888888888,0.36666666666666664
Brazil,0.30434782608695654,Other,High,Keto,0.5375,High,Anxiety,0.8205128205128205,0.10000000000000003,0.3,0.9888888888888889
Canada,0.5652173913043479,Female,Low,Keto,0.7625,Moderate,Anxiety,0.20512820512820518,0.4666666666666666,0.05555555555555555,0.8666666666666667
India,0.21739130434782616,Female,Low,Vegetarian,0.48750000000000004,Moderate,Depression,0.05128205128205132,0.08333333333333331,0.36666666666666664,0.4333333333333334
Brazil,0.34782608695652173,Female,Low,Keto,0.35,High,Anxiety,0.7435897435897436,0.6833333333333333,0.9777777777777779,1.0
USA,0.28260869565217395,Male,Low,Junk Food,0.6625,Low,Anxiety,0.20512820512820518,0.7833333333333334,0.09999999999999998,0.5111111111111111
Australia,0.5652173913043479,Female,High,Junk Food,0.5875,Low,Depression,0.6153846153846154,0.9666666666666666,0.5666666666666667,0.16666666666666669
Germany,0.3695652173913043,Male,High,Balanced,0.35,High,Anxiety,0.5897435897435896,0.14999999999999997,0.011111111111111127,0.5555555555555556
India,0.5869565217391305,Male,Moderate,Junk Food,0.55,Low,Anxiety,0.7948717948717949,0.5333333333333334,0.711111111111111,0.2222222222222222
USA,1.0,Other,Low,Vegan,0.475,Moderate,Bipolar,0.15384615384615385,0.5666666666666667,0.19999999999999996,0.6333333333333333
Japan,1.0,Other,Low,Vegan,0.42500000000000004,Moderate,Anxiety,0.8974358974358974,0.9166666666666667,0.13333333333333336,0.9333333333333333
Canada,0.06521739130434784,Other,Moderate,Vegan,0.35,Moderate,Anxiety,0.6153846153846154,0.6333333333333333,0.3333333333333333,0.7888888888888888
Australia,0.13043478260869568,Male,Low,Vegetarian,0.525,Low,Anxiety,0.4871794871794872,0.14999999999999997,0.7666666666666666,0.27777777777777773
India,0.9565217391304348,Male,Moderate,Junk Food,0.44999999999999996,Low,Depression,0.41025641025641024,0.4333333333333333,0.1111111111111111,0.3
India,0.7391304347826086,Male,High,Vegan,0.55,High,Anxiety,0.8974358974358974,0.6500000000000001,0.23333333333333334,0.06666666666666668
Germany,0.17391304347826086,Female,Moderate,Balanced,0.65,Moderate,Depression,0.641025641025641,0.7,0.011111111111111127,0.28888888888888886
Germany,0.15217391304347827,Male,Low,Vegetarian,0.5375,High,Bipolar,0.46153846153846156,0.8666666666666667,0.9666666666666666,0.08888888888888888
Japan,0.9565217391304348,Other,Moderate,Balanced,0.55,Low,Depression,0.9230769230769231,0.1833333333333333,0.5888888888888888,0.49999999999999994
Canada,0.34782608695652173,Other,High,Junk Food,0.4,High,PTSD,0.05128205128205132,0.95,0.7222222222222221,0.711111111111111
Japan,0.34782608695652173,Male,Low,Keto,0.7250000000000001,Low,Depression,0.6923076923076923,0.06666666666666665,0.6555555555555557,0.7555555555555555
USA,0.6956521739130435,Male,High,Balanced,0.3375,Moderate,Anxiety,0.5384615384615385,0.9833333333333334,0.14444444444444443,0.05555555555555555
USA,0.673913043478261,Other,High,Keto,0.19999999999999996,Moderate,Depression,0.46153846153846156,0.8499999999999999,0.6000000000000001,0.3444444444444444
Japan,0.15217391304347827,Male,Moderate,Vegetarian,0.30000000000000004,Low,Depression,0.3846153846153846,0.6666666666666667,0.13333333333333336,0.28888888888888886
Canada,0.3913043478260869,Other,High,Balanced,0.7,Low,PTSD,0.1282051282051282,0.7333333333333334,0.39999999999999997,0.09999999999999998
Japan,0.8043478260869565,Female,Low,Balanced,0.5875,Low,PTSD,0.9230769230769231,0.06666666666666665,0.5666666666666667,0.36666666666666664
Canada,0.043478260869565244,Other,High,Vegetarian,0.75,Moderate,Anxiety,0.7692307692307692,0.03333333333333338,0.5555555555555556,0.3
Canada,0.08695652173913049,Female,High,Vegetarian,0.25,Low,Anxiety,0.8461538461538463,0.10000000000000003,0.12222222222222223,0.6333333333333333
Brazil,0.26086956521739135,Male,Moderate,Vegan,0.9375,Moderate,Anxiety,0.7692307692307692,0.08333333333333331,0.033333333333333326,0.8777777777777778
Australia,1.0,Male,High,Junk Food,0.44999999999999996,High,PTSD,0.2564102564102564,0.55,0.7999999999999998,0.45555555555555544
Canada,0.9782608695652173,Female,Moderate,Balanced,0.175,Moderate,Depression,0.8974358974358974,0.21666666666666662,0.7222222222222221,0.7444444444444445
Germany,0.6521739130434783,Male,Moderate,Balanced,0.9125000000000001,High,PTSD,0.1282051282051282,0.8666666666666667,0.07777777777777778,0.14444444444444443
Canada,0.32608695652173914,Female,Low,Vegetarian,0.25,Moderate,Bipolar,0.6666666666666667,0.45,0.12222222222222223,0.8999999999999999
Canada,0.673913043478261,Male,Low,Vegetarian,0.42500000000000004,Moderate,Depression,0.15384615384615385,0.7,0.8888888888888888,0.15555555555555556
Canada,0.4565217391304348,Other,Low,Junk Food,0.4625,Low,Anxiety,0.7948717948717949,0.6500000000000001,0.7666666666666666,0.18888888888888888
Brazil,0.6086956521739131,Male,Low,Vegetarian,0.5875,Moderate,Depression,0.17948717948717952,0.3166666666666666,1.0,0.1111111111111111
Brazil,0.4565217391304348,Other,Moderate,Keto,0.35,Low,Bipolar,0.8205128205128205,0.24999999999999994,0.25555555555555554,0.31111111111111106
USA,0.9130434782608696,Other,High,Keto,0.7,Low,PTSD,0.35897435897435903,0.3499999999999999,0.4888888888888889,0.5555555555555556
Brazil,0.043478260869565244,Female,Low,Keto,0.6375,Low,Anxiety,0.6666666666666667,0.8,0.23333333333333334,0.9888888888888889
Germany,0.19565217391304346,Male,Low,Keto,0.5,Moderate,Anxiety,0.7435897435897436,0.5833333333333333,0.6222222222222222,0.7888888888888888
Germany,0.8913043478260869,Female,Low,Junk Food,0.75,Low,Anxiety,0.5384615384615385,0.24999999999999994,0.1111111111111111,0.3777777777777778
Brazil,0.4347826086956522,Male,High,Balanced,0.48750000000000004,High,PTSD,0.7179487179487181,0.8166666666666667,0.12222222222222223,0.5777777777777777
Japan,0.32608695652173914,Other,Low,Keto,0.44999999999999996,High,Anxiety,0.7435897435897436,0.04999999999999999,0.06666666666666668,0.6222222222222222
Australia,0.23913043478260876,Other,High,Vegetarian,0.875,Moderate,Bipolar,0.02564102564102566,0.7,0.6888888888888889,0.8222222222222222
Brazil,0.02173913043478265,Male,Moderate,Keto,0.55,Low,PTSD,0.35897435897435903,0.4333333333333333,0.4888888888888889,0.7333333333333332
Canada,0.8695652173913044,Male,Moderate,Junk Food,0.3125,High,Anxiety,0.6666666666666667,0.7333333333333334,0.6222222222222222,0.5666666666666667
India,0.5,Female,Moderate,Vegetarian,0.3375,Moderate,Anxiety,0.15384615384615385,0.9333333333333333,0.8777777777777778,0.6666666666666665
Australia,0.7391304347826086,Male,High,Keto,0.5,Moderate,PTSD,0.6666666666666667,0.75,0.7444444444444445,0.7444444444444445
Australia,0.6304347826086956,Male,Low,Balanced,0.04999999999999999,Moderate,PTSD,0.5128205128205128,0.45,0.4666666666666666,0.13333333333333336
Germany,0.6304347826086956,Male,Low,Vegetarian,0.38749999999999996,Moderate,Depression,0.3076923076923077,0.14999999999999997,0.9888888888888889,0.19999999999999996
Australia,1.0,Female,Low,Vegetarian,0.475,Moderate,Anxiety,0.41025641025641024,0.8,0.45555555555555544,0.6888888888888889
Brazil,0.7391304347826086,Male,Low,Balanced,0.4625,Low,Anxiety,0.2564102564102564,0.4666666666666666,0.1111111111111111,0.8555555555555554
Canada,0.3913043478260869,Other,Low,Vegetarian,0.26249999999999996,Low,Bipolar,0.23076923076923084,0.08333333333333331,0.9888888888888889,0.41111111111111115
Canada,0.15217391304347827,Female,High,Keto,0.4125,Low,PTSD,0.8205128205128205,0.7166666666666666,0.022222222222222227,0.9777777777777779
USA,0.5434782608695652,Female,Moderate,Vegetarian,0.7250000000000001,Low,Bipolar,0.33333333333333337,0.3,0.5444444444444445,0.21111111111111108
Canada,0.8478260869565217,Other,Low,Keto,0.6875,Moderate,Bipolar,0.9230769230769231,0.04999999999999999,0.31111111111111106,0.4222222222222222
Canada,0.13043478260869568,Other,Moderate,Balanced,0.5125,Moderate,Bipolar,0.17948717948717952,0.9000000000000001,0.49999999999999994,0.3777777777777778
Germany,0.6304347826086956,Other,High,Vegan,0.48750000000000004,High,Depression,0.8205128205128205,0.48333333333333334,0.5555555555555556,0.9333333333333333
Canada,0.13043478260869568,Male,High,Balanced,0.475,High,Bipolar,0.15384615384615385,0.2833333333333334,0.24444444444444446,0.28888888888888886
USA,0.043478260869565244,Other,Low,Keto,0.55,Low,Anxiety,0.8461538461538463,0.7166666666666666,0.5555555555555556,0.4666666666666666
India,0.0,Male,High,Junk Food,0.525,Moderate,Anxiety,0.15384615384615385,0.8833333333333333,0.7555555555555555,0.18888888888888888
Brazil,0.7608695652173914,Female,Moderate,Balanced,0.5625,High,Anxiety,0.15384615384615385,0.0,0.26666666666666666,0.5222222222222221
Germany,0.5217391304347826,Female,Low,Junk Food,0.6,High,Anxiety,0.8974358974358974,0.6833333333333333,0.3888888888888889,0.8555555555555554
India,0.7826086956521738,Other,Low,Junk Food,0.275,High,Bipolar,0.15384615384615385,0.7666666666666666,0.26666666666666666,0.3
Germany,0.0,Male,Moderate,Keto,0.4375,High,Bipolar,0.4871794871794872,0.21666666666666662,0.8222222222222222,0.8111111111111111
Japan,0.30434782608695654,Other,Low,Keto,0.5375,Low,Depression,0.4358974358974359,0.48333333333333334,0.7222222222222221,0.911111111111111
Australia,0.7826086956521738,Other,Low,Vegan,0.32499999999999996,Moderate,Bipolar,0.33333333333333337,0.08333333333333331,0.8666666666666667,0.07777777777777778
Japan,0.26086956521739135,Male,Moderate,Vegetarian,0.375,Low,Bipolar,1.0,0.75,0.16666666666666669,0.7555555555555555
Canada,0.8478260869565217,Other,Low,Balanced,0.4625,High,Bipolar,0.33333333333333337,0.8499999999999999,0.07777777777777778,0.25555555555555554
India,0.15217391304347827,Female,Low,Keto,0.4625,High,PTSD,0.5128205128205128,0.10000000000000003,0.12222222222222223,0.17777777777777776
Canada,0.08695652173913049,Other,Moderate,Balanced,0.5375,Moderate,PTSD,0.6666666666666667,0.8166666666666667,0.15555555555555556,0.6000000000000001
Australia,0.17391304347826086,Male,High,Junk Food,0.3375,Moderate,Depression,0.641025641025641,0.7666666666666666,0.5333333333333332,0.711111111111111
Germany,0.0,Male,Moderate,Vegetarian,0.6875,Low,Depression,0.6666666666666667,0.3499999999999999,0.9666666666666666,0.39999999999999997
Australia,0.7608695652173914,Female,Low,Vegan,0.4625,Moderate,Anxiety,0.5897435897435896,0.6833333333333333,0.35555555555555557,0.044444444444444425
USA,0.7391304347826086,Male,Moderate,Balanced,0.525,Low,Depression,0.10256410256410264,0.0,0.9555555555555555,0.911111111111111
Australia,0.02173913043478265,Male,Low,Vegetarian,0.42500000000000004,Low,Anxiety,0.9487179487179487,0.9333333333333333,0.033333333333333326,0.7333333333333332
USA,0.8478260869565217,Female,Low,Vegan,0.55,High,Bipolar,0.6923076923076923,0.55,0.9222222222222223,0.26666666666666666
Australia,0.4782608695652174,Other,Moderate,Balanced,0.8125,Low,Depression,0.7948717948717949,0.6166666666666667,0.17777777777777776,0.49999999999999994
Brazil,0.17391304347826086,Female,Low,Vegetarian,0.42500000000000004,High,Depression,0.5897435897435896,0.6666666666666667,0.911111111111111,0.033333333333333326
USA,0.7173913043478262,Other,High,Keto,0.4,Low,Depression,0.1282051282051282,0.5666666666666667,0.05555555555555555,0.3444444444444444
India,0.9782608695652173,Female,Low,Balanced,0.35,Low,Anxiety,0.23076923076923084,0.8499999999999999,0.9444444444444444,0.5222222222222221
Canada,0.28260869565217395,Other,Moderate,Vegetarian,0.48750000000000004,Moderate,Anxiety,0.05128205128205132,0.6166666666666667,0.19999999999999996,0.5222222222222221
Canada,0.06521739130434784,Female,High,Vegan,0.48750000000000004,Moderate,Anxiety,0.15384615384615385,0.9000000000000001,0.3,0.21111111111111108
Japan,0.6304347826086956,Other,High,Vegetarian,0.5125,High,Anxiety,0.7179487179487181,0.5833333333333333,0.4888888888888889,0.7777777777777777
Canada,0.6521739130434783,Female,Low,Keto,0.5875,Moderate,Anxiety,0.8461538461538463,0.16666666666666669,0.3777777777777778,0.3
Germany,0.8043478260869565,Other,Moderate,Balanced,0.5625,Low,PTSD,0.15384615384615385,0.9166666666666667,0.6666666666666665,0.5777777777777777
Brazil,0.21739130434782616,Female,Low,Balanced,0.5,High,Depression,0.41025641025641024,0.6833333333333333,0.9777777777777779,0.26666666666666666
Australia,0.7391304347826086,Male,Low,Balanced,0.8625,High,Anxiety,0.3076923076923077,0.7,0.6111111111111112,0.4222222222222222
Japan,0.15217391304347827,Other,Moderate,Keto,0.625,High,Depression,0.5128205128205128,0.9833333333333334,0.7222222222222221,0.21111111111111108
Germany,0.043478260869565244,Female,Moderate,Vegan,0.30000000000000004,Low,Depression,0.7692307692307692,0.08333333333333331,0.08888888888888888,0.6333333333333333
Germany,0.28260869565217395,Other,Low,Balanced,0.21250000000000002,Moderate,PTSD,0.20512820512820518,0.4333333333333333,0.6333333333333333,0.4222222222222222
USA,0.26086956521739135,Other,High,Vegan,0.375,High,Depression,0.3076923076923077,0.23333333333333334,0.45555555555555544,0.011111111111111127
Canada,0.9565217391304348,Female,Low,Vegetarian,0.525,Low,Anxiety,0.41025641025641024,0.6333333333333333,0.8888888888888888,0.033333333333333326
India,0.673913043478261,Other,High,Vegan,0.35,Moderate,Depression,0.17948717948717952,0.8,0.3888888888888889,0.4666666666666666
India,0.7173913043478262,Female,Low,Vegan,0.38749999999999996,Moderate,Anxiety,0.20512820512820518,0.9666666666666666,0.6777777777777776,0.17777777777777776
Japan,0.9565217391304348,Male,Moderate,Balanced,0.5,High,Anxiety,0.20512820512820518,0.45,0.23333333333333334,0.5888888888888888
Brazil,0.3913043478260869,Other,High,Junk Food,0.4375,Low,PTSD,1.0,0.7833333333333334,0.25555555555555554,0.41111111111111115
India,0.8043478260869565,Male,Moderate,Junk Food,0.11249999999999999,Moderate,Anxiety,0.7435897435897436,0.9166666666666667,0.3777777777777778,0.6555555555555557
Australia,0.32608695652173914,Other,Moderate,Keto,0.7,Low,PTSD,0.15384615384615385,0.6833333333333333,0.3,0.9555555555555555
India,0.02173913043478265,Other,Moderate,Keto,0.6625,Moderate,Anxiety,0.41025641025641024,0.24999999999999994,0.25555555555555554,0.5333333333333332
Japan,0.8478260869565217,Other,Moderate,Junk Food,0.26249999999999996,High,Anxiety,0.9743589743589745,0.5999999999999999,0.044444444444444425,0.7888888888888888
India,0.34782608695652173,Female,Moderate,Vegetarian,0.5125,High,Depression,0.9487179487179487,0.9666666666666666,0.8333333333333333,0.7555555555555555
Australia,0.7173913043478262,Male,Low,Balanced,0.2875,Moderate,Anxiety,0.10256410256410264,0.9833333333333334,0.06666666666666668,0.9222222222222223
USA,0.8913043478260869,Other,High,Balanced,0.38749999999999996,Low,Bipolar,0.41025641025641024,0.6500000000000001,0.8888888888888888,0.21111111111111108
Brazil,0.32608695652173914,Female,Low,Vegetarian,0.5875,Moderate,Anxiety,1.0,0.8833333333333333,0.12222222222222223,0.8222222222222222
Japan,0.8043478260869565,Other,Low,Vegetarian,0.65,Low,Depression,0.0,0.2,0.06666666666666668,0.8999999999999999
USA,0.02173913043478265,Female,Low,Junk Food,0.65,Moderate,Bipolar,0.3846153846153846,0.24999999999999994,0.5666666666666667,0.3888888888888889
USA,0.02173913043478265,Other,Moderate,Keto,0.55,High,PTSD,0.41025641025641024,0.95,0.49999999999999994,0.31111111111111106
USA,0.5434782608695652,Male,Low,Vegetarian,0.7375,Low,Anxiety,0.7435897435897436,0.1333333333333333,0.4888888888888889,0.9555555555555555
Germany,0.26086956521739135,Male,High,Keto,0.38749999999999996,High,PTSD,0.7692307692307692,0.1833333333333333,0.5777777777777777,0.6222222222222222
Brazil,1.0,Other,Low,Vegan,0.42500000000000004,Low,Anxiety,0.8717948717948718,0.4166666666666667,0.28888888888888886,0.3777777777777778
Canada,0.6521739130434783,Female,Moderate,Balanced,0.012500000000000011,Moderate,Anxiety,0.17948717948717952,0.5833333333333333,0.6666666666666665,0.7888888888888888
Brazil,0.7173913043478262,Other,High,Junk Food,0.48750000000000004,High,Anxiety,0.7435897435897436,0.5999999999999999,0.49999999999999994,0.3
Germany,0.8260869565217392,Female,High,Balanced,0.6125,High,Depression,0.9743589743589745,0.3,0.3333333333333333,0.17777777777777776
Canada,0.043478260869565244,Other,High,Junk Food,0.55,Low,Anxiety,0.5128205128205128,0.9166666666666667,0.8222222222222222,0.5444444444444445
Brazil,0.15217391304347827,Female,High,Vegan,0.38749999999999996,Low,Bipolar,0.35897435897435903,0.9166666666666667,0.7222222222222221,0.5666666666666667
USA,0.4782608695652174,Male,Low,Balanced,0.6625,Low,Bipolar,0.8461538461538463,0.4000000000000001,0.3888888888888889,0.8222222222222222
Japan,0.28260869565217395,Other,Moderate,Vegan,0.48750000000000004,High,Anxiety,0.6666666666666667,0.4333333333333333,0.8444444444444443,0.45555555555555544
Canada,0.5652173913043479,Male,High,Junk Food,0.6375,Moderate,PTSD,0.02564102564102566,0.7,0.9222222222222223,0.8111111111111111
Australia,0.6086956521739131,Male,High,Vegetarian,0.5875,Low,Bipolar,0.23076923076923084,0.6666666666666667,0.5333333333333332,0.31111111111111106
Australia,0.8260869565217392,Other,Moderate,Balanced,0.7625,Moderate,Anxiety,0.10256410256410264,0.38333333333333325,0.21111111111111108,0.5777777777777777
India,0.8260869565217392,Other,Low,Vegan,0.5625,Low,PTSD,0.6666666666666667,0.4166666666666667,0.911111111111111,0.21111111111111108
Canada,0.0,Female,High,Balanced,0.6125,Moderate,Anxiety,0.07692307692307698,0.3499999999999999,0.18888888888888888,0.3888888888888889
Japan,0.34782608695652173,Female,Low,Balanced,0.48750000000000004,Low,Anxiety,0.3076923076923077,0.23333333333333334,0.044444444444444425,0.8555555555555554
Germany,0.8695652173913044,Male,Low,Balanced,0.4,Moderate,PTSD,0.41025641025641024,0.45,0.3222222222222222,0.21111111111111108
USA,0.6304347826086956,Female,Low,Keto,0.5875,High,Depression,0.5128205128205128,0.6833333333333333,0.7222222222222221,0.8111111111111111
India,0.26086956521739135,Female,Low,Vegan,0.7875000000000001,Low,Depression,0.5641025641025641,0.75,0.9222222222222223,0.27777777777777773
Australia,0.4347826086956522,Other,High,Vegan,0.38749999999999996,Low,Bipolar,0.8205128205128205,0.7833333333333334,0.6333333333333333,0.033333333333333326
Germany,0.3913043478260869,Female,High,Balanced,0.44999999999999996,High,PTSD,0.35897435897435903,0.36666666666666664,0.9555555555555555,0.1111111111111111
Germany,0.3913043478260869,Male,Low,Vegetarian,0.5,Low,Depression,0.33333333333333337,0.7666666666666666,0.08888888888888888,0.7444444444444445
USA,0.5217391304347826,Female,Low,Balanced,0.625,Low,Bipolar,0.20512820512820518,0.0,0.05555555555555555,0.26666666666666666
Canada,0.4565217391304348,Male,Moderate,Keto,0.5625,High,Anxiety,0.9230769230769231,0.48333333333333334,0.6000000000000001,0.6555555555555557
Australia,0.6521739130434783,Other,Moderate,Junk Food,0.675,High,Anxiety,0.7435897435897436,0.8,0.9666666666666666,0.7
Japan,0.34782608695652173,Male,Moderate,Keto,0.875,Moderate,PTSD,0.7179487179487181,0.6333333333333333,0.49999999999999994,0.3444444444444444
Germany,0.4782608695652174,Female,High,Vegetarian,0.375,High,PTSD,0.5641025641025641,0.4666666666666666,0.05555555555555555,0.4777777777777777
USA,0.673913043478261,Other,Moderate,Balanced,0.6125,High,PTSD,0.8461538461538463,0.6500000000000001,0.2222222222222222,0.39999999999999997
Japan,0.19565217391304346,Female,High,Vegan,0.5625,Low,PTSD,0.15384615384615385,0.9000000000000001,0.24444444444444446,0.9444444444444444
Canada,0.19565217391304346,Other,High,Balanced,0.5,High,Depression,0.20512820512820518,0.5666666666666667,0.3333333333333333,0.3222222222222222
Australia,0.7608695652173914,Other,High,Vegetarian,0.6125,Low,Depression,0.07692307692307698,0.8,0.044444444444444425,0.17777777777777776
Canada,0.15217391304347827,Female,High,Vegan,0.44999999999999996,High,Bipolar,0.02564102564102566,0.9833333333333334,0.8999999999999999,0.36666666666666664
Germany,0.4130434782608696,Female,Moderate,Keto,0.5625,High,Depression,0.6666666666666667,0.7,0.5111111111111111,0.6666666666666665
Japan,0.673913043478261,Other,Low,Junk Food,0.25,Moderate,Anxiety,0.8205128205128205,0.5666666666666667,0.6666666666666665,0.7
Japan,0.28260869565217395,Other,Low,Junk Food,0.4,High,Bipolar,0.7948717948717949,0.03333333333333338,0.06666666666666668,0.9222222222222223
Japan,0.5869565217391305,Female,Low,Balanced,0.7,High,Depression,0.9230769230769231,0.36666666666666664,0.05555555555555555,0.8777777777777778
Germany,0.9782608695652173,Male,Moderate,Keto,0.6875,Low,PTSD,0.6666666666666667,0.5666666666666667,0.5888888888888888,0.28888888888888886
Germany,0.5,Female,Low,Vegetarian,0.55,Low,Depression,0.6923076923076923,0.8,0.8888888888888888,0.45555555555555544
Canada,0.30434782608695654,Other,Moderate,Junk Food,0.4125,Moderate,Anxiety,0.05128205128205132,0.4333333333333333,0.5333333333333332,0.7444444444444445
India,0.4565217391304348,Female,Moderate,Keto,0.65,High,Bipolar,0.8974358974358974,0.9666666666666666,0.8777777777777778,0.911111111111111
Canada,0.6304347826086956,Male,Moderate,Balanced,0.7375,Low,Depression,0.17948717948717952,0.26666666666666666,0.8111111111111111,0.3333333333333333
Australia,0.06521739130434784,Female,Low,Vegan,0.42500000000000004,High,Depression,0.9230769230769231,0.75,0.07777777777777778,0.4444444444444445
USA,0.26086956521739135,Other,Low,Balanced,0.22499999999999998,Moderate,Anxiety,0.9487179487179487,0.4166666666666667,0.19999999999999996,0.8999999999999999
Japan,0.4782608695652174,Female,Low,Balanced,0.5875,Low,PTSD,0.5384615384615385,0.48333333333333334,0.6555555555555557,0.35555555555555557
India,0.15217391304347827,Other,High,Keto,0.675,Low,PTSD,0.33333333333333337,0.8,0.4444444444444445,0.4777777777777777
USA,0.3695652173913043,Other,Moderate,Junk Food,0.6125,Moderate,Anxiety,0.35897435897435903,0.3,0.28888888888888886,0.8999999999999999
India,0.23913043478260876,Female,High,Keto,0.7875000000000001,High,Anxiety,0.07692307692307698,0.10000000000000003,0.4222222222222222,0.7999999999999998
Brazil,0.6521739130434783,Other,Moderate,Vegan,0.8,Low,Anxiety,0.4358974358974359,0.5166666666666666,0.4444444444444445,0.24444444444444446
Canada,0.28260869565217395,Other,Low,Keto,0.4375,Low,Bipolar,0.0,0.5333333333333334,0.911111111111111,0.3222222222222222
Germany,0.7173913043478262,Male,Moderate,Vegetarian,0.5375,Moderate,PTSD,0.28205128205128205,0.8,0.09999999999999998,0.35555555555555557
Japan,0.3695652173913043,Male,Moderate,Balanced,0.4125,Moderate,Anxiety,0.41025641025641024,0.9666666666666666,0.27777777777777773,0.911111111111111
Canada,0.7173913043478262,Male,High,Junk Food,0.3125,Moderate,Anxiety,0.46153846153846156,0.04999999999999999,0.5333333333333332,1.0
USA,0.21739130434782616,Male,Moderate,Vegan,0.32499999999999996,High,Bipolar,0.8974358974358974,0.5999999999999999,0.7,0.7777777777777777
Brazil,0.8695652173913044,Other,Low,Balanced,0.6375,High,Anxiety,0.15384615384615385,0.6833333333333333,0.6333333333333333,0.4888888888888889
Brazil,0.23913043478260876,Female,Moderate,Keto,0.5625,High,Anxiety,0.20512820512820518,0.9833333333333334,0.9444444444444444,0.011111111111111127
Brazil,0.30434782608695654,Other,Moderate,Vegetarian,0.6625,Moderate,Bipolar,0.17948717948717952,0.95,0.7999999999999998,0.7
USA,0.6521739130434783,Other,Moderate,Keto,0.9750000000000001,Low,Anxiety,0.6153846153846154,0.7166666666666666,0.5555555555555556,0.3888888888888889
USA,0.6086956521739131,Other,High,Balanced,0.5875,High,Depression,0.15384615384615385,0.5166666666666666,0.21111111111111108,0.6333333333333333
USA,0.5434782608695652,Female,Moderate,Vegan,0.35,Moderate,PTSD,0.17948717948717952,0.16666666666666669,0.45555555555555544,0.6111111111111112
USA,0.3695652173913043,Male,Moderate,Junk Food,0.7,High,Anxiety,0.5897435897435896,0.38333333333333325,0.6888888888888889,0.4777777777777777
Brazil,0.673913043478261,Other,High,Balanced,0.35,Low,Bipolar,0.41025641025641024,0.5833333333333333,0.8333333333333333,0.9444444444444444
Brazil,0.4565217391304348,Other,High,Vegan,0.825,Low,Anxiety,0.28205128205128205,0.7333333333333334,0.9555555555555555,0.022222222222222227
India,0.8043478260869565,Male,High,Balanced,0.125,Moderate,PTSD,0.7692307692307692,0.6333333333333333,0.6000000000000001,0.711111111111111
Canada,0.34782608695652173,Other,High,Vegetarian,0.4,Low,PTSD,0.28205128205128205,0.7166666666666666,0.5222222222222221,0.41111111111111115
Japan,0.4782608695652174,Female,Low,Keto,0.6125,Moderate,Anxiety,0.02564102564102566,0.4333333333333333,0.022222222222222227,0.711111111111111
Germany,0.5,Other,Low,Junk Food,0.7250000000000001,Moderate,PTSD,0.28205128205128205,0.7333333333333334,0.06666666666666668,0.6777777777777776
Brazil,0.15217391304347827,Other,Moderate,Vegan,0.375,Moderate,Anxiety,0.6666666666666667,0.14999999999999997,0.15555555555555556,0.011111111111111127
Germany,0.8695652173913044,Male,Low,Junk Food,0.3375,Moderate,Depression,0.15384615384615385,0.16666666666666669,0.05555555555555555,0.28888888888888886
Canada,0.10869565217391308,Other,Moderate,Junk Food,0.525,Low,Anxiety,0.3076923076923077,0.16666666666666669,0.39999999999999997,0.18888888888888888
Canada,0.08695652173913049,Other,Low,Junk Food,0.8625,Low,Anxiety,0.8974358974358974,0.8833333333333333,0.3333333333333333,0.16666666666666669
Germany,0.9347826086956521,Female,High,Vegan,0.21250000000000002,Low,PTSD,0.0,0.08333333333333331,0.6333333333333333,0.7333333333333332
Brazil,0.6086956521739131,Male,High,Vegan,0.4375,Low,PTSD,0.8717948717948718,0.8,0.5333333333333332,0.24444444444444446
Germany,0.5869565217391305,Male,Low,Junk Food,0.55,Moderate,PTSD,0.7435897435897436,0.23333333333333334,0.6000000000000001,0.4777777777777777
India,0.21739130434782616,Female,Low,Keto,0.35,Moderate,Anxiety,0.7692307692307692,0.4666666666666666,0.4666666666666666,0.24444444444444446
Australia,0.0,Other,Moderate,Balanced,0.35,Low,Bipolar,0.41025641025641024,0.9166666666666667,0.27777777777777773,0.5777777777777777
Brazil,0.9130434782608696,Male,Moderate,Junk Food,0.44999999999999996,High,Anxiety,0.17948717948717952,0.5833333333333333,0.9555555555555555,0.7222222222222221
Brazil,0.3913043478260869,Male,Moderate,Vegetarian,0.55,High,Anxiety,0.05128205128205132,0.21666666666666662,0.08888888888888888,0.3333333333333333
Japan,0.17391304347826086,Other,High,Junk Food,0.4625,High,Anxiety,0.23076923076923084,0.2833333333333334,0.9444444444444444,0.6000000000000001
USA,0.5652173913043479,Other,High,Vegan,0.7749999999999999,Low,PTSD,0.8461538461538463,0.9166666666666667,0.31111111111111106,0.8222222222222222
Australia,0.7173913043478262,Male,High,Balanced,0.6125,Moderate,Depression,0.5384615384615385,0.4333333333333333,0.5111111111111111,0.08888888888888888
Canada,0.9347826086956521,Other,High,Vegetarian,0.575,Moderate,Anxiety,0.07692307692307698,0.5833333333333333,0.1111111111111111,0.711111111111111
Brazil,0.06521739130434784,Male,Moderate,Balanced,0.6875,High,Depression,0.7948717948717949,0.4666666666666666,0.06666666666666668,0.3222222222222222
Germany,0.7608695652173914,Other,High,Balanced,0.575,High,Anxiety,0.7179487179487181,0.38333333333333325,0.4333333333333334,0.12222222222222223
Australia,0.3695652173913043,Other,High,Vegetarian,0.4125,Moderate,Anxiety,0.2564102564102564,0.21666666666666662,0.7444444444444445,0.5444444444444445
Japan,0.30434782608695654,Female,High,Junk Food,0.44999999999999996,High,PTSD,0.3076923076923077,0.6833333333333333,0.26666666666666666,0.2222222222222222
Canada,0.26086956521739135,Other,High,Junk Food,0.2875,High,Anxiety,0.07692307692307698,0.7166666666666666,0.5666666666666667,0.8222222222222222
USA,0.3913043478260869,Female,Low,Junk Food,0.875,Moderate,PTSD,0.02564102564102566,0.26666666666666666,0.27777777777777773,0.044444444444444425
USA,0.10869565217391308,Other,Moderate,Keto,0.675,High,PTSD,0.8461538461538463,0.7833333333333334,0.3888888888888889,0.09999999999999998
Japan,0.23913043478260876,Male,Moderate,Junk Food,0.025000000000000022,High,PTSD,0.5384615384615385,0.8499999999999999,0.911111111111111,0.5222222222222221
Japan,0.7826086956521738,Male,High,Vegetarian,0.75,Low,Depression,0.10256410256410264,0.9166666666666667,0.8555555555555554,0.5888888888888888
Germany,0.34782608695652173,Other,Low,Keto,0.22499999999999998,High,Anxiety,0.20512820512820518,0.16666666666666669,0.5111111111111111,0.7333333333333332
Brazil,0.4782608695652174,Other,Moderate,Junk Food,0.6,Low,Bipolar,0.4871794871794872,0.3,0.23333333333333334,0.25555555555555554
USA,0.5434782608695652,Male,Moderate,Keto,0.08750000000000002,Moderate,Anxiety,0.5128205128205128,0.8666666666666667,0.18888888888888888,0.8444444444444443
Canada,0.6086956521739131,Other,High,Vegetarian,0.42500000000000004,Low,PTSD,0.41025641025641024,0.2,0.9555555555555555,0.9555555555555555
Australia,0.6956521739130435,Female,High,Junk Food,0.75,Moderate,Anxiety,0.28205128205128205,0.0,0.19999999999999996,0.49999999999999994
Canada,0.5652173913043479,Female,Moderate,Vegan,0.7625,Low,Anxiety,0.6923076923076923,0.8666666666666667,0.8111111111111111,0.7555555555555555
India,0.5217391304347826,Female,Moderate,Vegetarian,0.5625,Low,Bipolar,0.4358974358974359,0.3333333333333333,0.36666666666666664,0.5222222222222221
India,0.19565217391304346,Female,Low,Balanced,0.65,Low,Bipolar,0.05128205128205132,0.4166666666666667,0.9888888888888889,0.06666666666666668
Japan,1.0,Female,Moderate,Balanced,0.23750000000000004,High,PTSD,0.10256410256410264,0.45,0.36666666666666664,0.3222222222222222
Germany,0.4782608695652174,Other,Moderate,Vegetarian,0.6,High,Bipolar,0.33333333333333337,0.8499999999999999,0.35555555555555557,0.08888888888888888
India,0.4347826086956522,Other,High,Balanced,0.6625,High,Bipolar,0.641025641025641,0.3333333333333333,0.6333333333333333,0.9888888888888889
USA,0.4347826086956522,Female,Moderate,Vegetarian,0.9875,High,Anxiety,0.46153846153846156,0.9000000000000001,0.9666666666666666,0.23333333333333334
Canada,0.9130434782608696,Other,High,Vegan,0.38749999999999996,High,Anxiety,0.41025641025641024,0.6166666666666667,0.9777777777777779,0.6333333333333333
Canada,0.26086956521739135,Other,Moderate,Vegetarian,0.5,Low,PTSD,0.9743589743589745,0.5333333333333334,0.711111111111111,0.28888888888888886
Japan,0.7826086956521738,Female,Moderate,Junk Food,0.5125,High,Anxiety,0.07692307692307698,0.3333333333333333,0.7555555555555555,0.6555555555555557
Brazil,0.6956521739130435,Other,Moderate,Junk Food,0.625,Moderate,PTSD,0.8717948717948718,0.24999999999999994,0.5666666666666667,0.21111111111111108
Brazil,0.5,Other,Low,Keto,0.6625,Low,Depression,0.5897435897435896,0.6166666666666667,0.7555555555555555,0.7888888888888888
Australia,0.9347826086956521,Other,High,Balanced,0.7,Low,Bipolar,0.3076923076923077,0.45,0.8555555555555554,0.1111111111111111
Japan,0.21739130434782616,Female,Low,Balanced,0.6875,Moderate,Anxiety,0.8205128205128205,0.9166666666666667,0.4888888888888889,0.8999999999999999
Australia,0.34782608695652173,Other,Moderate,Vegetarian,0.22499999999999998,High,Anxiety,0.35897435897435903,0.48333333333333334,0.6222222222222222,0.8444444444444443
Brazil,0.06521739130434784,Male,Low,Balanced,0.012500000000000011,Moderate,Depression,0.35897435897435903,0.5166666666666666,0.5333333333333332,0.6777777777777776
Japan,1.0,Male,High,Junk Food,0.4,Low,Depression,0.7692307692307692,0.4166666666666667,0.5666666666666667,0.06666666666666668
Japan,0.5217391304347826,Female,Moderate,Vegan,0.48750000000000004,Low,Bipolar,0.6923076923076923,0.7833333333333334,0.8888888888888888,0.21111111111111108
Japan,0.6304347826086956,Male,Low,Vegetarian,0.38749999999999996,Low,Anxiety,0.23076923076923084,0.4166666666666667,0.35555555555555557,0.8555555555555554
Brazil,0.17391304347826086,Female,Low,Balanced,0.4125,Moderate,Anxiety,0.15384615384615385,0.26666666666666666,0.21111111111111108,0.12222222222222223
Australia,0.4347826086956522,Male,High,Junk Food,0.4375,High,Anxiety,0.8205128205128205,0.8666666666666667,0.45555555555555544,0.15555555555555556
Australia,0.4130434782608696,Male,Low,Keto,0.6125,Low,Bipolar,0.15384615384615385,0.5999999999999999,0.21111111111111108,0.5444444444444445
Japan,0.3913043478260869,Male,High,Balanced,0.30000000000000004,High,Depression,0.10256410256410264,0.5833333333333333,0.49999999999999994,0.27777777777777773
India,0.3913043478260869,Female,Moderate,Vegan,0.48750000000000004,Low,Bipolar,0.641025641025641,0.6166666666666667,0.8999999999999999,0.2222222222222222
Germany,0.23913043478260876,Female,Moderate,Vegan,0.48750000000000004,High,PTSD,0.3846153846153846,0.7166666666666666,0.6222222222222222,0.5777777777777777
Brazil,0.7826086956521738,Other,Low,Balanced,0.6,Moderate,Depression,0.17948717948717952,0.3166666666666666,0.8555555555555554,0.3777777777777778
Germany,0.8913043478260869,Female,Moderate,Balanced,0.7124999999999999,Low,Bipolar,0.5384615384615385,0.03333333333333338,0.16666666666666669,0.14444444444444443
Germany,0.34782608695652173,Male,Moderate,Junk Food,0.8125,Low,Anxiety,0.8461538461538463,0.8166666666666667,0.8999999999999999,0.5333333333333332
Australia,0.7826086956521738,Male,Low,Balanced,0.36250000000000004,Low,Anxiety,1.0,0.1333333333333333,0.6000000000000001,0.3888888888888889
Australia,0.8260869565217392,Female,Moderate,Keto,0.125,Moderate,Anxiety,0.6923076923076923,0.7166666666666666,0.033333333333333326,0.7333333333333332
India,0.5869565217391305,Female,Low,Junk Food,0.44999999999999996,Moderate,PTSD,0.8974358974358974,0.08333333333333331,0.6333333333333333,0.09999999999999998
Germany,0.8695652173913044,Female,High,Vegetarian,0.19999999999999996,High,Anxiety,0.15384615384615385,0.38333333333333325,0.9555555555555555,0.6222222222222222
Germany,0.7391304347826086,Other,High,Keto,1.0,Moderate,Anxiety,1.0,0.06666666666666665,0.07777777777777778,0.4333333333333334
Japan,1.0,Male,High,Junk Food,0.3375,Low,PTSD,0.6923076923076923,0.5166666666666666,0.5777777777777777,0.41111111111111115
Australia,0.3695652173913043,Other,Low,Junk Food,0.6,High,Anxiety,0.02564102564102566,0.6500000000000001,0.911111111111111,0.23333333333333334
Germany,0.28260869565217395,Other,Low,Vegan,0.675,Moderate,PTSD,0.20512820512820518,0.16666666666666669,0.011111111111111127,0.033333333333333326
Canada,0.7391304347826086,Male,Moderate,Junk Food,0.5625,High,Anxiety,0.1282051282051282,0.36666666666666664,0.6333333333333333,0.8444444444444443
India,0.9347826086956521,Male,Moderate,Keto,0.8875,High,Anxiety,0.0,0.9333333333333333,0.4777777777777777,0.3222222222222222
Canada,0.8695652173913044,Female,Moderate,Balanced,0.4625,High,Bipolar,0.05128205128205132,0.45,0.3444444444444444,0.6777777777777776
Canada,0.13043478260869568,Female,Moderate,Keto,0.3375,Low,Anxiety,0.23076923076923084,0.8,0.6222222222222222,0.9444444444444444
Brazil,0.8695652173913044,Other,Moderate,Vegetarian,0.3375,Low,Bipolar,0.9230769230769231,0.9333333333333333,0.05555555555555555,0.5666666666666667
Brazil,0.26086956521739135,Female,Low,Junk Food,0.6375,Moderate,Anxiety,0.5641025641025641,0.9666666666666666,0.7555555555555555,0.39999999999999997
India,0.3695652173913043,Female,Low,Junk Food,0.4625,Low,Anxiety,0.8205128205128205,0.9000000000000001,0.0,0.26666666666666666
Canada,0.7826086956521738,Male,High,Junk Food,0.3375,High,Bipolar,0.20512820512820518,0.3166666666666666,0.31111111111111106,0.9333333333333333
Germany,0.26086956521739135,Male,High,Junk Food,0.5875,High,PTSD,0.3076923076923077,0.9666666666666666,0.49999999999999994,0.6777777777777776
Australia,0.7608695652173914,Female,High,Vegan,0.6375,Low,Anxiety,0.6923076923076923,0.8166666666666667,0.3777777777777778,0.6666666666666665
India,0.6521739130434783,Male,High,Vegan,0.55,High,Anxiety,0.15384615384615385,0.8333333333333333,0.31111111111111106,0.4222222222222222
Japan,0.02173913043478265,Female,Low,Balanced,0.6625,Low,PTSD,0.641025641025641,0.016666666666666663,0.8333333333333333,0.8444444444444443
Canada,0.32608695652173914,Male,Low,Junk Food,0.5125,High,Anxiety,0.3846153846153846,0.95,0.9333333333333333,0.711111111111111
India,0.17391304347826086,Male,Low,Vegetarian,0.38749999999999996,Moderate,Depression,1.0,0.7833333333333334,0.8777777777777778,0.27777777777777773
USA,0.17391304347826086,Male,Moderate,Balanced,0.65,Moderate,Anxiety,0.641025641025641,0.7666666666666666,0.5222222222222221,0.6000000000000001
USA,0.8043478260869565,Male,Moderate,Junk Food,0.3375,Low,PTSD,0.9743589743589745,0.08333333333333331,0.8888888888888888,0.4333333333333334
Brazil,0.21739130434782616,Female,High,Vegan,0.2875,Low,Depression,0.7948717948717949,0.23333333333333334,0.9222222222222223,0.011111111111111127
Australia,0.4565217391304348,Other,Moderate,Vegetarian,0.7124999999999999,Low,Anxiety,0.8974358974358974,0.9666666666666666,0.41111111111111115,0.8111111111111111
Germany,0.6956521739130435,Male,Low,Balanced,0.4375,Low,Bipolar,0.0,0.49999999999999994,0.28888888888888886,0.12222222222222223
Australia,0.7608695652173914,Female,High,Vegetarian,0.8125,Low,PTSD,0.5128205128205128,0.4000000000000001,0.09999999999999998,0.5111111111111111
Australia,0.9565217391304348,Female,High,Junk Food,0.6625,High,Bipolar,0.3076923076923077,0.8333333333333333,0.4777777777777777,0.3333333333333333
Australia,0.4782608695652174,Male,Moderate,Keto,0.42500000000000004,Moderate,Anxiety,0.641025641025641,0.08333333333333331,0.9444444444444444,0.3444444444444444
Australia,0.9565217391304348,Other,High,Vegetarian,0.5875,High,Depression,0.20512820512820518,0.4166666666666667,0.5555555555555556,0.4777777777777777
Japan,0.9565217391304348,Male,Moderate,Vegetarian,0.9750000000000001,Moderate,PTSD,0.9230769230769231,0.38333333333333325,0.6666666666666665,1.0
Japan,0.7173913043478262,Female,Moderate,Vegan,0.6375,High,Anxiety,0.5641025641025641,0.3499999999999999,0.1111111111111111,0.41111111111111115
Brazil,0.17391304347826086,Other,High,Junk Food,0.6125,High,Anxiety,0.0,0.3,0.14444444444444443,0.17777777777777776
India,0.5,Female,Moderate,Vegetarian,0.38749999999999996,High,Depression,0.02564102564102566,0.21666666666666662,0.4666666666666666,0.6111111111111112
USA,0.15217391304347827,Male,Moderate,Junk Food,0.8500000000000001,Low,Bipolar,0.6923076923076923,0.16666666666666669,0.9555555555555555,0.23333333333333334
Australia,0.13043478260869568,Other,Moderate,Vegan,0.75,Moderate,Bipolar,0.8974358974358974,0.6333333333333333,0.35555555555555557,0.09999999999999998
Brazil,0.7608695652173914,Female,Moderate,Junk Food,0.38749999999999996,Low,PTSD,0.7692307692307692,0.9166666666666667,0.8777777777777778,0.05555555555555555
India,0.3695652173913043,Female,High,Vegan,0.8500000000000001,Low,PTSD,0.10256410256410264,0.5166666666666666,0.12222222222222223,0.022222222222222227
USA,0.043478260869565244,Female,Low,Vegan,0.525,High,Bipolar,0.9230769230769231,0.3,0.6222222222222222,0.4333333333333334
Canada,0.5869565217391305,Male,Low,Balanced,0.3375,Moderate,PTSD,0.6153846153846154,0.16666666666666669,0.6000000000000001,0.4222222222222222
Germany,0.10869565217391308,Other,Moderate,Junk Food,0.38749999999999996,Moderate,Bipolar,0.17948717948717952,0.8333333333333333,0.8555555555555554,0.18888888888888888
Japan,0.9347826086956521,Male,Moderate,Keto,0.6625,Moderate,Depression,0.8461538461538463,0.9666666666666666,0.0,0.7888888888888888
Canada,0.9347826086956521,Male,Moderate,Balanced,0.3375,Moderate,PTSD,0.9743589743589745,0.3499999999999999,0.18888888888888888,0.13333333333333336
USA,0.4347826086956522,Male,Low,Vegan,0.2875,Low,Bipolar,0.7948717948717949,0.2833333333333334,0.2222222222222222,0.911111111111111
Canada,0.5869565217391305,Other,Moderate,Keto,0.4125,Low,PTSD,0.2564102564102564,0.5999999999999999,0.9444444444444444,0.5888888888888888
Germany,0.8478260869565217,Male,High,Vegetarian,0.44999999999999996,Moderate,Anxiety,0.6153846153846154,0.7833333333333334,0.15555555555555556,0.022222222222222227
Brazil,0.0,Male,High,Vegetarian,0.375,Low,Anxiety,0.05128205128205132,0.45,0.033333333333333326,0.9666666666666666
USA,0.7608695652173914,Male,High,Balanced,0.4125,Moderate,Anxiety,0.7948717948717949,0.6333333333333333,0.5333333333333332,0.31111111111111106
Canada,0.4347826086956522,Male,Low,Keto,0.675,Low,Bipolar,0.8717948717948718,0.7166666666666666,0.5333333333333332,0.4444444444444445
Japan,0.9130434782608696,Female,Moderate,Junk Food,0.55,High,Anxiety,0.7948717948717949,0.9666666666666666,0.8444444444444443,0.28888888888888886
Japan,0.7391304347826086,Male,Moderate,Keto,0.4,High,Bipolar,0.8461538461538463,0.16666666666666669,0.9444444444444444,0.7333333333333332
India,0.26086956521739135,Female,Moderate,Balanced,0.42500000000000004,Moderate,PTSD,0.9230769230769231,1.0,0.5333333333333332,0.4888888888888889
Canada,0.19565217391304346,Male,Low,Junk Food,0.475,Moderate,Bipolar,0.10256410256410264,0.4000000000000001,0.9333333333333333,0.13333333333333336
Australia,0.9347826086956521,Other,Low,Junk Food,0.48750000000000004,Low,Anxiety,0.6923076923076923,0.7166666666666666,0.7222222222222221,0.09999999999999998
Canada,1.0,Female,Low,Vegetarian,0.48750000000000004,Moderate,PTSD,0.6923076923076923,0.5666666666666667,0.26666666666666666,0.7222222222222221
Brazil,0.19565217391304346,Female,Low,Keto,0.6625,Moderate,Anxiety,0.17948717948717952,0.48333333333333334,0.9333333333333333,0.23333333333333334
USA,0.9782608695652173,Female,High,Junk Food,0.5375,Low,PTSD,0.6666666666666667,0.7,0.6666666666666665,0.13333333333333336
USA,0.26086956521739135,Female,Low,Balanced,0.5375,Moderate,Bipolar,0.3846153846153846,0.4000000000000001,0.41111111111111115,0.49999999999999994
Brazil,0.7826086956521738,Other,Low,Vegetarian,0.7625,Moderate,Bipolar,0.4358974358974359,0.1333333333333333,0.6777777777777776,0.7999999999999998
Canada,0.8043478260869565,Male,Low,Junk Food,0.8500000000000001,High,Anxiety,0.6153846153846154,0.48333333333333334,0.39999999999999997,0.27777777777777773
Brazil,0.5,Female,Moderate,Keto,0.275,High,Depression,0.0,0.5166666666666666,0.1111111111111111,0.27777777777777773
Germany,0.02173913043478265,Other,Moderate,Vegetarian,0.19999999999999996,High,Bipolar,0.17948717948717952,0.2,0.7222222222222221,0.8333333333333333
Brazil,0.4565217391304348,Female,Moderate,Keto,0.4375,Moderate,Depression,0.5128205128205128,0.9333333333333333,0.8222222222222222,0.14444444444444443
Japan,0.34782608695652173,Male,High,Keto,0.65,Low,PTSD,0.8461538461538463,0.23333333333333334,0.7333333333333332,0.6222222222222222
Brazil,0.7608695652173914,Female,High,Keto,0.575,High,Depression,0.5897435897435896,0.4166666666666667,0.23333333333333334,0.9555555555555555
USA,0.28260869565217395,Other,Low,Vegetarian,0.7,Moderate,Anxiety,0.9230769230769231,0.14999999999999997,0.9555555555555555,0.8444444444444443
Japan,0.19565217391304346,Male,Moderate,Junk Food,0.42500000000000004,High,Anxiety,0.641025641025641,0.5333333333333334,0.022222222222222227,0.06666666666666668
USA,0.7391304347826086,Other,High,Vegan,0.1375,Low,Anxiety,0.33333333333333337,0.3,0.3333333333333333,0.3222222222222222
India,0.5217391304347826,Male,Moderate,Junk Food,0.23750000000000004,Low,Anxiety,0.7179487179487181,0.48333333333333334,0.25555555555555554,0.14444444444444443
Australia,0.043478260869565244,Male,High,Vegetarian,0.6,Low,Anxiety,0.7435897435897436,0.21666666666666662,0.044444444444444425,0.9444444444444444
USA,1.0,Male,High,Vegan,0.7,Low,Anxiety,0.05128205128205132,0.04999999999999999,0.41111111111111115,0.9888888888888889
Japan,0.8043478260869565,Female,Low,Vegan,0.1375,Low,Bipolar,0.15384615384615385,0.7833333333333334,0.6222222222222222,0.23333333333333334
India,0.34782608695652173,Other,Low,Vegan,0.7625,Low,Depression,0.8974358974358974,0.6333333333333333,0.8777777777777778,0.6666666666666665
USA,0.23913043478260876,Other,High,Balanced,0.5875,Moderate,Anxiety,0.2564102564102564,0.3333333333333333,0.9888888888888889,0.8444444444444443
Germany,0.5,Other,Low,Vegetarian,0.48750000000000004,High,Bipolar,0.7948717948717949,0.04999999999999999,0.8111111111111111,0.23333333333333334
Brazil,0.6086956521739131,Male,High,Balanced,0.38749999999999996,Low,Anxiety,0.28205128205128205,0.8666666666666667,0.4666666666666666,0.18888888888888888
Australia,0.9130434782608696,Female,High,Vegan,0.8,High,PTSD,0.35897435897435903,0.16666666666666669,0.7222222222222221,0.011111111111111127
USA,0.5217391304347826,Male,Moderate,Balanced,0.6625,High,Anxiety,0.9487179487179487,0.9333333333333333,0.8444444444444443,0.41111111111111115
India,0.7608695652173914,Other,Low,Balanced,0.5875,Moderate,Anxiety,0.5897435897435896,0.48333333333333334,0.4666666666666666,0.8999999999999999
Germany,0.5434782608695652,Female,Low,Vegetarian,0.36250000000000004,Low,Bipolar,0.0,0.3333333333333333,0.7888888888888888,0.8999999999999999
Canada,0.8043478260869565,Female,Low,Keto,0.8,Low,PTSD,0.4358974358974359,0.75,0.4777777777777777,0.12222222222222223
India,0.0,Female,Moderate,Balanced,0.5,Moderate,Depression,0.15384615384615385,0.8833333333333333,0.3888888888888889,0.19999999999999996
Brazil,0.4130434782608696,Other,Moderate,Balanced,0.55,Moderate,PTSD,0.02564102564102566,0.36666666666666664,0.5222222222222221,0.41111111111111115
India,0.5869565217391305,Female,Moderate,Vegan,0.5125,Moderate,PTSD,1.0,0.4000000000000001,0.6777777777777776,0.7777777777777777
Germany,0.32608695652173914,Female,Low,Vegan,0.36250000000000004,Moderate,Depression,0.7692307692307692,0.4333333333333333,0.7222222222222221,0.6111111111111112
India,1.0,Male,Low,Vegan,0.5625,Moderate,Depression,0.8205128205128205,0.9166666666666667,0.35555555555555557,0.5111111111111111
Germany,0.34782608695652173,Male,Low,Junk Food,0.625,High,PTSD,0.7435897435897436,0.7,0.5666666666666667,0.5888888888888888
USA,0.8478260869565217,Female,Moderate,Balanced,0.4125,Moderate,Anxiety,0.7692307692307692,0.24999999999999994,0.911111111111111,0.09999999999999998
Germany,0.5869565217391305,Female,Moderate,Vegan,0.55,Low,Anxiety,0.8461538461538463,0.1833333333333333,0.9777777777777779,0.4777777777777777
Germany,0.23913043478260876,Male,High,Vegetarian,0.5125,Low,PTSD,0.15384615384615385,0.23333333333333334,0.2222222222222222,0.9888888888888889
Australia,0.5652173913043479,Male,Moderate,Junk Food,0.675,Moderate,Anxiety,0.6153846153846154,0.26666666666666666,0.18888888888888888,0.08888888888888888
Germany,0.8913043478260869,Male,High,Keto,0.44999999999999996,Moderate,Depression,0.3846153846153846,0.23333333333333334,0.6777777777777776,0.5222222222222221
Germany,1.0,Other,Low,Balanced,0.5375,Moderate,Depression,0.5384615384615385,0.6666666666666667,0.41111111111111115,0.3
Canada,0.6304347826086956,Other,Moderate,Balanced,0.5875,Moderate,Anxiety,0.8974358974358974,0.1166666666666667,0.022222222222222227,0.5444444444444445
USA,0.8695652173913044,Male,Low,Vegetarian,0.4375,Moderate,Depression,0.6666666666666667,0.38333333333333325,0.3444444444444444,0.5777777777777777
Brazil,0.7173913043478262,Female,Low,Keto,0.35,Low,Anxiety,0.41025641025641024,0.6333333333333333,0.8111111111111111,0.5777777777777777
Australia,0.7826086956521738,Male,Low,Keto,0.375,High,Depression,0.07692307692307698,0.2833333333333334,0.7999999999999998,0.8555555555555554
Canada,0.10869565217391308,Other,Low,Junk Food,0.575,Moderate,PTSD,0.8717948717948718,0.06666666666666665,0.49999999999999994,0.3888888888888889
Japan,0.13043478260869568,Female,Moderate,Balanced,0.44999999999999996,Moderate,Bipolar,0.5384615384615385,0.08333333333333331,0.4777777777777777,0.5111111111111111
USA,0.673913043478261,Other,Low,Vegan,0.44999999999999996,Moderate,Anxiety,0.8717948717948718,0.1333333333333333,0.5777777777777777,0.011111111111111127
USA,0.673913043478261,Female,High,Vegetarian,0.6125,Low,Anxiety,0.35897435897435903,0.8333333333333333,0.2222222222222222,0.7888888888888888
Japan,0.5217391304347826,Other,Moderate,Vegetarian,0.6875,Low,Depression,1.0,0.6500000000000001,0.5222222222222221,0.25555555555555554
Brazil,0.6956521739130435,Female,Low,Vegetarian,0.7250000000000001,High,Depression,0.5128205128205128,0.06666666666666665,0.011111111111111127,0.8111111111111111
Germany,0.13043478260869568,Female,Moderate,Vegetarian,0.38749999999999996,High,Bipolar,0.3076923076923077,0.38333333333333325,0.4777777777777777,0.26666666666666666
Canada,0.23913043478260876,Female,High,Vegan,0.675,High,Bipolar,0.2564102564102564,0.2833333333333334,0.3333333333333333,0.011111111111111127
India,0.32608695652173914,Female,Low,Vegan,0.8875,High,PTSD,0.6666666666666667,0.5833333333333333,0.6777777777777776,0.15555555555555556
Australia,0.32608695652173914,Other,High,Junk Food,0.525,Low,Anxiety,0.7692307692307692,0.5166666666666666,0.6333333333333333,0.9888888888888889
India,0.9130434782608696,Other,Low,Balanced,0.48750000000000004,High,PTSD,0.7948717948717949,0.48333333333333334,0.3777777777777778,0.3222222222222222
Japan,0.7608695652173914,Female,High,Vegan,0.44999999999999996,Moderate,Anxiety,0.7435897435897436,0.3166666666666666,0.011111111111111127,0.1111111111111111
USA,0.26086956521739135,Female,Low,Junk Food,0.30000000000000004,Low,Depression,0.4358974358974359,0.1333333333333333,0.25555555555555554,0.12222222222222223
Brazil,0.13043478260869568,Other,Moderate,Keto,0.6625,Low,PTSD,0.3846153846153846,0.75,0.6333333333333333,0.31111111111111106
USA,0.7608695652173914,Female,Low,Balanced,0.48750000000000004,Low,Depression,0.8717948717948718,0.8833333333333333,0.07777777777777778,0.033333333333333326
Australia,1.0,Female,Moderate,Vegan,0.475,Moderate,Depression,0.20512820512820518,0.95,0.1111111111111111,0.5111111111111111
USA,0.17391304347826086,Female,Low,Keto,0.625,Low,PTSD,0.9743589743589745,0.06666666666666665,0.6444444444444444,0.21111111111111108
USA,0.673913043478261,Male,Low,Junk Food,0.65,Moderate,PTSD,0.9230769230769231,0.7333333333333334,0.7555555555555555,0.5222222222222221
Australia,0.21739130434782616,Female,High,Vegan,0.38749999999999996,High,Bipolar,0.23076923076923084,0.7333333333333334,0.3222222222222222,0.14444444444444443
Canada,0.15217391304347827,Male,High,Vegan,0.38749999999999996,Low,Anxiety,0.28205128205128205,0.95,0.4888888888888889,0.4333333333333334
Canada,0.6956521739130435,Female,High,Keto,0.38749999999999996,Moderate,Bipolar,0.17948717948717952,0.24999999999999994,0.9444444444444444,0.6000000000000001
Australia,0.4782608695652174,Other,Low,Vegan,0.8999999999999999,Low,Anxiety,0.05128205128205132,0.75,0.9444444444444444,0.06666666666666668
Brazil,0.5217391304347826,Male,Low,Vegetarian,0.7749999999999999,High,PTSD,0.46153846153846156,0.04999999999999999,0.31111111111111106,0.39999999999999997
Japan,0.15217391304347827,Male,Low,Vegan,0.6375,Low,Anxiety,0.2564102564102564,0.6333333333333333,0.8111111111111111,0.3
USA,0.9565217391304348,Female,Moderate,Balanced,0.42500000000000004,High,Anxiety,0.17948717948717952,0.3499999999999999,0.5888888888888888,0.24444444444444446
Brazil,0.4565217391304348,Female,Moderate,Keto,0.44999999999999996,Low,Bipolar,0.641025641025641,0.7666666666666666,0.9777777777777779,0.6000000000000001
USA,0.06521739130434784,Male,Low,Balanced,0.5625,Moderate,Bipolar,0.5641025641025641,0.8666666666666667,0.4777777777777777,0.5888888888888888
Japan,0.8478260869565217,Other,High,Junk Food,0.9125000000000001,High,Bipolar,0.23076923076923084,0.36666666666666664,0.7777777777777777,0.6333333333333333
Canada,0.043478260869565244,Other,High,Balanced,0.55,Low,Depression,0.4358974358974359,0.5333333333333334,0.7666666666666666,0.15555555555555556
Brazil,0.6086956521739131,Female,High,Vegetarian,0.6,High,Depression,0.28205128205128205,0.1166666666666667,0.49999999999999994,0.28888888888888886
Germany,0.8695652173913044,Other,Low,Vegetarian,0.025000000000000022,High,PTSD,0.9743589743589745,0.4166666666666667,0.7999999999999998,0.21111111111111108
Germany,0.6086956521739131,Other,High,Balanced,0.55,Moderate,PTSD,0.641025641025641,0.36666666666666664,0.25555555555555554,0.5444444444444445
Germany,0.7173913043478262,Female,Low,Junk Food,0.23750000000000004,Moderate,Depression,0.2564102564102564,0.1833333333333333,0.12222222222222223,0.45555555555555544
Canada,0.7173913043478262,Other,Moderate,Vegan,0.4125,Moderate,Bipolar,0.23076923076923084,0.9000000000000001,0.4222222222222222,0.3333333333333333
Canada,0.5869565217391305,Female,High,Vegetarian,0.5125,Moderate,Depression,0.05128205128205132,0.14999999999999997,0.9444444444444444,0.7888888888888888
Japan,0.26086956521739135,Male,Moderate,Balanced,0.4375,High,Anxiety,0.15384615384615385,0.6333333333333333,0.49999999999999994,0.08888888888888888
USA,0.30434782608695654,Female,High,Balanced,0.375,High,Bipolar,0.07692307692307698,0.8833333333333333,0.6333333333333333,0.9777777777777779
Japan,0.4782608695652174,Male,Low,Balanced,0.38749999999999996,Low,Depression,1.0,0.9166666666666667,0.6222222222222222,0.1111111111111111
Japan,0.9347826086956521,Male,Low,Vegan,0.4625,Low,PTSD,0.17948717948717952,0.8,0.13333333333333336,0.7777777777777777
Canada,0.5434782608695652,Other,Low,Keto,0.44999999999999996,Low,Depression,0.9487179487179487,0.1833333333333333,0.3888888888888889,0.36666666666666664
Germany,0.06521739130434784,Other,Low,Junk Food,0.5,Moderate,Anxiety,0.3076923076923077,0.8166666666666667,0.711111111111111,0.8666666666666667
India,0.5434782608695652,Other,High,Keto,0.48750000000000004,High,Depression,0.28205128205128205,0.2833333333333334,0.9666666666666666,0.07777777777777778
USA,0.8478260869565217,Female,Moderate,Junk Food,0.7375,High,Bipolar,0.8717948717948718,0.9166666666666667,0.16666666666666669,0.3777777777777778
Canada,0.17391304347826086,Other,Low,Junk Food,0.11249999999999999,Low,Depression,0.9487179487179487,0.7166666666666666,0.41111111111111115,0.3333333333333333
Germany,0.08695652173913049,Male,High,Balanced,0.55,Low,PTSD,0.8974358974358974,0.7833333333333334,0.09999999999999998,0.9888888888888889
Brazil,0.673913043478261,Other,Moderate,Vegetarian,0.5125,High,Anxiety,0.02564102564102566,0.08333333333333331,0.24444444444444446,0.9888888888888889
India,0.4130434782608696,Other,Low,Balanced,0.475,Moderate,Anxiety,0.35897435897435903,0.5833333333333333,0.3777777777777778,0.18888888888888888
India,0.21739130434782616,Female,Moderate,Vegan,0.36250000000000004,Low,Bipolar,0.8461538461538463,0.8166666666666667,0.5444444444444445,0.6333333333333333
Canada,0.30434782608695654,Female,Low,Junk Food,0.475,Low,PTSD,0.9743589743589745,0.8666666666666667,0.23333333333333334,0.5333333333333332
Australia,0.673913043478261,Male,Moderate,Vegetarian,0.1875,High,Anxiety,0.641025641025641,0.03333333333333338,0.2222222222222222,0.15555555555555556
USA,0.5869565217391305,Female,Moderate,Junk Food,0.5375,High,Depression,0.10256410256410264,0.9333333333333333,0.7777777777777777,0.16666666666666669
India,0.4565217391304348,Other,Low,Junk Food,0.575,Low,Anxiety,0.6153846153846154,0.04999999999999999,0.9666666666666666,0.9888888888888889
Canada,0.8695652173913044,Female,High,Balanced,0.36250000000000004,Low,Anxiety,0.8461538461538463,0.6166666666666667,0.3222222222222222,0.45555555555555544
Canada,0.34782608695652173,Male,Moderate,Vegetarian,0.8625,Moderate,Anxiety,0.07692307692307698,0.7,0.6888888888888889,0.12222222222222223
Germany,0.5434782608695652,Other,Low,Vegetarian,0.475,Moderate,Anxiety,0.8461538461538463,0.10000000000000003,0.25555555555555554,0.21111111111111108
Brazil,0.9347826086956521,Male,Moderate,Junk Food,0.5125,Moderate,Depression,0.6666666666666667,0.04999999999999999,0.9333333333333333,0.26666666666666666
Australia,0.13043478260869568,Female,Moderate,Vegetarian,0.75,Moderate,Depression,0.7179487179487181,0.7833333333333334,0.6777777777777776,0.5111111111111111
USA,0.8913043478260869,Female,High,Vegetarian,0.8999999999999999,Low,Bipolar,0.10256410256410264,0.38333333333333325,0.7999999999999998,0.3333333333333333
Japan,0.5434782608695652,Male,Moderate,Balanced,0.2875,Low,Depression,0.4358974358974359,0.10000000000000003,0.044444444444444425,0.45555555555555544
Brazil,0.5217391304347826,Other,Moderate,Keto,0.38749999999999996,Low,Anxiety,0.07692307692307698,0.7666666666666666,0.6000000000000001,0.16666666666666669
Brazil,0.19565217391304346,Female,Low,Vegan,0.475,Moderate,Anxiety,0.0,0.8499999999999999,0.5222222222222221,0.3222222222222222
Germany,0.9565217391304348,Female,Low,Keto,0.36250000000000004,Low,Depression,0.4871794871794872,0.5833333333333333,0.28888888888888886,0.06666666666666668
India,0.3913043478260869,Other,High,Vegetarian,0.6625,High,Bipolar,0.1282051282051282,0.16666666666666669,0.26666666666666666,0.8888888888888888
India,0.21739130434782616,Female,Moderate,Junk Food,0.3375,Moderate,Bipolar,0.4871794871794872,0.016666666666666663,0.5777777777777777,0.19999999999999996
Germany,0.26086956521739135,Male,Moderate,Vegan,0.7375,High,Anxiety,0.4871794871794872,0.7,0.711111111111111,0.7555555555555555
Canada,0.15217391304347827,Female,Moderate,Vegan,0.6125,Moderate,Depression,0.6666666666666667,0.55,0.033333333333333326,0.3444444444444444
India,0.8478260869565217,Female,High,Junk Food,0.7124999999999999,Low,Depression,0.641025641025641,0.6500000000000001,0.5666666666666667,0.4777777777777777
Australia,0.06521739130434784,Other,Moderate,Vegan,0.3375,Moderate,Bipolar,0.7948717948717949,0.8166666666666667,0.16666666666666669,0.28888888888888886
USA,1.0,Male,Low,Junk Food,0.42500000000000004,High,Depression,0.23076923076923084,0.4333333333333333,0.14444444444444443,0.7
Brazil,0.6521739130434783,Other,High,Vegan,0.6625,Moderate,Anxiety,0.4358974358974359,0.1166666666666667,0.6222222222222222,0.8444444444444443
Brazil,0.5869565217391305,Female,Low,Keto,0.6375,High,Anxiety,0.28205128205128205,0.9333333333333333,0.31111111111111106,0.28888888888888886
Australia,0.21739130434782616,Female,Low,Vegan,0.44999999999999996,Low,Anxiety,0.23076923076923084,0.55,0.4444444444444445,0.24444444444444446
India,0.9130434782608696,Other,High,Balanced,0.475,High,Depression,0.5897435897435896,0.6166666666666667,0.35555555555555557,0.6777777777777776
Brazil,0.0,Other,Low,Junk Food,0.4125,Low,Anxiety,0.5897435897435896,0.9333333333333333,0.6444444444444444,0.19999999999999996
Japan,1.0,Other,Moderate,Vegan,0.4625,High,PTSD,0.9487179487179487,0.9333333333333333,0.4666666666666666,0.6444444444444444
USA,0.8043478260869565,Male,High,Junk Food,0.32499999999999996,Low,PTSD,0.6153846153846154,0.5666666666666667,0.9666666666666666,0.08888888888888888
USA,0.5,Female,Low,Balanced,0.2875,High,Depression,0.17948717948717952,0.3,0.35555555555555557,0.6222222222222222
Brazil,1.0,Other,Moderate,Vegan,0.6875,Low,Depression,0.33333333333333337,1.0,0.7444444444444445,0.5111111111111111
Germany,0.6521739130434783,Female,Moderate,Vegan,0.4625,Low,Anxiety,0.7692307692307692,0.6833333333333333,0.25555555555555554,0.1111111111111111
Brazil,0.8695652173913044,Male,Low,Balanced,0.7124999999999999,Low,Anxiety,0.5897435897435896,0.4166666666666667,0.5111111111111111,0.6444444444444444
Germany,0.9782608695652173,Male,Moderate,Balanced,0.6125,High,Anxiety,0.3846153846153846,0.5666666666666667,0.5555555555555556,0.4444444444444445
Brazil,0.5434782608695652,Male,High,Balanced,0.5625,High,Depression,0.4871794871794872,0.4166666666666667,0.3333333333333333,0.2222222222222222
Japan,0.08695652173913049,Male,Low,Junk Food,0.36250000000000004,Low,Depression,0.9487179487179487,0.8833333333333333,0.4666666666666666,0.35555555555555557
Canada,0.4130434782608696,Female,Moderate,Balanced,0.275,Moderate,Bipolar,0.35897435897435903,0.48333333333333334,0.27777777777777773,0.4888888888888889
USA,0.8695652173913044,Male,Moderate,Junk Food,0.4125,Low,Anxiety,0.33333333333333337,0.8166666666666667,0.011111111111111127,0.08888888888888888
Brazil,0.21739130434782616,Male,Low,Keto,0.7875000000000001,Moderate,Depression,0.28205128205128205,0.8333333333333333,0.21111111111111108,0.9555555555555555
Japan,0.6956521739130435,Other,Low,Vegan,0.6625,Low,PTSD,0.8461538461538463,0.8166666666666667,0.7,0.6666666666666665
Germany,0.8043478260869565,Male,Low,Vegan,0.4,High,Bipolar,0.17948717948717952,0.7166666666666666,0.7666666666666666,0.09999999999999998
Germany,0.5652173913043479,Other,Low,Vegetarian,0.4125,Moderate,Anxiety,0.46153846153846156,0.8499999999999999,0.27777777777777773,0.8222222222222222
USA,0.7173913043478262,Male,High,Keto,0.32499999999999996,High,Bipolar,0.10256410256410264,0.38333333333333325,0.41111111111111115,0.3222222222222222
Australia,0.30434782608695654,Male,Low,Balanced,0.21250000000000002,Moderate,Anxiety,0.6666666666666667,0.1166666666666667,0.033333333333333326,0.6000000000000001
Brazil,0.673913043478261,Other,High,Balanced,0.525,Moderate,PTSD,0.3076923076923077,0.8499999999999999,0.23333333333333334,0.27777777777777773
India,0.4347826086956522,Male,High,Keto,0.825,Moderate,Anxiety,0.7948717948717949,0.49999999999999994,0.7777777777777777,0.7333333333333332
Germany,0.9782608695652173,Female,Low,Balanced,0.825,Moderate,Anxiety,0.7692307692307692,0.1333333333333333,0.6111111111111112,0.7222222222222221
Canada,0.08695652173913049,Female,High,Vegetarian,0.6125,High,Anxiety,0.9230769230769231,0.1166666666666667,0.21111111111111108,0.5555555555555556
Canada,0.10869565217391308,Male,Low,Junk Food,0.38749999999999996,Moderate,Anxiety,0.02564102564102566,0.16666666666666669,0.25555555555555554,0.24444444444444446
Germany,0.8043478260869565,Female,Low,Vegan,0.22499999999999998,Low,Bipolar,0.15384615384615385,0.75,0.8222222222222222,0.25555555555555554
Australia,0.4565217391304348,Other,Moderate,Keto,0.7,Low,PTSD,0.2564102564102564,0.7166666666666666,0.21111111111111108,0.3777777777777778
Australia,0.3695652173913043,Male,Low,Vegan,0.5875,Moderate,Anxiety,0.2564102564102564,0.2,0.3333333333333333,0.14444444444444443
Japan,0.28260869565217395,Male,Moderate,Junk Food,0.4375,High,Anxiety,0.5641025641025641,0.8499999999999999,0.6666666666666665,0.3333333333333333
Canada,0.19565217391304346,Other,High,Keto,0.4125,High,Bipolar,0.7692307692307692,0.2833333333333334,0.5666666666666667,0.6888888888888889
Japan,0.9782608695652173,Other,Moderate,Junk Food,0.6125,Moderate,PTSD,0.17948717948717952,0.8,0.45555555555555544,0.8333333333333333
Canada,0.26086956521739135,Other,High,Balanced,0.35,High,PTSD,0.7948717948717949,0.48333333333333334,0.8999999999999999,0.3333333333333333
Brazil,0.6521739130434783,Male,Low,Balanced,0.55,High,Depression,0.5128205128205128,0.7333333333333334,0.2222222222222222,0.23333333333333334
Brazil,0.6304347826086956,Other,High,Balanced,0.275,High,Anxiety,0.7692307692307692,0.38333333333333325,0.7444444444444445,0.8333333333333333
India,0.043478260869565244,Other,High,Junk Food,0.9125000000000001,Moderate,Bipolar,0.0,0.3499999999999999,0.15555555555555556,0.8888888888888888
Brazil,0.6304347826086956,Female,Low,Junk Food,0.375,Low,Bipolar,0.3076923076923077,0.8333333333333333,0.6111111111111112,0.41111111111111115
India,0.10869565217391308,Female,High,Junk Food,0.625,Low,Anxiety,0.2564102564102564,0.03333333333333338,0.8666666666666667,0.022222222222222227
Brazil,0.6086956521739131,Male,Low,Vegan,0.275,Low,PTSD,0.7179487179487181,0.9666666666666666,0.45555555555555544,0.7
USA,0.15217391304347827,Female,Moderate,Junk Food,0.475,Low,Anxiety,0.07692307692307698,0.6500000000000001,0.7222222222222221,0.7888888888888888
Brazil,0.9347826086956521,Female,Low,Balanced,0.6625,Low,Anxiety,0.8974358974358974,0.4333333333333333,0.8222222222222222,0.022222222222222227
Japan,0.9565217391304348,Other,Low,Vegetarian,0.7124999999999999,High,Bipolar,0.35897435897435903,0.6333333333333333,0.13333333333333336,0.6000000000000001
Germany,0.9130434782608696,Other,High,Junk Food,0.6375,High,Anxiety,0.05128205128205132,0.1166666666666667,0.711111111111111,0.5888888888888888
Japan,0.9347826086956521,Female,Moderate,Vegetarian,0.475,High,PTSD,0.7179487179487181,0.5166666666666666,0.9222222222222223,0.3777777777777778
Germany,0.6956521739130435,Female,Low,Balanced,0.375,Moderate,Depression,0.5128205128205128,0.9833333333333334,0.5777777777777777,0.7444444444444445
Australia,0.34782608695652173,Female,Moderate,Junk Food,0.30000000000000004,High,Depression,0.02564102564102566,0.23333333333333334,0.18888888888888888,0.4333333333333334
Japan,0.21739130434782616,Male,Moderate,Vegan,0.7875000000000001,Low,Anxiety,0.1282051282051282,0.7166666666666666,0.12222222222222223,0.6777777777777776
Australia,0.26086956521739135,Male,High,Vegan,0.525,High,Anxiety,0.7692307692307692,0.4333333333333333,0.25555555555555554,0.5222222222222221
India,0.21739130434782616,Male,Low,Vegetarian,0.55,Low,PTSD,0.5897435897435896,0.6500000000000001,0.09999999999999998,0.24444444444444446
India,0.6521739130434783,Female,High,Vegan,0.7124999999999999,High,Anxiety,1.0,0.2,0.5111111111111111,0.6111111111111112
USA,0.5869565217391305,Female,Low,Vegan,0.6125,Low,Depression,0.41025641025641024,0.4666666666666666,0.06666666666666668,0.7333333333333332
Brazil,0.9347826086956521,Male,Moderate,Vegan,0.475,High,PTSD,0.10256410256410264,0.9833333333333334,0.2222222222222222,0.9777777777777779
Japan,0.10869565217391308,Male,Low,Balanced,0.6375,Low,PTSD,0.02564102564102566,0.2,0.4444444444444445,0.3777777777777778
Australia,0.8695652173913044,Female,Low,Vegan,0.38749999999999996,Low,PTSD,0.28205128205128205,0.6333333333333333,0.4777777777777777,0.06666666666666668
Germany,0.32608695652173914,Other,Moderate,Keto,0.21250000000000002,Moderate,Anxiety,0.10256410256410264,0.5833333333333333,0.5666666666666667,0.9888888888888889
India,0.06521739130434784,Male,Moderate,Junk Food,0.7625,High,Anxiety,0.4871794871794872,0.5666666666666667,0.711111111111111,0.6222222222222222
Brazil,0.7391304347826086,Female,Low,Vegan,0.4,Low,Bipolar,0.17948717948717952,0.6166666666666667,0.044444444444444425,0.9444444444444444
India,0.5434782608695652,Female,High,Vegan,0.4375,High,Depression,0.0,0.49999999999999994,0.07777777777777778,0.09999999999999998
Germany,0.23913043478260876,Other,Low,Vegan,0.4625,Low,Anxiety,0.1282051282051282,0.016666666666666663,0.05555555555555555,0.3444444444444444
Brazil,0.21739130434782616,Female,Moderate,Keto,0.38749999999999996,Moderate,Depression,0.2564102564102564,0.9000000000000001,0.4222222222222222,0.13333333333333336
Brazil,0.7826086956521738,Female,High,Vegan,0.7124999999999999,Moderate,Anxiety,0.05128205128205132,0.8333333333333333,0.044444444444444425,0.8333333333333333
Australia,0.5217391304347826,Male,Moderate,Vegan,0.575,Moderate,Bipolar,0.7692307692307692,0.16666666666666669,0.7444444444444445,0.8777777777777778
Australia,0.3695652173913043,Male,Moderate,Junk Food,0.4375,Moderate,Depression,0.6923076923076923,0.4166666666666667,0.2222222222222222,0.49999999999999994
Japan,0.3913043478260869,Other,High,Keto,0.26249999999999996,Low,Bipolar,0.10256410256410264,0.7666666666666666,0.9444444444444444,0.18888888888888888
Japan,0.4782608695652174,Other,Moderate,Keto,0.5625,High,Depression,0.641025641025641,0.9833333333333334,0.4888888888888889,0.12222222222222223
Canada,0.8043478260869565,Female,Moderate,Vegan,0.03749999999999998,Moderate,Anxiety,0.3846153846153846,0.95,0.4444444444444445,0.5888888888888888
Canada,0.3695652173913043,Male,Moderate,Keto,0.5375,Moderate,Anxiety,0.7692307692307692,0.9000000000000001,0.7777777777777777,0.5111111111111111
USA,0.5434782608695652,Other,Moderate,Vegetarian,0.75,Moderate,Depression,0.6923076923076923,0.16666666666666669,0.711111111111111,0.7
India,0.10869565217391308,Other,Moderate,Keto,0.5125,High,Depression,0.15384615384615385,0.9166666666666667,0.6111111111111112,0.3
Japan,0.06521739130434784,Other,Moderate,Keto,0.7250000000000001,Low,Bipolar,0.9487179487179487,0.8833333333333333,0.9333333333333333,0.39999999999999997
Australia,0.9347826086956521,Female,Moderate,Keto,0.275,Low,PTSD,0.20512820512820518,0.38333333333333325,0.4222222222222222,0.022222222222222227
Germany,0.6086956521739131,Male,Moderate,Balanced,0.8875,Low,Depression,0.9743589743589745,0.4000000000000001,0.8111111111111111,0.6111111111111112
Australia,0.7173913043478262,Other,Moderate,Balanced,0.7,Low,Anxiety,0.8717948717948718,0.4666666666666666,0.3777777777777778,0.4222222222222222
India,0.34782608695652173,Male,Low,Balanced,0.5875,High,Anxiety,0.6666666666666667,0.6500000000000001,0.8333333333333333,0.9222222222222223
Canada,0.9130434782608696,Other,Low,Keto,0.38749999999999996,High,Anxiety,0.28205128205128205,0.26666666666666666,0.25555555555555554,0.6444444444444444
Australia,0.9130434782608696,Other,Moderate,Vegetarian,0.36250000000000004,High,Anxiety,0.6153846153846154,0.016666666666666663,0.28888888888888886,0.39999999999999997
USA,0.32608695652173914,Male,Low,Keto,0.48750000000000004,Moderate,Bipolar,0.7179487179487181,0.1333333333333333,0.6777777777777776,0.26666666666666666
India,0.02173913043478265,Male,High,Vegan,0.7250000000000001,High,Anxiety,0.7692307692307692,0.4333333333333333,0.21111111111111108,0.8999999999999999
Canada,0.7173913043478262,Male,Low,Vegetarian,0.25,Low,Anxiety,0.8461538461538463,0.2833333333333334,0.23333333333333334,0.011111111111111127
Germany,0.15217391304347827,Female,Moderate,Balanced,0.5,High,Depression,0.8205128205128205,0.7666666666666666,0.3,0.3222222222222222
Canada,0.26086956521739135,Other,Moderate,Junk Food,0.6375,Moderate,Anxiety,0.6666666666666667,0.10000000000000003,0.6777777777777776,0.9444444444444444
Brazil,0.8913043478260869,Female,Low,Vegetarian,0.675,Low,Depression,0.02564102564102566,0.9166666666666667,0.8888888888888888,0.6555555555555557
USA,0.15217391304347827,Male,Moderate,Balanced,0.6375,High,Bipolar,0.33333333333333337,0.9000000000000001,0.6777777777777776,0.5333333333333332
India,0.6304347826086956,Other,High,Vegetarian,0.23750000000000004,Low,PTSD,0.3076923076923077,0.9166666666666667,0.8333333333333333,0.19999999999999996
Germany,0.673913043478261,Female,High,Vegetarian,0.7124999999999999,Low,Depression,0.5897435897435896,0.7333333333333334,0.5444444444444445,0.8333333333333333
USA,0.7608695652173914,Other,Moderate,Keto,0.5125,High,Anxiety,0.10256410256410264,0.10000000000000003,0.06666666666666668,0.19999999999999996
Canada,1.0,Female,High,Vegan,0.30000000000000004,High,Anxiety,0.8461538461538463,0.4333333333333333,0.09999999999999998,0.24444444444444446
USA,0.6304347826086956,Male,High,Junk Food,0.5,Moderate,Anxiety,0.5641025641025641,0.1333333333333333,0.5555555555555556,0.18888888888888888
India,0.0,Female,Low,Balanced,0.1375,High,Anxiety,0.46153846153846156,0.9833333333333334,0.3333333333333333,0.15555555555555556
Japan,0.9130434782608696,Other,High,Vegetarian,0.6125,High,Depression,0.7435897435897436,0.3333333333333333,0.2222222222222222,0.9555555555555555
USA,0.8260869565217392,Other,Low,Junk Food,0.475,High,Bipolar,0.3846153846153846,0.5833333333333333,0.4666666666666666,0.6000000000000001
Brazil,0.34782608695652173,Other,Moderate,Vegetarian,0.26249999999999996,Low,Depression,1.0,0.7833333333333334,0.6666666666666665,0.6333333333333333
USA,0.4130434782608696,Other,Low,Vegan,0.44999999999999996,Moderate,Anxiety,0.8461538461538463,0.9166666666666667,0.3888888888888889,0.9555555555555555
Canada,0.5,Male,Moderate,Junk Food,0.36250000000000004,Low,Anxiety,0.2564102564102564,0.75,0.7999999999999998,0.23333333333333334
Canada,0.4565217391304348,Female,Moderate,Balanced,0.375,High,Depression,0.33333333333333337,0.6666666666666667,0.7333333333333332,0.011111111111111127
Germany,0.6086956521739131,Male,Moderate,Vegetarian,0.07500000000000001,Moderate,Anxiety,0.35897435897435903,0.4666666666666666,0.7333333333333332,0.6000000000000001
Canada,0.4565217391304348,Male,Moderate,Vegan,0.1875,High,Anxiety,0.8717948717948718,0.5999999999999999,0.9888888888888889,0.5111111111111111
Australia,0.9347826086956521,Male,Moderate,Junk Food,0.4625,Low,PTSD,0.15384615384615385,0.10000000000000003,0.3,0.4777777777777777
India,0.17391304347826086,Other,Low,Vegetarian,0.42500000000000004,Low,PTSD,0.7179487179487181,0.8833333333333333,0.6444444444444444,0.06666666666666668
India,0.7826086956521738,Other,Moderate,Vegetarian,0.6875,High,PTSD,0.5384615384615385,0.55,0.8555555555555554,0.45555555555555544
Japan,0.19565217391304346,Other,High,Balanced,0.38749999999999996,Moderate,Anxiety,0.5641025641025641,0.03333333333333338,0.5777777777777777,0.28888888888888886
Japan,0.7608695652173914,Female,High,Vegan,0.4,Low,Depression,0.5897435897435896,0.9166666666666667,0.7888888888888888,0.27777777777777773
India,0.7826086956521738,Other,Moderate,Keto,0.4125,High,Anxiety,0.8717948717948718,0.48333333333333334,0.41111111111111115,0.2222222222222222
Brazil,0.5869565217391305,Female,High,Vegetarian,0.4625,High,Bipolar,0.23076923076923084,0.8666666666666667,0.5888888888888888,0.3333333333333333
Japan,0.5869565217391305,Other,Low,Junk Food,0.5125,High,Depression,0.17948717948717952,0.8499999999999999,0.05555555555555555,0.35555555555555557
Germany,0.8913043478260869,Other,Low,Balanced,0.42500000000000004,Moderate,Anxiety,0.28205128205128205,0.8166666666666667,0.9888888888888889,0.31111111111111106
Canada,0.9130434782608696,Male,Moderate,Balanced,0.6125,High,PTSD,0.7179487179487181,0.06666666666666665,0.7999999999999998,0.9777777777777779
India,0.4347826086956522,Male,Moderate,Vegetarian,0.9375,High,Depression,0.7179487179487181,0.24999999999999994,0.8666666666666667,0.9333333333333333
Japan,0.5,Male,Moderate,Vegetarian,0.35,Low,Depression,0.5641025641025641,0.8833333333333333,0.6888888888888889,0.5777777777777777
India,0.8913043478260869,Female,High,Vegetarian,0.575,High,PTSD,0.641025641025641,0.9000000000000001,0.18888888888888888,0.9777777777777779
Australia,0.8478260869565217,Female,High,Keto,0.5,Moderate,Anxiety,0.9230769230769231,0.45,0.033333333333333326,0.9888888888888889
USA,0.02173913043478265,Other,Low,Vegetarian,0.7,High,Anxiety,0.7948717948717949,0.4333333333333333,0.8666666666666667,0.35555555555555557
Canada,0.15217391304347827,Female,High,Vegan,0.5375,Moderate,Anxiety,0.9487179487179487,0.1833333333333333,0.39999999999999997,0.4444444444444445
India,0.5652173913043479,Other,Low,Junk Food,0.36250000000000004,High,Depression,0.1282051282051282,0.9666666666666666,0.26666666666666666,0.9555555555555555
USA,0.4565217391304348,Female,High,Vegetarian,0.2875,High,PTSD,0.17948717948717952,0.21666666666666662,0.5666666666666667,0.6111111111111112
Japan,0.7826086956521738,Female,Low,Keto,0.6125,High,Bipolar,0.41025641025641024,0.1833333333333333,0.4222222222222222,0.21111111111111108
USA,0.5652173913043479,Female,Moderate,Junk Food,0.30000000000000004,Moderate,Anxiety,0.28205128205128205,0.6666666666666667,0.6555555555555557,0.6888888888888889
Canada,0.6086956521739131,Male,High,Balanced,0.7250000000000001,Low,Anxiety,0.5384615384615385,0.24999999999999994,0.4888888888888889,0.21111111111111108
India,0.043478260869565244,Female,Low,Vegetarian,0.6,Moderate,Anxiety,0.33333333333333337,0.9333333333333333,0.7,0.3444444444444444
Australia,0.9347826086956521,Male,High,Junk Food,0.5125,Low,Anxiety,0.8461538461538463,0.016666666666666663,0.8555555555555554,0.2222222222222222
Brazil,0.26086956521739135,Male,Moderate,Balanced,0.25,Moderate,Anxiety,0.46153846153846156,0.0,0.19999999999999996,0.24444444444444446
Japan,0.9565217391304348,Female,Low,Keto,0.625,High,PTSD,0.1282051282051282,0.49999999999999994,0.3333333333333333,0.0
India,0.19565217391304346,Other,High,Vegan,0.8,High,PTSD,0.4358974358974359,0.48333333333333334,0.4333333333333334,0.8777777777777778
Canada,0.7608695652173914,Other,High,Vegetarian,0.42500000000000004,Low,PTSD,0.8974358974358974,0.16666666666666669,0.9666666666666666,0.3
Japan,0.17391304347826086,Other,Moderate,Vegan,0.36250000000000004,Low,Depression,0.9230769230769231,0.49999999999999994,0.36666666666666664,0.08888888888888888
Germany,0.5652173913043479,Female,Moderate,Keto,0.48750000000000004,Moderate,PTSD,0.9487179487179487,0.4166666666666667,0.3777777777777778,0.08888888888888888
USA,0.7173913043478262,Other,Low,Junk Food,0.5875,Moderate,Depression,0.35897435897435903,0.8833333333333333,0.6555555555555557,0.5555555555555556
Brazil,0.0,Male,High,Junk Food,0.4,Low,Anxiety,0.9487179487179487,0.016666666666666663,0.4222222222222222,0.9888888888888889
Canada,0.673913043478261,Other,High,Keto,0.6625,Low,Anxiety,1.0,0.9833333333333334,0.9555555555555555,0.14444444444444443
Germany,0.5217391304347826,Female,Moderate,Keto,0.8625,Moderate,Anxiety,0.20512820512820518,0.6166666666666667,0.8999999999999999,0.09999999999999998
India,0.6086956521739131,Other,Moderate,Vegetarian,0.5625,Low,Anxiety,0.1282051282051282,0.14999999999999997,0.5111111111111111,0.4333333333333334
Australia,0.13043478260869568,Male,Low,Balanced,0.4375,Low,Anxiety,0.02564102564102566,0.04999999999999999,0.6444444444444444,0.5666666666666667
Japan,0.043478260869565244,Female,High,Vegan,0.5875,Low,PTSD,0.3846153846153846,0.5333333333333334,0.05555555555555555,0.28888888888888886
USA,0.4130434782608696,Other,High,Vegan,0.7250000000000001,Low,Bipolar,0.0,0.23333333333333334,0.7,0.3
Japan,0.4130434782608696,Female,Low,Junk Food,0.525,High,PTSD,0.7435897435897436,0.3,0.711111111111111,0.4222222222222222
Brazil,0.6304347826086956,Female,Low,Junk Food,0.5875,High,Bipolar,0.8205128205128205,0.24999999999999994,0.35555555555555557,0.31111111111111106
India,0.7391304347826086,Female,Moderate,Vegetarian,0.6375,Low,PTSD,0.0,0.6500000000000001,0.2222222222222222,0.911111111111111
Japan,0.7391304347826086,Other,Moderate,Keto,0.3375,Moderate,Anxiety,0.9743589743589745,0.55,0.911111111111111,0.044444444444444425
USA,0.8260869565217392,Female,Low,Vegan,0.5875,High,Anxiety,0.3846153846153846,0.08333333333333331,0.4222222222222222,0.23333333333333334
India,0.5652173913043479,Other,Low,Vegetarian,0.25,Moderate,Bipolar,0.41025641025641024,0.5333333333333334,0.6555555555555557,0.8111111111111111
Japan,0.5434782608695652,Male,High,Junk Food,0.375,Moderate,Anxiety,0.9487179487179487,0.7833333333333334,0.033333333333333326,0.8333333333333333
Australia,0.28260869565217395,Other,Low,Junk Food,0.7124999999999999,High,Anxiety,0.4358974358974359,0.08333333333333331,0.41111111111111115,0.1111111111111111
Canada,0.34782608695652173,Male,Low,Vegan,0.6625,Moderate,Bipolar,0.5384615384615385,0.8833333333333333,0.8222222222222222,0.9777777777777779
India,0.3695652173913043,Other,High,Junk Food,0.44999999999999996,Moderate,Anxiety,0.5384615384615385,0.5833333333333333,0.3888888888888889,0.6888888888888889
Canada,0.9565217391304348,Female,Low,Junk Food,0.825,Low,PTSD,0.8717948717948718,0.95,0.6000000000000001,0.27777777777777773
India,0.6086956521739131,Other,Moderate,Balanced,0.25,Low,Anxiety,0.7692307692307692,0.14999999999999997,0.21111111111111108,0.45555555555555544
Australia,0.4130434782608696,Female,Moderate,Keto,0.4625,Low,PTSD,1.0,1.0,0.41111111111111115,0.3
Canada,0.5652173913043479,Male,High,Junk Food,0.55,High,PTSD,0.6666666666666667,0.6500000000000001,0.9222222222222223,0.15555555555555556
Germany,0.3695652173913043,Other,Low,Balanced,0.0,Low,Anxiety,0.8974358974358974,0.5666666666666667,0.5666666666666667,0.28888888888888886
USA,0.06521739130434784,Female,Moderate,Vegetarian,0.475,Moderate,Bipolar,0.07692307692307698,0.5166666666666666,0.8999999999999999,0.5777777777777777
Germany,0.0,Male,Moderate,Junk Food,0.2875,Moderate,Depression,0.10256410256410264,0.016666666666666663,0.8999999999999999,0.8222222222222222
Japan,0.0,Male,Moderate,Vegetarian,0.2875,Moderate,Depression,0.6153846153846154,0.9333333333333333,0.9444444444444444,0.36666666666666664
Australia,0.5434782608695652,Other,Moderate,Junk Food,0.44999999999999996,Moderate,Anxiety,0.7692307692307692,0.6500000000000001,0.8999999999999999,0.3444444444444444
Germany,0.9565217391304348,Male,Low,Vegan,0.16249999999999998,Moderate,Depression,0.33333333333333337,0.08333333333333331,0.0,0.4666666666666666
India,0.4130434782608696,Female,Low,Balanced,0.35,High,Anxiety,0.7435897435897436,0.016666666666666663,0.9333333333333333,0.6444444444444444
Japan,0.4782608695652174,Male,Low,Balanced,0.16249999999999998,Moderate,Bipolar,0.28205128205128205,0.04999999999999999,0.13333333333333336,0.7555555555555555
Japan,0.19565217391304346,Male,Low,Vegan,0.525,High,PTSD,0.6666666666666667,0.6166666666666667,0.044444444444444425,0.3222222222222222
Germany,0.21739130434782616,Female,Moderate,Keto,0.525,Moderate,PTSD,0.5897435897435896,0.6166666666666667,0.05555555555555555,0.5888888888888888
Germany,0.8695652173913044,Male,High,Balanced,0.4375,High,Anxiety,0.7435897435897436,0.49999999999999994,0.3444444444444444,0.3888888888888889
Australia,0.8695652173913044,Male,High,Vegetarian,0.6875,High,PTSD,0.4358974358974359,0.3,0.6222222222222222,0.711111111111111
USA,0.08695652173913049,Male,Moderate,Balanced,0.44999999999999996,Moderate,Anxiety,0.33333333333333337,0.5333333333333334,0.39999999999999997,0.16666666666666669
Germany,0.0,Male,Moderate,Keto,0.5,Moderate,Anxiety,0.46153846153846156,0.5166666666666666,0.022222222222222227,0.25555555555555554
Brazil,0.34782608695652173,Female,High,Vegetarian,0.32499999999999996,Moderate,Anxiety,0.5384615384615385,0.016666666666666663,0.4777777777777777,0.4222222222222222
Germany,0.4565217391304348,Male,High,Vegetarian,0.0625,Moderate,PTSD,0.641025641025641,0.2833333333333334,0.4444444444444445,0.8888888888888888
Canada,0.7173913043478262,Female,Moderate,Vegan,0.475,Low,Depression,0.15384615384615385,0.04999999999999999,0.7555555555555555,0.5777777777777777
India,0.9565217391304348,Male,Moderate,Junk Food,0.44999999999999996,Low,Depression,0.6923076923076923,0.9000000000000001,0.27777777777777773,0.9666666666666666
Brazil,0.8695652173913044,Male,Low,Vegan,0.825,High,Bipolar,0.9487179487179487,0.7333333333333334,0.2222222222222222,0.09999999999999998
Brazil,0.6086956521739131,Male,Low,Junk Food,0.625,High,Anxiety,0.10256410256410264,1.0,0.25555555555555554,0.45555555555555544
Canada,0.06521739130434784,Male,High,Vegan,0.42500000000000004,Low,Bipolar,0.8974358974358974,0.3,0.3,0.4222222222222222
Canada,0.08695652173913049,Female,Moderate,Junk Food,0.525,High,Depression,0.4358974358974359,0.8833333333333333,0.6000000000000001,0.6000000000000001
Japan,0.21739130434782616,Female,High,Balanced,0.675,Moderate,Depression,0.33333333333333337,0.5999999999999999,0.4666666666666666,0.8111111111111111
USA,0.4347826086956522,Female,Low,Vegetarian,0.6,High,Depression,0.5641025641025641,0.45,0.3333333333333333,0.8444444444444443
India,0.7391304347826086,Other,Low,Junk Food,0.8125,High,Bipolar,0.33333333333333337,0.21666666666666662,0.3777777777777778,0.6666666666666665
Australia,0.23913043478260876,Male,High,Balanced,0.35,High,Anxiety,0.7948717948717949,0.7333333333333334,0.36666666666666664,0.6444444444444444
Brazil,0.5434782608695652,Male,Low,Keto,0.6875,Low,Anxiety,0.10256410256410264,0.9000000000000001,0.9777777777777779,0.9444444444444444
Australia,0.3913043478260869,Female,Moderate,Vegan,0.42500000000000004,Low,Anxiety,0.5384615384615385,0.23333333333333334,0.23333333333333334,0.3888888888888889
Germany,0.9565217391304348,Other,High,Keto,0.5375,High,Depression,0.6923076923076923,0.1833333333333333,0.8222222222222222,0.8333333333333333
Germany,0.13043478260869568,Male,Moderate,Balanced,0.4,Moderate,Anxiety,0.28205128205128205,0.7,0.711111111111111,0.9222222222222223
Australia,1.0,Female,Moderate,Keto,0.475,High,Anxiety,0.4358974358974359,0.9833333333333334,0.011111111111111127,0.4888888888888889
Germany,0.13043478260869568,Male,Low,Keto,0.5375,Low,PTSD,0.8974358974358974,0.75,0.9888888888888889,0.7333333333333332
USA,0.5434782608695652,Male,Moderate,Balanced,0.6125,Moderate,PTSD,0.7692307692307692,0.2833333333333334,0.7555555555555555,0.3777777777777778
Canada,0.8478260869565217,Female,High,Vegetarian,0.5125,High,Bipolar,0.3076923076923077,0.4166666666666667,0.6777777777777776,0.15555555555555556
Germany,0.08695652173913049,Female,Moderate,Junk Food,0.03749999999999998,Low,PTSD,0.4871794871794872,0.38333333333333325,0.39999999999999997,0.5888888888888888
Japan,0.4347826086956522,Male,Moderate,Vegan,0.48750000000000004,Moderate,Bipolar,0.8974358974358974,0.8499999999999999,0.5555555555555556,0.19999999999999996
Germany,0.28260869565217395,Male,Moderate,Junk Food,0.7749999999999999,High,Anxiety,0.15384615384615385,0.7666666666666666,0.25555555555555554,0.45555555555555544
India,0.06521739130434784,Female,Moderate,Vegan,0.48750000000000004,Low,Depression,0.5641025641025641,0.5833333333333333,0.033333333333333326,0.8777777777777778
USA,0.4782608695652174,Male,Moderate,Junk Food,0.7749999999999999,Moderate,Anxiety,0.8461538461538463,0.26666666666666666,0.8333333333333333,0.08888888888888888
India,0.8913043478260869,Male,Low,Keto,0.475,High,Anxiety,0.7948717948717949,0.9333333333333333,0.8999999999999999,0.033333333333333326
India,0.4130434782608696,Female,High,Vegetarian,0.19999999999999996,Moderate,Anxiety,0.5128205128205128,0.6500000000000001,0.16666666666666669,0.6111111111111112
Japan,0.30434782608695654,Male,Low,Keto,0.42500000000000004,Moderate,Bipolar,0.1282051282051282,0.9666666666666666,0.7888888888888888,0.3333333333333333
USA,0.9565217391304348,Male,High,Vegetarian,0.4,Moderate,Depression,0.3846153846153846,0.5833333333333333,0.7444444444444445,0.4222222222222222
USA,0.6086956521739131,Other,High,Balanced,0.4625,Low,Bipolar,0.8717948717948718,0.8166666666666667,0.17777777777777776,0.41111111111111115
USA,0.15217391304347827,Female,High,Vegan,0.275,High,Anxiety,0.4871794871794872,0.8166666666666667,0.4222222222222222,0.08888888888888888
USA,0.8695652173913044,Other,High,Vegan,0.5,Moderate,Anxiety,0.2564102564102564,0.3333333333333333,0.4222222222222222,0.0
USA,0.3913043478260869,Other,High,Balanced,0.4375,Moderate,PTSD,0.7948717948717949,0.9666666666666666,0.7555555555555555,0.8999999999999999
Japan,0.8260869565217392,Other,Moderate,Junk Food,0.7375,Moderate,Bipolar,0.33333333333333337,0.016666666666666663,0.8333333333333333,0.2222222222222222
Germany,0.9782608695652173,Male,Low,Balanced,0.275,Low,Anxiety,0.5897435897435896,0.7666666666666666,0.09999999999999998,0.4222222222222222
India,0.5869565217391305,Male,Low,Balanced,0.55,Moderate,PTSD,0.9743589743589745,0.9666666666666666,0.5666666666666667,0.9666666666666666
USA,0.9782608695652173,Other,Moderate,Vegetarian,0.575,Low,PTSD,0.7692307692307692,0.3333333333333333,0.7666666666666666,0.8222222222222222
Brazil,0.5652173913043479,Other,High,Balanced,0.65,Low,Anxiety,0.41025641025641024,0.6500000000000001,0.7888888888888888,0.1111111111111111
Germany,0.06521739130434784,Other,Low,Vegan,0.4375,Moderate,Depression,0.6153846153846154,0.5666666666666667,0.14444444444444443,0.5111111111111111
Germany,0.30434782608695654,Male,Moderate,Keto,0.5375,Moderate,Anxiety,0.20512820512820518,0.7666666666666666,0.5222222222222221,0.7333333333333332
India,0.7391304347826086,Other,Moderate,Vegetarian,0.5625,Low,Anxiety,0.5384615384615385,0.8666666666666667,0.8555555555555554,0.7
Japan,0.7826086956521738,Other,Low,Vegetarian,0.1875,Low,PTSD,0.8717948717948718,0.5999999999999999,0.3222222222222222,0.7555555555555555
Australia,0.0,Female,Low,Junk Food,0.4375,Moderate,Anxiety,0.9230769230769231,0.8166666666666667,0.4222222222222222,0.45555555555555544
Australia,0.043478260869565244,Female,High,Keto,0.5,Low,Bipolar,0.41025641025641024,0.3166666666666666,0.7999999999999998,0.17777777777777776
Germany,1.0,Male,High,Vegetarian,0.5125,Low,PTSD,0.6923076923076923,0.23333333333333334,0.08888888888888888,0.4666666666666666
Canada,0.5,Female,Low,Balanced,0.5125,Moderate,Depression,0.0,0.4333333333333333,0.8555555555555554,0.6444444444444444
Canada,0.5652173913043479,Female,High,Vegetarian,0.5875,Moderate,Anxiety,0.20512820512820518,0.6833333333333333,0.31111111111111106,0.6111111111111112
India,0.8478260869565217,Female,Moderate,Vegetarian,0.8625,High,Bipolar,0.3076923076923077,0.1833333333333333,0.0,0.06666666666666668
Australia,0.7608695652173914,Male,High,Vegetarian,0.38749999999999996,Moderate,Anxiety,0.7948717948717949,0.6833333333333333,0.23333333333333334,0.06666666666666668
Germany,0.7173913043478262,Female,High,Junk Food,0.575,Moderate,Bipolar,0.6923076923076923,0.4000000000000001,0.08888888888888888,0.9666666666666666
Japan,0.6086956521739131,Male,Moderate,Vegetarian,0.75,Moderate,Depression,0.7692307692307692,0.8,0.08888888888888888,0.15555555555555556
Australia,0.5,Other,High,Vegetarian,0.16249999999999998,High,Anxiety,0.17948717948717952,0.03333333333333338,0.6888888888888889,0.3
Germany,0.5,Female,Moderate,Junk Food,0.55,Low,Bipolar,0.17948717948717952,0.6666666666666667,0.21111111111111108,0.7666666666666666
Germany,0.8913043478260869,Male,High,Keto,0.1875,Moderate,Anxiety,0.8461538461538463,0.6500000000000001,0.9333333333333333,0.41111111111111115
USA,0.06521739130434784,Female,Low,Vegan,0.9125000000000001,Moderate,Bipolar,0.5641025641025641,0.9333333333333333,0.5111111111111111,0.17777777777777776
Japan,0.043478260869565244,Other,High,Junk Food,0.6,High,Anxiety,0.23076923076923084,0.7166666666666666,0.45555555555555544,0.4666666666666666
USA,0.7173913043478262,Male,Low,Junk Food,0.575,High,Bipolar,0.9230769230769231,0.8,0.4333333333333334,0.5666666666666667
India,0.4782608695652174,Male,Low,Vegetarian,0.15000000000000002,High,Anxiety,0.6153846153846154,0.9000000000000001,0.6888888888888889,0.45555555555555544
USA,0.4782608695652174,Male,Low,Vegetarian,0.4,Low,Anxiety,0.8205128205128205,0.6833333333333333,0.45555555555555544,0.9222222222222223
Brazil,0.9565217391304348,Other,Low,Vegan,0.4125,High,Depression,0.07692307692307698,0.2833333333333334,0.13333333333333336,0.28888888888888886
USA,0.08695652173913049,Other,Low,Vegetarian,0.825,Low,Depression,0.15384615384615385,0.8666666666666667,0.8777777777777778,0.6666666666666665
Brazil,0.6521739130434783,Other,Moderate,Balanced,0.6375,Moderate,PTSD,0.8205128205128205,0.75,0.4333333333333334,0.1111111111111111
Australia,0.8695652173913044,Male,Moderate,Vegetarian,0.1875,Moderate,Bipolar,0.02564102564102566,0.4166666666666667,0.07777777777777778,0.3888888888888889
Canada,0.10869565217391308,Other,Moderate,Vegetarian,0.5875,Moderate,Anxiety,0.7948717948717949,0.7166666666666666,0.5333333333333332,0.7444444444444445
Germany,0.7826086956521738,Female,Low,Balanced,0.21250000000000002,High,Bipolar,0.10256410256410264,0.8666666666666667,0.6444444444444444,0.2222222222222222
Brazil,0.19565217391304346,Other,High,Vegan,0.19999999999999996,Moderate,Anxiety,0.41025641025641024,0.9833333333333334,0.27777777777777773,0.5888888888888888
Japan,0.8478260869565217,Male,Moderate,Balanced,0.5875,High,PTSD,0.28205128205128205,0.95,0.7999999999999998,0.15555555555555556
USA,0.13043478260869568,Female,High,Junk Food,0.6375,Low,Anxiety,0.28205128205128205,0.3333333333333333,0.6666666666666665,0.09999999999999998
Brazil,0.8260869565217392,Other,High,Balanced,0.5875,Moderate,Bipolar,0.8717948717948718,0.4166666666666667,0.6555555555555557,0.5222222222222221
Japan,0.8043478260869565,Female,Low,Keto,0.8500000000000001,Low,Anxiety,0.5128205128205128,0.1166666666666667,0.4222222222222222,0.6777777777777776
Canada,0.4347826086956522,Female,Low,Junk Food,0.575,High,Anxiety,0.5128205128205128,0.24999999999999994,0.9666666666666666,0.1111111111111111
Canada,0.4130434782608696,Male,Low,Vegetarian,0.5375,High,PTSD,0.02564102564102566,0.8833333333333333,0.27777777777777773,0.9222222222222223
USA,0.043478260869565244,Female,Moderate,Junk Food,0.275,Moderate,Anxiety,0.5128205128205128,0.36666666666666664,0.5777777777777777,0.2222222222222222
India,0.4565217391304348,Female,Low,Vegan,0.6625,Moderate,Anxiety,0.35897435897435903,0.6166666666666667,0.31111111111111106,0.12222222222222223
USA,1.0,Male,Moderate,Vegan,0.1875,High,Depression,0.2564102564102564,0.6666666666666667,0.7444444444444445,0.19999999999999996
Australia,0.06521739130434784,Male,Moderate,Balanced,0.875,Moderate,Anxiety,0.23076923076923084,0.7833333333333334,0.044444444444444425,0.16666666666666669
Brazil,0.5869565217391305,Male,Moderate,Junk Food,0.6625,Moderate,PTSD,0.4358974358974359,0.1833333333333333,0.044444444444444425,0.08888888888888888
Germany,0.23913043478260876,Female,Moderate,Vegetarian,1.0,Low,Anxiety,0.5641025641025641,0.3,0.8111111111111111,0.7999999999999998
India,0.8043478260869565,Female,Low,Vegan,0.575,High,Anxiety,0.7692307692307692,0.45,0.4333333333333334,0.49999999999999994
USA,0.7608695652173914,Female,Moderate,Vegetarian,0.675,Low,Anxiety,0.641025641025641,0.36666666666666664,0.3444444444444444,0.3888888888888889
Japan,1.0,Male,Low,Keto,0.44999999999999996,Moderate,Bipolar,0.02564102564102566,0.9833333333333334,0.6111111111111112,0.9555555555555555
India,0.8695652173913044,Other,Low,Vegan,0.48750000000000004,Low,Bipolar,0.9743589743589745,0.8333333333333333,0.7,0.36666666666666664
Brazil,0.08695652173913049,Female,Moderate,Balanced,0.30000000000000004,High,Anxiety,0.15384615384615385,0.48333333333333334,0.19999999999999996,0.16666666666666669
India,0.26086956521739135,Other,Low,Keto,0.22499999999999998,Low,PTSD,0.5897435897435896,0.8833333333333333,0.18888888888888888,0.27777777777777773
Brazil,0.4782608695652174,Male,High,Junk Food,0.5375,Low,PTSD,0.9743589743589745,0.3499999999999999,0.9555555555555555,0.24444444444444446
USA,0.6304347826086956,Female,Low,Vegetarian,0.48750000000000004,Moderate,Anxiety,0.7948717948717949,0.7833333333333334,0.5888888888888888,0.49999999999999994
Brazil,0.7826086956521738,Other,Low,Vegan,0.30000000000000004,High,Anxiety,0.641025641025641,0.21666666666666662,0.3888888888888889,0.28888888888888886
India,0.5217391304347826,Female,Moderate,Keto,0.3375,Moderate,Anxiety,0.5641025641025641,0.7666666666666666,0.7999999999999998,0.5111111111111111
Japan,0.5652173913043479,Female,Moderate,Keto,0.5,Moderate,Bipolar,0.33333333333333337,0.45,0.5222222222222221,0.6666666666666665
Canada,0.28260869565217395,Female,Low,Vegan,0.30000000000000004,High,Anxiety,0.7179487179487181,0.10000000000000003,0.24444444444444446,0.7777777777777777
India,1.0,Other,Moderate,Junk Food,0.5625,Low,Depression,0.6153846153846154,0.26666666666666666,0.21111111111111108,0.711111111111111
Brazil,0.7608695652173914,Male,High,Junk Food,0.30000000000000004,Moderate,PTSD,0.7692307692307692,0.4000000000000001,0.39999999999999997,0.21111111111111108
Canada,0.8260869565217392,Female,High,Balanced,0.55,Low,PTSD,0.02564102564102566,0.75,0.8555555555555554,0.1111111111111111
Brazil,0.32608695652173914,Male,Moderate,Junk Food,0.2875,High,Anxiety,0.02564102564102566,0.06666666666666665,0.06666666666666668,0.5444444444444445
Japan,0.4565217391304348,Male,Low,Balanced,0.2875,Moderate,Anxiety,0.5641025641025641,0.6666666666666667,0.2222222222222222,0.19999999999999996
Brazil,0.4347826086956522,Other,High,Keto,0.0625,Low,Depression,0.2564102564102564,0.7166666666666666,0.8888888888888888,0.08888888888888888
USA,0.4347826086956522,Other,High,Vegan,0.475,Low,PTSD,0.7179487179487181,0.6500000000000001,0.12222222222222223,0.5222222222222221
Germany,0.15217391304347827,Male,Low,Junk Food,0.7749999999999999,Moderate,Anxiety,0.8717948717948718,0.7666666666666666,0.6333333333333333,0.3222222222222222
India,0.32608695652173914,Female,Moderate,Balanced,0.7625,High,Depression,0.20512820512820518,0.1833333333333333,0.21111111111111108,0.7555555555555555
Germany,0.6521739130434783,Other,High,Keto,0.5625,Low,Anxiety,0.7948717948717949,0.5833333333333333,0.6111111111111112,0.31111111111111106
Brazil,0.8913043478260869,Female,Low,Junk Food,0.125,High,Bipolar,0.7435897435897436,0.9333333333333333,0.3777777777777778,0.9777777777777779
Japan,0.19565217391304346,Female,Low,Vegetarian,0.6625,Moderate,PTSD,0.35897435897435903,0.6166666666666667,0.09999999999999998,0.7555555555555555
India,0.673913043478261,Female,High,Keto,0.5375,Low,PTSD,0.33333333333333337,0.6166666666666667,0.5777777777777777,0.05555555555555555
Brazil,0.7173913043478262,Male,Moderate,Junk Food,0.42500000000000004,Low,Depression,0.41025641025641024,0.7333333333333334,0.6777777777777776,0.5111111111111111
Canada,0.17391304347826086,Female,High,Keto,0.7250000000000001,Low,Bipolar,0.5384615384615385,0.3333333333333333,0.6777777777777776,0.5666666666666667
Australia,0.34782608695652173,Male,Low,Vegan,0.6125,High,Anxiety,0.7435897435897436,0.7,0.6333333333333333,0.7
Brazil,0.21739130434782616,Male,High,Vegan,0.8625,Low,Anxiety,0.41025641025641024,0.9166666666666667,0.49999999999999994,0.49999999999999994
Germany,0.673913043478261,Female,Moderate,Vegan,0.23750000000000004,Low,Anxiety,0.3846153846153846,0.016666666666666663,0.5222222222222221,0.4888888888888889
India,0.19565217391304346,Female,Low,Vegetarian,0.25,Moderate,Depression,0.17948717948717952,0.8666666666666667,0.6333333333333333,0.36666666666666664
Germany,0.4565217391304348,Female,Moderate,Vegan,0.2875,Low,PTSD,0.9743589743589745,0.21666666666666662,0.6888888888888889,0.26666666666666666
India,0.34782608695652173,Female,High,Vegetarian,0.44999999999999996,High,PTSD,0.7692307692307692,0.45,0.6555555555555557,0.9444444444444444
Brazil,0.06521739130434784,Male,High,Vegan,0.8,Moderate,Anxiety,0.28205128205128205,0.8499999999999999,0.5888888888888888,0.3222222222222222
USA,1.0,Female,Moderate,Keto,0.38749999999999996,Moderate,Anxiety,0.8205128205128205,0.8166666666666667,0.15555555555555556,0.06666666666666668
Canada,0.5217391304347826,Female,High,Junk Food,0.38749999999999996,Low,Depression,0.28205128205128205,0.9000000000000001,0.21111111111111108,0.16666666666666669
Brazil,0.4347826086956522,Male,Moderate,Junk Food,0.575,Moderate,Anxiety,0.6153846153846154,0.9333333333333333,0.25555555555555554,0.8555555555555554
Germany,0.7826086956521738,Other,High,Vegan,0.6625,Low,Depression,0.9487179487179487,0.45,0.9222222222222223,0.5888888888888888
Australia,0.8043478260869565,Other,Moderate,Junk Food,0.07500000000000001,Moderate,Anxiety,0.4358974358974359,0.6500000000000001,0.7555555555555555,0.7777777777777777
Australia,0.0,Male,Moderate,Vegan,0.7,High,Anxiety,0.46153846153846156,0.38333333333333325,0.5555555555555556,0.8111111111111111
Japan,0.5217391304347826,Other,Low,Vegan,0.375,Low,Bipolar,0.05128205128205132,0.3499999999999999,0.25555555555555554,0.8222222222222222
India,0.7608695652173914,Male,Low,Balanced,0.475,High,Depression,0.8717948717948718,0.4333333333333333,0.1111111111111111,0.5555555555555556
Germany,0.34782608695652173,Female,Moderate,Balanced,0.7625,Low,Anxiety,0.10256410256410264,0.75,0.8999999999999999,0.17777777777777776
Japan,0.8695652173913044,Female,High,Balanced,0.4625,High,PTSD,0.8717948717948718,0.49999999999999994,0.8888888888888888,0.14444444444444443
Germany,0.5,Other,High,Vegetarian,0.21250000000000002,High,PTSD,0.6666666666666667,0.8166666666666667,0.1111111111111111,0.5777777777777777
India,0.02173913043478265,Female,High,Balanced,0.22499999999999998,Moderate,Anxiety,0.9230769230769231,0.75,0.7999999999999998,0.36666666666666664
Brazil,0.8478260869565217,Other,Moderate,Vegan,0.5,Low,PTSD,0.5128205128205128,0.016666666666666663,0.4444444444444445,0.5555555555555556
Brazil,0.30434782608695654,Other,Moderate,Keto,0.4375,Moderate,Bipolar,0.3846153846153846,0.6333333333333333,0.3222222222222222,0.49999999999999994
Australia,0.673913043478261,Female,Moderate,Balanced,0.5125,High,Depression,0.6923076923076923,0.4333333333333333,0.7444444444444445,0.6000000000000001
Brazil,0.8260869565217392,Female,Moderate,Balanced,0.42500000000000004,Low,Anxiety,0.6153846153846154,0.45,0.6111111111111112,0.033333333333333326
Brazil,0.10869565217391308,Other,Low,Keto,0.7375,High,Depression,0.8205128205128205,0.8166666666666667,0.7777777777777777,0.033333333333333326
USA,0.0,Female,Moderate,Vegan,0.5,High,Depression,0.41025641025641024,0.55,0.07777777777777778,0.7222222222222221
Australia,1.0,Male,High,Vegetarian,0.175,High,Anxiety,0.7435897435897436,0.8833333333333333,0.3222222222222222,0.18888888888888888
Japan,0.4782608695652174,Female,Low,Balanced,0.65,High,PTSD,0.07692307692307698,0.7166666666666666,0.3222222222222222,0.6555555555555557
Canada,0.8260869565217392,Female,High,Keto,0.8625,Moderate,Depression,0.02564102564102566,0.55,0.3333333333333333,0.5444444444444445
USA,0.34782608695652173,Male,Moderate,Vegan,0.525,High,Bipolar,0.20512820512820518,0.75,0.49999999999999994,0.9777777777777779
Japan,0.7173913043478262,Female,Low,Junk Food,0.5375,Moderate,Bipolar,0.7692307692307692,0.03333333333333338,0.27777777777777773,0.8333333333333333
India,0.8695652173913044,Female,Moderate,Vegetarian,0.35,High,PTSD,0.6153846153846154,0.03333333333333338,0.4444444444444445,0.41111111111111115
USA,0.6086956521739131,Other,Low,Keto,0.44999999999999996,Low,PTSD,0.9230769230769231,0.08333333333333331,0.36666666666666664,0.6111111111111112
Japan,0.17391304347826086,Female,High,Keto,0.6,High,Anxiety,0.8974358974358974,0.4333333333333333,0.7333333333333332,0.12222222222222223
India,0.26086956521739135,Female,Moderate,Keto,0.7124999999999999,High,Anxiety,0.10256410256410264,0.23333333333333334,0.6000000000000001,0.3888888888888889
Australia,0.10869565217391308,Male,Moderate,Balanced,0.5875,Low,Anxiety,0.5897435897435896,0.9833333333333334,0.6555555555555557,0.7333333333333332
Canada,0.10869565217391308,Other,Low,Junk Food,0.8374999999999999,Low,PTSD,0.5897435897435896,0.55,0.21111111111111108,0.6222222222222222
India,0.4130434782608696,Other,Low,Vegetarian,0.5125,High,Depression,0.7179487179487181,0.6666666666666667,0.3222222222222222,0.4888888888888889
Brazil,0.043478260869565244,Other,Moderate,Vegan,0.2875,High,Anxiety,0.7692307692307692,0.2833333333333334,0.022222222222222227,0.17777777777777776
Germany,0.34782608695652173,Female,Low,Vegan,0.30000000000000004,Moderate,Anxiety,0.9230769230769231,0.3166666666666666,0.1111111111111111,0.7999999999999998
India,0.23913043478260876,Other,Moderate,Junk Food,0.7375,Low,Anxiety,0.46153846153846156,0.3333333333333333,0.26666666666666666,0.27777777777777773
India,1.0,Male,Low,Keto,0.6875,Low,Bipolar,0.5641025641025641,0.7,0.06666666666666668,0.8222222222222222
Canada,0.9565217391304348,Other,High,Keto,0.1875,Moderate,PTSD,0.8717948717948718,0.4666666666666666,0.6000000000000001,0.6111111111111112
Germany,0.0,Male,Low,Keto,0.4625,High,Bipolar,0.1282051282051282,0.5166666666666666,1.0,0.3777777777777778
Brazil,0.34782608695652173,Other,High,Keto,0.4625,High,Anxiety,0.1282051282051282,0.5999999999999999,0.09999999999999998,0.044444444444444425
Japan,0.043478260869565244,Other,Low,Keto,0.36250000000000004,Low,Depression,0.9230769230769231,0.7666666666666666,0.8222222222222222,0.23333333333333334
Japan,0.5434782608695652,Male,Low,Junk Food,0.23750000000000004,Moderate,Anxiety,0.7435897435897436,0.08333333333333331,0.12222222222222223,0.8888888888888888
India,0.30434782608695654,Other,Moderate,Balanced,0.35,High,Anxiety,0.0,0.7833333333333334,0.6666666666666665,0.8222222222222222
Germany,0.7608695652173914,Other,Low,Vegetarian,0.32499999999999996,Low,Anxiety,0.17948717948717952,0.5666666666666667,0.6444444444444444,0.5777777777777777
Germany,0.673913043478261,Other,Low,Keto,0.23750000000000004,High,Depression,0.6923076923076923,0.6666666666666667,0.8999999999999999,0.4666666666666666
Brazil,0.673913043478261,Female,High,Balanced,0.65,High,Depression,0.6153846153846154,0.3333333333333333,0.1111111111111111,0.6444444444444444
Canada,0.06521739130434784,Male,Low,Vegan,0.55,High,PTSD,0.8205128205128205,0.4166666666666667,0.31111111111111106,0.4666666666666666
Australia,0.3695652173913043,Other,Moderate,Junk Food,0.4125,Low,PTSD,0.9487179487179487,0.23333333333333334,0.08888888888888888,0.6444444444444444
Japan,0.3913043478260869,Male,High,Balanced,0.11249999999999999,Moderate,Depression,0.33333333333333337,0.9833333333333334,0.41111111111111115,0.31111111111111106
Canada,0.9130434782608696,Male,Moderate,Keto,0.44999999999999996,Moderate,Depression,0.2564102564102564,0.49999999999999994,0.911111111111111,0.8333333333333333
USA,0.7391304347826086,Male,Moderate,Keto,0.6,High,Anxiety,0.02564102564102566,1.0,0.7777777777777777,0.7
Japan,0.8478260869565217,Other,Moderate,Keto,0.36250000000000004,Moderate,Anxiety,0.7435897435897436,0.48333333333333334,0.7222222222222221,0.3333333333333333
Canada,0.28260869565217395,Other,Moderate,Balanced,0.2875,High,PTSD,0.7435897435897436,0.21666666666666662,0.5333333333333332,0.8333333333333333
Japan,0.6956521739130435,Male,High,Keto,0.475,Low,Anxiety,0.07692307692307698,0.49999999999999994,0.8888888888888888,0.4888888888888889
Australia,0.28260869565217395,Female,Low,Balanced,0.5625,Low,Anxiety,0.3076923076923077,0.03333333333333338,0.4444444444444445,0.17777777777777776
USA,0.7173913043478262,Male,Moderate,Keto,0.125,Low,PTSD,0.15384615384615385,0.9000000000000001,0.14444444444444443,0.07777777777777778
Australia,0.06521739130434784,Female,High,Vegan,0.75,High,Anxiety,0.9487179487179487,0.8166666666666667,0.8333333333333333,0.7
Brazil,0.5,Male,Moderate,Vegan,0.26249999999999996,Moderate,Bipolar,0.05128205128205132,0.7333333333333334,0.27777777777777773,0.8666666666666667
USA,0.6086956521739131,Male,Low,Vegetarian,0.42500000000000004,Low,Bipolar,0.20512820512820518,0.6166666666666667,0.05555555555555555,0.8111111111111111
India,0.3913043478260869,Male,High,Keto,0.7250000000000001,High,PTSD,0.33333333333333337,0.5833333333333333,0.12222222222222223,0.6555555555555557
Canada,0.10869565217391308,Other,High,Keto,0.525,Moderate,Anxiety,0.2564102564102564,1.0,0.6111111111111112,0.14444444444444443
USA,0.6956521739130435,Female,Low,Balanced,0.7,Moderate,Anxiety,0.9230769230769231,0.2833333333333334,0.6111111111111112,0.08888888888888888
Brazil,0.8478260869565217,Female,High,Balanced,0.7875000000000001,Moderate,Anxiety,0.33333333333333337,0.7833333333333334,0.25555555555555554,0.3444444444444444
Brazil,0.3913043478260869,Male,Low,Keto,0.22499999999999998,High,Anxiety,0.46153846153846156,0.5833333333333333,0.7222222222222221,0.8555555555555554
Australia,0.0,Other,High,Vegetarian,0.675,High,Bipolar,0.17948717948717952,0.9833333333333334,0.7777777777777777,0.9666666666666666
Japan,0.08695652173913049,Other,High,Keto,0.75,High,Anxiety,0.15384615384615385,0.8333333333333333,0.9222222222222223,0.24444444444444446
USA,0.5652173913043479,Female,Low,Balanced,0.42500000000000004,Low,Bipolar,0.15384615384615385,1.0,0.5888888888888888,0.7666666666666666
Canada,0.32608695652173914,Other,Low,Keto,0.44999999999999996,High,Bipolar,0.05128205128205132,0.5833333333333333,0.7777777777777777,0.5777777777777777
USA,0.10869565217391308,Female,High,Balanced,0.1375,Low,Anxiety,0.05128205128205132,0.2,0.7555555555555555,0.033333333333333326
Germany,0.8478260869565217,Female,High,Keto,0.65,Low,PTSD,0.4358974358974359,0.49999999999999994,0.25555555555555554,0.5444444444444445
Japan,0.26086956521739135,Female,Low,Junk Food,0.025000000000000022,Low,Depression,0.8205128205128205,0.7166666666666666,0.31111111111111106,0.8111111111111111
Canada,0.7391304347826086,Other,Low,Balanced,0.6875,High,Anxiety,0.9230769230769231,0.7666666666666666,0.4777777777777777,0.27777777777777773
Canada,0.3913043478260869,Female,High,Vegetarian,0.23750000000000004,Low,Bipolar,0.6923076923076923,0.0,0.022222222222222227,0.8999999999999999
India,0.23913043478260876,Female,High,Junk Food,0.7625,High,Anxiety,0.8974358974358974,0.49999999999999994,0.3,0.23333333333333334
Australia,0.32608695652173914,Male,High,Keto,0.575,High,PTSD,0.3846153846153846,0.23333333333333334,0.4777777777777777,0.07777777777777778
India,0.9130434782608696,Female,Low,Balanced,0.6875,Low,PTSD,0.35897435897435903,0.8666666666666667,0.1111111111111111,0.15555555555555556
Canada,0.19565217391304346,Female,High,Junk Food,0.35,Low,Depression,0.7179487179487181,0.14999999999999997,0.12222222222222223,0.8333333333333333
Japan,0.5217391304347826,Male,Moderate,Vegetarian,0.25,Low,Depression,0.4358974358974359,0.6666666666666667,0.4666666666666666,0.4222222222222222
USA,0.4130434782608696,Male,Low,Balanced,0.175,High,Bipolar,0.46153846153846156,0.26666666666666666,0.7333333333333332,0.7999999999999998
USA,0.6521739130434783,Other,High,Junk Food,0.7,High,Depression,0.7179487179487181,0.3499999999999999,0.8333333333333333,0.5333333333333332
Japan,0.06521739130434784,Female,Low,Junk Food,0.625,Low,Bipolar,0.1282051282051282,0.9333333333333333,0.5444444444444445,0.4777777777777777
Canada,0.9347826086956521,Other,Moderate,Junk Food,0.625,Low,Anxiety,0.6666666666666667,0.23333333333333334,0.4777777777777777,0.8111111111111111
Brazil,0.4782608695652174,Other,Low,Vegan,0.55,Moderate,Bipolar,0.15384615384615385,0.10000000000000003,0.3888888888888889,0.4222222222222222
USA,0.02173913043478265,Male,High,Keto,0.6,Low,Depression,0.6666666666666667,0.06666666666666665,0.18888888888888888,0.7999999999999998
Brazil,0.4565217391304348,Other,Moderate,Balanced,0.44999999999999996,Moderate,Anxiety,0.46153846153846156,0.49999999999999994,0.14444444444444443,0.09999999999999998
USA,0.7826086956521738,Female,Moderate,Balanced,0.575,Moderate,Depression,0.41025641025641024,0.6500000000000001,0.7888888888888888,0.6333333333333333
USA,0.15217391304347827,Male,High,Balanced,0.3375,High,PTSD,0.2564102564102564,0.3333333333333333,0.4666666666666666,0.7
Australia,0.13043478260869568,Female,High,Junk Food,0.4375,High,Depression,0.10256410256410264,0.6833333333333333,0.7888888888888888,0.8999999999999999
Australia,0.28260869565217395,Female,High,Keto,1.0,Moderate,Anxiety,0.02564102564102566,0.06666666666666665,0.7,0.2222222222222222
Germany,0.043478260869565244,Male,Low,Vegetarian,0.5125,Moderate,Bipolar,0.28205128205128205,0.8499999999999999,0.18888888888888888,0.6000000000000001
India,0.32608695652173914,Female,Low,Balanced,0.125,Low,PTSD,0.2564102564102564,0.8166666666666667,0.5111111111111111,0.4333333333333334
Japan,0.3913043478260869,Male,Low,Keto,0.42500000000000004,Moderate,Bipolar,0.23076923076923084,0.9833333333333334,0.4444444444444445,0.3777777777777778
Japan,0.3695652173913043,Female,High,Keto,0.30000000000000004,Low,Bipolar,0.6923076923076923,0.9333333333333333,0.4222222222222222,0.1111111111111111
Japan,0.32608695652173914,Male,High,Vegan,0.525,High,Depression,0.15384615384615385,0.3499999999999999,0.5444444444444445,0.13333333333333336
Germany,0.15217391304347827,Other,Low,Balanced,0.3375,Low,Anxiety,0.33333333333333337,0.4000000000000001,0.9777777777777779,0.8333333333333333
Australia,0.6956521739130435,Female,Moderate,Junk Food,0.4625,High,PTSD,0.3076923076923077,0.75,0.8111111111111111,0.7444444444444445
Canada,0.23913043478260876,Male,Low,Keto,0.36250000000000004,Moderate,Anxiety,0.10256410256410264,0.1333333333333333,0.8999999999999999,0.3777777777777778
Brazil,0.21739130434782616,Female,Moderate,Keto,0.5375,Moderate,Anxiety,0.17948717948717952,0.3166666666666666,0.033333333333333326,0.8333333333333333
Brazil,0.08695652173913049,Female,High,Vegetarian,0.38749999999999996,Moderate,Anxiety,0.0,0.1166666666666667,0.14444444444444443,0.07777777777777778
Canada,0.5652173913043479,Female,High,Vegan,0.5625,Low,Anxiety,0.10256410256410264,0.45,0.08888888888888888,0.6222222222222222
Germany,0.23913043478260876,Male,Low,Keto,0.8625,High,Depression,0.2564102564102564,0.55,0.26666666666666666,0.8666666666666667
Canada,0.34782608695652173,Other,Low,Keto,0.2875,High,Anxiety,0.23076923076923084,0.21666666666666662,0.4444444444444445,0.8333333333333333
Japan,0.10869565217391308,Other,High,Junk Food,0.6375,High,PTSD,0.35897435897435903,0.03333333333333338,0.6444444444444444,0.3777777777777778
India,0.6956521739130435,Other,Low,Junk Food,0.03749999999999998,High,Anxiety,0.9743589743589745,0.7166666666666666,0.49999999999999994,0.7444444444444445
USA,0.08695652173913049,Male,High,Vegetarian,0.4625,High,Anxiety,0.7179487179487181,0.016666666666666663,0.8999999999999999,0.4222222222222222
Brazil,0.5869565217391305,Other,High,Vegetarian,0.5375,Low,Anxiety,0.6153846153846154,0.9666666666666666,0.9444444444444444,0.8444444444444443
Australia,0.28260869565217395,Male,Moderate,Vegetarian,0.36250000000000004,High,PTSD,0.1282051282051282,0.21666666666666662,0.16666666666666669,0.5333333333333332
Australia,0.08695652173913049,Female,Low,Junk Food,0.16249999999999998,Moderate,Anxiety,0.2564102564102564,0.6666666666666667,0.8555555555555554,0.7666666666666666
Germany,0.6956521739130435,Female,High,Junk Food,0.48750000000000004,High,PTSD,0.41025641025641024,0.4333333333333333,0.4777777777777777,0.07777777777777778
Australia,0.8695652173913044,Other,Low,Vegan,0.7875000000000001,Moderate,PTSD,0.35897435897435903,0.06666666666666665,0.45555555555555544,0.5888888888888888
Japan,0.3913043478260869,Male,Moderate,Balanced,0.475,Low,Depression,0.3846153846153846,0.4666666666666666,0.7888888888888888,0.5555555555555556
Brazil,0.4565217391304348,Female,Moderate,Balanced,0.6,Low,Anxiety,0.02564102564102566,0.5166666666666666,0.08888888888888888,0.6111111111111112
Canada,0.08695652173913049,Male,Low,Vegan,0.7124999999999999,Moderate,Anxiety,0.8974358974358974,0.8499999999999999,0.8777777777777778,0.7
Japan,0.02173913043478265,Male,Low,Balanced,0.9624999999999999,High,Depression,0.46153846153846156,0.7333333333333334,0.6666666666666665,0.9222222222222223
Germany,0.6304347826086956,Female,High,Junk Food,0.30000000000000004,Low,Depression,0.9487179487179487,0.08333333333333331,0.8777777777777778,0.7888888888888888
Japan,1.0,Male,Moderate,Balanced,0.32499999999999996,Low,Bipolar,0.5128205128205128,0.21666666666666662,1.0,0.2222222222222222
Canada,0.8260869565217392,Female,Moderate,Junk Food,0.44999999999999996,Low,Anxiety,0.2564102564102564,0.3166666666666666,0.5222222222222221,0.8222222222222222
India,0.06521739130434784,Female,Moderate,Vegan,0.6125,High,Anxiety,0.05128205128205132,0.1166666666666667,0.08888888888888888,0.12222222222222223
Germany,0.6956521739130435,Female,Low,Vegetarian,0.0625,Moderate,Anxiety,0.8461538461538463,0.45,0.16666666666666669,0.6222222222222222
India,0.26086956521739135,Male,High,Vegan,0.625,Moderate,Anxiety,0.4358974358974359,0.9833333333333334,0.3222222222222222,0.8777777777777778
USA,0.4130434782608696,Female,Low,Balanced,0.525,High,Anxiety,0.35897435897435903,0.5166666666666666,0.09999999999999998,0.09999999999999998
India,0.13043478260869568,Male,Low,Junk Food,0.4,Low,Anxiety,0.6153846153846154,0.75,0.8111111111111111,0.8444444444444443
USA,0.30434782608695654,Female,Low,Balanced,0.575,High,PTSD,0.35897435897435903,0.6833333333333333,0.3,0.7999999999999998
USA,0.4782608695652174,Female,High,Balanced,0.6625,High,PTSD,0.7435897435897436,0.8499999999999999,0.9777777777777779,0.49999999999999994
India,0.28260869565217395,Other,Low,Vegetarian,0.6875,Moderate,Anxiety,0.41025641025641024,0.21666666666666662,0.7,0.31111111111111106
Germany,0.4782608695652174,Other,Moderate,Balanced,0.5,High,Anxiety,0.4358974358974359,0.75,0.17777777777777776,0.39999999999999997
Canada,0.3913043478260869,Other,Moderate,Vegetarian,0.5625,High,Bipolar,0.7692307692307692,0.8833333333333333,0.4777777777777777,0.9666666666666666
Japan,0.6086956521739131,Male,Moderate,Junk Food,0.55,Low,Bipolar,0.4358974358974359,0.16666666666666669,0.4666666666666666,0.19999999999999996
Japan,0.4130434782608696,Male,High,Junk Food,0.7250000000000001,Low,Bipolar,0.8717948717948718,0.3499999999999999,0.4888888888888889,0.5777777777777777
Canada,0.6086956521739131,Female,Low,Vegetarian,0.575,Moderate,PTSD,0.3076923076923077,0.9666666666666666,0.5333333333333332,0.07777777777777778
Brazil,0.5,Female,High,Vegan,0.625,Low,Bipolar,0.33333333333333337,0.7833333333333334,0.033333333333333326,0.2222222222222222
Brazil,0.3695652173913043,Female,Low,Junk Food,0.6625,High,Anxiety,0.8974358974358974,0.2833333333333334,0.6888888888888889,0.7666666666666666
USA,0.19565217391304346,Female,Moderate,Vegan,0.8625,High,Anxiety,0.4358974358974359,0.5666666666666667,0.4888888888888889,0.3
USA,0.8695652173913044,Male,Low,Junk Food,0.38749999999999996,High,Bipolar,0.10256410256410264,0.4000000000000001,0.7888888888888888,0.9888888888888889
Germany,0.15217391304347827,Female,Low,Junk Food,0.8,Moderate,Depression,0.33333333333333337,0.48333333333333334,0.8111111111111111,0.49999999999999994
Australia,0.5434782608695652,Female,Low,Keto,0.9624999999999999,Low,Bipolar,0.6153846153846154,0.3499999999999999,0.23333333333333334,0.5111111111111111
India,0.6086956521739131,Other,High,Balanced,0.4,High,Depression,0.9743589743589745,0.2833333333333334,0.044444444444444425,0.033333333333333326
USA,0.19565217391304346,Female,Low,Balanced,0.4625,Low,Anxiety,0.28205128205128205,0.6666666666666667,0.7,0.9555555555555555
Japan,0.34782608695652173,Female,Low,Vegan,0.42500000000000004,Low,Anxiety,1.0,0.7833333333333334,0.9777777777777779,0.17777777777777776
Germany,0.02173913043478265,Female,Low,Balanced,0.625,Low,Anxiety,0.6923076923076923,0.8666666666666667,0.4444444444444445,0.5333333333333332
India,0.10869565217391308,Male,High,Vegan,0.15000000000000002,Low,PTSD,0.8717948717948718,0.14999999999999997,0.25555555555555554,0.39999999999999997
Germany,0.08695652173913049,Other,High,Junk Food,0.4125,Moderate,Anxiety,0.0,0.8166666666666667,0.15555555555555556,0.41111111111111115
India,0.5869565217391305,Female,High,Keto,0.44999999999999996,Moderate,Anxiety,0.05128205128205132,0.24999999999999994,0.28888888888888886,0.6444444444444444
India,0.8695652173913044,Female,Low,Keto,0.4375,Moderate,PTSD,0.15384615384615385,0.4333333333333333,0.3333333333333333,0.6666666666666665
Canada,0.08695652173913049,Other,Moderate,Junk Food,0.42500000000000004,High,Anxiety,0.20512820512820518,0.9000000000000001,0.4222222222222222,0.15555555555555556
USA,0.3695652173913043,Female,Moderate,Vegetarian,0.4125,High,PTSD,0.8974358974358974,0.45,0.6555555555555557,0.49999999999999994
Germany,0.5434782608695652,Male,Moderate,Vegetarian,0.65,High,Anxiety,0.5641025641025641,0.2,0.27777777777777773,0.7888888888888888
Germany,0.4130434782608696,Female,Low,Balanced,0.6,Moderate,Anxiety,0.5897435897435896,0.16666666666666669,0.05555555555555555,0.4444444444444445
Canada,0.8695652173913044,Male,Moderate,Vegan,0.825,Low,Depression,0.23076923076923084,0.4666666666666666,0.3777777777777778,0.16666666666666669
Japan,0.5652173913043479,Male,Moderate,Keto,0.65,Moderate,Anxiety,0.28205128205128205,0.7666666666666666,0.8555555555555554,0.31111111111111106
Japan,0.23913043478260876,Female,Moderate,Balanced,0.30000000000000004,High,Depression,0.46153846153846156,1.0,0.49999999999999994,0.21111111111111108
Brazil,0.13043478260869568,Other,Low,Junk Food,0.4625,High,Bipolar,0.7948717948717949,0.7833333333333334,0.9666666666666666,0.12222222222222223
USA,0.043478260869565244,Male,Moderate,Keto,0.44999999999999996,Low,Anxiety,0.5897435897435896,0.8833333333333333,0.49999999999999994,0.3777777777777778
USA,0.19565217391304346,Other,Moderate,Vegan,0.55,Moderate,Anxiety,0.5384615384615385,0.75,0.27777777777777773,0.5444444444444445
Australia,0.7173913043478262,Female,Low,Vegan,0.7,Low,PTSD,0.05128205128205132,0.9000000000000001,0.18888888888888888,0.07777777777777778
Canada,0.5217391304347826,Male,High,Vegetarian,0.5375,Moderate,Anxiety,1.0,0.08333333333333331,0.7,0.6000000000000001
Japan,0.7391304347826086,Female,Moderate,Balanced,0.5375,High,Depression,0.6666666666666667,0.9333333333333333,0.5333333333333332,0.9888888888888889
India,0.32608695652173914,Other,High,Junk Food,0.5,Low,PTSD,0.46153846153846156,0.4000000000000001,0.6000000000000001,0.9666666666666666
Germany,0.02173913043478265,Female,Moderate,Keto,0.65,Low,Anxiety,0.20512820512820518,0.9166666666666667,0.7555555555555555,0.8333333333333333
USA,0.5,Female,Low,Vegan,0.38749999999999996,Moderate,Anxiety,0.3076923076923077,0.08333333333333331,0.7222222222222221,0.26666666666666666
Germany,0.19565217391304346,Male,High,Keto,0.22499999999999998,Moderate,Anxiety,0.02564102564102566,0.7166666666666666,0.044444444444444425,0.022222222222222227
Germany,0.8043478260869565,Female,High,Junk Food,0.625,Moderate,PTSD,0.8974358974358974,0.7333333333333334,0.7999999999999998,0.8333333333333333
Australia,0.4565217391304348,Female,High,Keto,0.575,High,Anxiety,0.7179487179487181,1.0,0.5333333333333332,0.05555555555555555
Japan,0.5434782608695652,Female,High,Balanced,0.75,Moderate,Anxiety,0.2564102564102564,0.7666666666666666,0.3888888888888889,0.21111111111111108
USA,0.9130434782608696,Male,Moderate,Vegetarian,0.04999999999999999,High,Depression,0.8461538461538463,0.38333333333333325,0.5333333333333332,0.5444444444444445
Germany,0.8260869565217392,Other,Moderate,Keto,0.475,Moderate,Anxiety,0.07692307692307698,0.55,0.6111111111111112,0.17777777777777776
USA,0.5652173913043479,Other,High,Vegetarian,0.525,Moderate,Anxiety,0.07692307692307698,0.36666666666666664,0.14444444444444443,0.8333333333333333
India,0.6086956521739131,Female,Moderate,Junk Food,0.21250000000000002,High,Bipolar,0.0,0.2,0.4222222222222222,0.7777777777777777
Australia,1.0,Male,High,Vegetarian,0.48750000000000004,Moderate,PTSD,0.6153846153846154,0.24999999999999994,0.3333333333333333,0.7555555555555555
India,0.8043478260869565,Female,High,Keto,0.7250000000000001,High,Bipolar,0.641025641025641,0.21666666666666662,0.35555555555555557,0.8111111111111111
USA,0.4130434782608696,Other,Low,Keto,0.8875,High,Depression,0.2564102564102564,0.55,0.08888888888888888,0.2222222222222222
Brazil,0.5652173913043479,Male,High,Vegan,0.6875,Moderate,Bipolar,0.5641025641025641,0.9000000000000001,0.15555555555555556,0.7333333333333332
USA,0.8695652173913044,Other,Moderate,Keto,0.4375,Moderate,Anxiety,0.02564102564102566,0.9166666666666667,0.16666666666666669,0.35555555555555557
Japan,0.4130434782608696,Other,High,Vegetarian,0.7375,Low,PTSD,0.46153846153846156,0.04999999999999999,0.3777777777777778,0.6666666666666665
Germany,0.9347826086956521,Male,Low,Vegan,0.675,Moderate,Anxiety,0.7179487179487181,0.08333333333333331,0.8999999999999999,0.12222222222222223
Germany,0.3913043478260869,Male,Moderate,Keto,0.4125,Low,Bipolar,1.0,0.24999999999999994,0.21111111111111108,0.711111111111111
India,0.4130434782608696,Female,Low,Keto,0.38749999999999996,Moderate,Bipolar,0.07692307692307698,0.24999999999999994,0.41111111111111115,0.9666666666666666
Australia,0.7391304347826086,Female,Low,Junk Food,0.4625,High,Anxiety,0.3846153846153846,0.10000000000000003,0.31111111111111106,0.044444444444444425
Brazil,1.0,Other,High,Vegan,0.30000000000000004,High,Anxiety,0.9230769230769231,0.38333333333333325,0.7888888888888888,0.08888888888888888
Canada,0.02173913043478265,Male,Low,Junk Food,0.4375,Low,Depression,0.6666666666666667,0.5833333333333333,0.05555555555555555,0.12222222222222223
Germany,0.6304347826086956,Male,Low,Junk Food,0.5875,Moderate,Bipolar,0.10256410256410264,0.5833333333333333,0.19999999999999996,0.4333333333333334
Japan,0.7173913043478262,Female,Moderate,Junk Food,0.7,Low,Bipolar,0.35897435897435903,0.55,0.21111111111111108,0.28888888888888886
India,0.4565217391304348,Other,Low,Balanced,0.42500000000000004,Moderate,Anxiety,0.5641025641025641,0.3333333333333333,0.9888888888888889,0.8111111111111111
India,0.043478260869565244,Other,High,Junk Food,0.7625,Moderate,Anxiety,0.05128205128205132,0.7,0.5666666666666667,0.4777777777777777
Canada,0.10869565217391308,Female,High,Vegetarian,0.625,High,Bipolar,0.4358974358974359,0.8333333333333333,0.14444444444444443,0.4888888888888889
Japan,0.30434782608695654,Male,High,Keto,0.625,Low,Anxiety,0.641025641025641,0.3499999999999999,0.26666666666666666,0.7222222222222221
Australia,0.5652173913043479,Female,Low,Balanced,0.32499999999999996,High,Bipolar,0.1282051282051282,0.08333333333333331,0.16666666666666669,0.36666666666666664
Japan,0.19565217391304346,Female,Moderate,Junk Food,0.8374999999999999,High,PTSD,0.41025641025641024,0.3,0.12222222222222223,0.35555555555555557
Australia,0.17391304347826086,Female,High,Keto,0.6,High,Depression,0.9487179487179487,0.1333333333333333,0.7999999999999998,0.7555555555555555
Japan,0.6956521739130435,Female,Low,Vegan,0.4375,Low,Anxiety,0.6666666666666667,0.4666666666666666,0.49999999999999994,0.7777777777777777
Japan,0.673913043478261,Male,High,Vegan,0.4,Moderate,Bipolar,0.4871794871794872,0.14999999999999997,0.6333333333333333,0.011111111111111127
USA,0.10869565217391308,Female,High,Keto,0.4375,Moderate,Anxiety,0.1282051282051282,0.4666666666666666,0.3333333333333333,0.14444444444444443
India,0.8695652173913044,Male,Moderate,Vegetarian,0.3125,Low,Depression,0.8717948717948718,0.21666666666666662,0.5555555555555556,0.21111111111111108
Japan,0.7608695652173914,Female,High,Keto,0.6875,Moderate,PTSD,0.28205128205128205,0.7333333333333334,0.25555555555555554,0.35555555555555557
Canada,0.02173913043478265,Other,Moderate,Keto,0.32499999999999996,Low,Anxiety,0.05128205128205132,0.03333333333333338,0.31111111111111106,0.28888888888888886
Japan,0.6086956521739131,Male,Low,Balanced,0.55,Low,Anxiety,0.07692307692307698,0.55,0.6555555555555557,0.6666666666666665
Germany,0.06521739130434784,Other,High,Vegan,0.4125,Moderate,Anxiety,0.07692307692307698,0.16666666666666669,0.15555555555555556,0.8333333333333333
India,0.0,Female,Low,Vegan,0.625,High,Bipolar,0.07692307692307698,0.0,0.6222222222222222,0.18888888888888888
Germany,0.3913043478260869,Female,Low,Junk Food,0.65,Low,Depression,0.9743589743589745,0.8666666666666667,0.8555555555555554,0.5666666666666667
India,0.5434782608695652,Female,Low,Keto,0.375,Low,PTSD,0.5128205128205128,0.6666666666666667,0.12222222222222223,0.36666666666666664
Germany,0.5217391304347826,Male,High,Keto,0.48750000000000004,Low,PTSD,0.02564102564102566,0.10000000000000003,0.8999999999999999,0.5111111111111111
Japan,0.19565217391304346,Other,Moderate,Vegetarian,0.22499999999999998,Low,PTSD,0.3846153846153846,0.6666666666666667,0.07777777777777778,0.6222222222222222
Japan,0.30434782608695654,Male,High,Vegan,0.825,Moderate,Anxiety,0.15384615384615385,0.6166666666666667,0.3444444444444444,0.8888888888888888
USA,0.4565217391304348,Male,Low,Vegetarian,0.7,Moderate,Depression,0.46153846153846156,0.4666666666666666,0.6111111111111112,0.18888888888888888
Canada,0.4347826086956522,Female,Moderate,Balanced,0.23750000000000004,Low,Anxiety,0.8205128205128205,0.4166666666666667,0.5555555555555556,0.08888888888888888
Germany,0.4565217391304348,Other,Low,Junk Food,0.3375,High,Anxiety,0.20512820512820518,0.8833333333333333,0.09999999999999998,0.6222222222222222
Australia,0.7608695652173914,Female,Moderate,Vegetarian,0.475,Moderate,PTSD,0.9230769230769231,0.24999999999999994,0.7999999999999998,0.3888888888888889
USA,0.7173913043478262,Male,High,Vegan,0.5125,High,Depression,0.41025641025641024,0.4000000000000001,0.9777777777777779,0.16666666666666669
Germany,0.6304347826086956,Female,Moderate,Balanced,0.375,High,PTSD,0.6666666666666667,0.3333333333333333,0.17777777777777776,0.12222222222222223
Germany,0.5217391304347826,Other,High,Keto,0.2875,Low,Anxiety,0.8205128205128205,0.7666666666666666,0.8999999999999999,0.5555555555555556
USA,0.9565217391304348,Female,Low,Balanced,0.575,Moderate,Anxiety,0.28205128205128205,0.9166666666666667,0.5555555555555556,0.3
Japan,0.5869565217391305,Other,Moderate,Vegetarian,0.825,Low,Anxiety,0.2564102564102564,0.8499999999999999,0.9333333333333333,1.0
Germany,0.0,Other,Low,Vegan,0.5125,Low,PTSD,0.3076923076923077,0.8,0.17777777777777776,0.41111111111111115
Japan,0.9565217391304348,Female,Moderate,Vegetarian,0.44999999999999996,High,Depression,0.7692307692307692,0.9833333333333334,0.7888888888888888,0.21111111111111108
USA,0.06521739130434784,Male,High,Keto,0.42500000000000004,High,Depression,0.3076923076923077,0.7,0.05555555555555555,0.6333333333333333
Japan,0.13043478260869568,Female,Moderate,Keto,0.30000000000000004,High,Anxiety,0.9487179487179487,0.75,0.8777777777777778,0.24444444444444446
India,0.17391304347826086,Male,Moderate,Vegan,0.375,Low,PTSD,0.641025641025641,0.9833333333333334,0.6777777777777776,0.4888888888888889
Australia,0.7608695652173914,Male,High,Junk Food,0.7124999999999999,Low,Anxiety,0.7692307692307692,0.0,0.36666666666666664,0.4777777777777777
Brazil,0.3913043478260869,Female,High,Balanced,0.11249999999999999,Low,Anxiety,0.5384615384615385,0.6333333333333333,0.18888888888888888,0.45555555555555544
Germany,0.0,Male,High,Balanced,0.5125,Low,Anxiety,0.1282051282051282,0.7333333333333334,0.8111111111111111,0.7999999999999998
Canada,0.19565217391304346,Male,Moderate,Keto,0.5,Low,Anxiety,0.4871794871794872,0.9166666666666667,0.6000000000000001,0.21111111111111108
Australia,0.7608695652173914,Female,Low,Vegetarian,0.525,Low,Anxiety,0.5128205128205128,0.8833333333333333,0.35555555555555557,0.8999999999999999
Brazil,0.17391304347826086,Female,Moderate,Vegetarian,0.6375,Low,Anxiety,0.23076923076923084,0.8499999999999999,0.4444444444444445,0.7888888888888888
Japan,0.9565217391304348,Female,Moderate,Junk Food,0.5125,Low,Depression,0.46153846153846156,0.95,0.8222222222222222,0.3333333333333333
Germany,0.9782608695652173,Male,Low,Vegetarian,0.4125,Moderate,Anxiety,0.8717948717948718,0.5333333333333334,0.3444444444444444,0.17777777777777776
Japan,0.8913043478260869,Other,High,Balanced,0.375,Moderate,Anxiety,0.641025641025641,0.0,0.08888888888888888,0.27777777777777773
India,0.673913043478261,Male,Moderate,Vegetarian,0.7375,Moderate,Bipolar,0.15384615384615385,0.016666666666666663,0.911111111111111,0.3333333333333333
USA,0.673913043478261,Other,Low,Junk Food,0.7,Moderate,Bipolar,0.9230769230769231,0.55,0.3888888888888889,0.5555555555555556
Germany,0.10869565217391308,Female,High,Balanced,1.0,Low,Bipolar,0.17948717948717952,0.4333333333333333,0.3444444444444444,0.044444444444444425
Brazil,0.8043478260869565,Other,High,Vegetarian,0.44999999999999996,Low,PTSD,0.10256410256410264,0.45,0.19999999999999996,0.911111111111111
Brazil,0.34782608695652173,Female,Moderate,Balanced,0.375,High,Depression,0.8974358974358974,0.4000000000000001,0.8999999999999999,0.09999999999999998
India,0.19565217391304346,Female,High,Keto,0.5875,High,Anxiety,0.6923076923076923,0.9166666666666667,0.2222222222222222,0.27777777777777773
India,0.5652173913043479,Other,High,Keto,0.575,Moderate,Bipolar,0.05128205128205132,0.36666666666666664,0.6333333333333333,0.1111111111111111
Germany,0.7391304347826086,Female,Low,Keto,0.625,High,Anxiety,0.9743589743589745,0.8499999999999999,0.8777777777777778,0.25555555555555554
Japan,0.4347826086956522,Other,Low,Vegetarian,0.6625,Moderate,Anxiety,0.17948717948717952,0.9000000000000001,0.033333333333333326,0.8333333333333333
Canada,0.5217391304347826,Female,High,Junk Food,0.6125,Low,PTSD,0.35897435897435903,0.49999999999999994,0.8333333333333333,0.6111111111111112
Brazil,0.5869565217391305,Male,Low,Balanced,0.7,Low,Bipolar,0.6666666666666667,0.45,0.41111111111111115,0.2222222222222222
Brazil,1.0,Male,High,Vegan,0.7250000000000001,High,Anxiety,0.8974358974358974,0.7666666666666666,0.6555555555555557,0.8666666666666667
India,0.30434782608695654,Female,Moderate,Keto,0.7250000000000001,Low,Anxiety,0.3846153846153846,0.7,0.3777777777777778,0.7999999999999998
Australia,0.06521739130434784,Female,Low,Keto,0.07500000000000001,Low,Bipolar,0.641025641025641,0.3333333333333333,0.7,0.7555555555555555
India,0.6086956521739131,Other,High,Vegan,0.5375,Moderate,Anxiety,0.07692307692307698,0.10000000000000003,0.25555555555555554,0.8444444444444443
Canada,0.17391304347826086,Male,High,Vegan,0.32499999999999996,High,PTSD,0.28205128205128205,0.26666666666666666,0.022222222222222227,0.6222222222222222
Japan,0.5652173913043479,Other,Low,Vegetarian,0.7,Low,PTSD,0.41025641025641024,0.1333333333333333,0.9444444444444444,0.49999999999999994
Japan,0.5434782608695652,Female,Low,Balanced,0.07500000000000001,High,Anxiety,0.641025641025641,0.3,0.011111111111111127,0.3777777777777778
Australia,0.3913043478260869,Female,Moderate,Keto,0.7749999999999999,Low,PTSD,0.7692307692307692,0.26666666666666666,0.8222222222222222,0.2222222222222222
Brazil,0.5869565217391305,Other,High,Junk Food,0.3375,Moderate,Bipolar,0.35897435897435903,0.6333333333333333,0.16666666666666669,0.5555555555555556
India,0.34782608695652173,Female,Moderate,Vegetarian,0.30000000000000004,Low,PTSD,0.8461538461538463,0.95,0.3888888888888889,0.8888888888888888
Japan,0.9130434782608696,Male,Moderate,Vegetarian,0.5625,High,Anxiety,0.7179487179487181,0.6833333333333333,0.8222222222222222,0.5888888888888888
Canada,0.8695652173913044,Other,Moderate,Junk Food,0.42500000000000004,High,Depression,0.20512820512820518,0.9333333333333333,0.21111111111111108,0.9222222222222223
Germany,0.8913043478260869,Male,Low,Junk Food,0.8374999999999999,Moderate,Anxiety,0.33333333333333337,0.7833333333333334,0.8666666666666667,0.35555555555555557
USA,0.4130434782608696,Male,Moderate,Junk Food,0.75,Low,Anxiety,0.8974358974358974,0.7333333333333334,0.49999999999999994,0.7
USA,0.9565217391304348,Male,Low,Vegan,0.4,Moderate,Bipolar,0.07692307692307698,0.4166666666666667,0.36666666666666664,0.6444444444444444
USA,0.8478260869565217,Other,Low,Keto,0.7,High,Anxiety,0.9487179487179487,0.3166666666666666,0.6666666666666665,0.6666666666666665
Brazil,0.8260869565217392,Female,Moderate,Vegan,0.4,Moderate,Anxiety,0.9230769230769231,0.8499999999999999,0.3444444444444444,0.6444444444444444
India,0.4782608695652174,Male,Moderate,Keto,0.4,Low,Anxiety,0.5897435897435896,0.9000000000000001,0.3444444444444444,0.2222222222222222
Australia,1.0,Male,High,Vegan,0.6375,Low,Anxiety,0.41025641025641024,0.45,0.7333333333333332,0.14444444444444443
Japan,0.673913043478261,Male,Moderate,Balanced,0.7749999999999999,Moderate,PTSD,0.3076923076923077,0.016666666666666663,0.31111111111111106,0.9777777777777779
Germany,1.0,Female,High,Keto,0.4125,High,Anxiety,0.4871794871794872,0.8,0.19999999999999996,0.044444444444444425
Canada,0.6956521739130435,Female,Moderate,Vegetarian,0.4375,High,Anxiety,0.41025641025641024,0.2833333333333334,0.8111111111111111,0.4666666666666666
Germany,0.9782608695652173,Other,Moderate,Keto,0.5625,Moderate,Anxiety,0.6666666666666667,0.016666666666666663,0.7999999999999998,0.4222222222222222
Canada,0.08695652173913049,Female,Moderate,Keto,0.3375,Low,PTSD,0.8205128205128205,0.8,0.49999999999999994,0.35555555555555557
Brazil,0.9130434782608696,Other,Moderate,Keto,0.7875000000000001,Low,Depression,0.5128205128205128,0.5166666666666666,0.5222222222222221,0.7777777777777777
India,0.7173913043478262,Other,High,Balanced,0.32499999999999996,Low,Bipolar,0.41025641025641024,0.6833333333333333,0.7,0.7444444444444445
USA,0.8478260869565217,Other,High,Vegan,0.38749999999999996,Low,Depression,0.5384615384615385,0.9166666666666667,0.5111111111111111,0.8999999999999999
India,0.21739130434782616,Other,Moderate,Vegetarian,0.8374999999999999,High,Depression,0.6153846153846154,0.5333333333333334,0.4222222222222222,0.39999999999999997
Brazil,0.043478260869565244,Other,Moderate,Vegan,0.5375,Low,Anxiety,0.05128205128205132,0.49999999999999994,1.0,0.5666666666666667
Australia,0.6956521739130435,Male,High,Vegan,0.8625,Moderate,Depression,0.6666666666666667,0.2833333333333334,0.14444444444444443,0.8888888888888888
Australia,0.21739130434782616,Female,Low,Junk Food,0.4625,Moderate,Anxiety,0.6666666666666667,0.3,0.5888888888888888,0.9888888888888889
Brazil,0.32608695652173914,Male,Low,Balanced,0.9750000000000001,Moderate,Anxiety,0.28205128205128205,0.8,0.8888888888888888,0.9666666666666666
Canada,0.3695652173913043,Other,Low,Junk Food,0.6125,Moderate,Bipolar,0.35897435897435903,0.45,0.6888888888888889,0.7222222222222221
Japan,0.6304347826086956,Female,High,Balanced,0.36250000000000004,Low,Anxiety,0.9487179487179487,0.16666666666666669,0.8777777777777778,0.14444444444444443
Japan,0.19565217391304346,Male,High,Vegan,0.35,High,Anxiety,0.4871794871794872,0.10000000000000003,0.3333333333333333,0.022222222222222227
Canada,0.3695652173913043,Male,Low,Vegan,0.22499999999999998,Low,Depression,0.5384615384615385,0.4666666666666666,0.26666666666666666,0.8222222222222222
Australia,0.8043478260869565,Other,Low,Balanced,0.25,High,Bipolar,0.02564102564102566,0.4666666666666666,0.8555555555555554,0.8444444444444443
Australia,0.3913043478260869,Male,Moderate,Vegan,0.375,Low,Depression,0.07692307692307698,0.6500000000000001,0.3888888888888889,0.7444444444444445
Australia,0.7608695652173914,Male,High,Vegan,0.3125,High,Anxiety,0.3076923076923077,0.4666666666666666,0.711111111111111,0.27777777777777773
India,0.26086956521739135,Male,High,Vegetarian,0.012500000000000011,Moderate,PTSD,0.7948717948717949,0.14999999999999997,0.14444444444444443,0.6444444444444444
Australia,0.9782608695652173,Male,Low,Junk Food,0.6625,Moderate,Anxiety,0.5384615384615385,0.49999999999999994,0.7555555555555555,0.31111111111111106
Germany,0.043478260869565244,Male,Low,Junk Food,0.65,High,Bipolar,0.6153846153846154,0.9000000000000001,0.5444444444444445,0.45555555555555544
USA,0.19565217391304346,Other,High,Junk Food,0.5625,High,Anxiety,0.6666666666666667,0.16666666666666669,0.26666666666666666,0.3777777777777778
Australia,0.8043478260869565,Other,Moderate,Keto,0.2875,High,Anxiety,0.41025641025641024,0.6833333333333333,0.49999999999999994,0.911111111111111
Canada,0.0,Male,Low,Vegetarian,0.8125,Moderate,Bipolar,0.1282051282051282,0.5999999999999999,0.7,0.23333333333333334
USA,0.5652173913043479,Other,High,Junk Food,0.4625,Moderate,Bipolar,0.3846153846153846,0.75,0.011111111111111127,0.5777777777777777
India,0.9782608695652173,Other,High,Junk Food,0.35,Low,Depression,0.17948717948717952,0.14999999999999997,0.6333333333333333,0.35555555555555557
Canada,0.15217391304347827,Female,Moderate,Vegetarian,0.5375,High,Anxiety,0.8205128205128205,0.9333333333333333,0.5444444444444445,0.6666666666666665
USA,0.9782608695652173,Male,Moderate,Vegan,0.5375,High,PTSD,0.23076923076923084,0.6166666666666667,0.2222222222222222,0.5666666666666667
Canada,0.8913043478260869,Other,Low,Junk Food,0.025000000000000022,High,PTSD,0.8461538461538463,0.8499999999999999,0.7555555555555555,0.9222222222222223
India,0.34782608695652173,Other,Low,Vegan,0.5,Moderate,PTSD,0.46153846153846156,0.24999999999999994,0.3,0.09999999999999998
Germany,0.17391304347826086,Male,Low,Junk Food,0.525,High,Anxiety,0.33333333333333337,0.7333333333333334,0.27777777777777773,0.2222222222222222
India,0.10869565217391308,Female,High,Balanced,0.42500000000000004,High,Bipolar,0.05128205128205132,0.7833333333333334,0.4666666666666666,0.7666666666666666
India,0.9130434782608696,Male,Low,Keto,0.25,Moderate,Bipolar,0.5641025641025641,0.4000000000000001,0.6777777777777776,0.36666666666666664
Canada,0.5217391304347826,Female,High,Junk Food,0.26249999999999996,High,Bipolar,1.0,0.38333333333333325,0.9333333333333333,0.16666666666666669
Brazil,0.8260869565217392,Male,Low,Balanced,0.6,Low,Anxiety,0.2564102564102564,0.6500000000000001,0.14444444444444443,0.49999999999999994
Japan,0.5869565217391305,Male,Moderate,Vegetarian,0.6375,Moderate,Bipolar,0.1282051282051282,0.10000000000000003,0.39999999999999997,0.6555555555555557
Australia,0.6956521739130435,Male,Moderate,Balanced,0.4125,Moderate,Bipolar,0.8461538461538463,0.7333333333333334,0.06666666666666668,0.044444444444444425
Australia,0.7826086956521738,Male,High,Vegetarian,0.575,Moderate,Anxiety,0.0,0.04999999999999999,0.7555555555555555,0.28888888888888886
Germany,0.17391304347826086,Female,Moderate,Junk Food,0.4125,Low,Depression,0.8717948717948718,0.1833333333333333,0.4444444444444445,0.8111111111111111
Germany,0.3695652173913043,Female,High,Vegetarian,0.3375,Moderate,PTSD,0.6153846153846154,0.6666666666666667,0.711111111111111,0.5222222222222221
Australia,0.4347826086956522,Other,High,Balanced,0.5375,Moderate,Anxiety,0.7179487179487181,0.10000000000000003,0.3222222222222222,0.033333333333333326
Japan,0.02173913043478265,Male,Moderate,Keto,0.2875,Moderate,Anxiety,0.5641025641025641,0.9666666666666666,0.8444444444444443,0.27777777777777773
Australia,0.9130434782608696,Female,High,Vegan,0.8500000000000001,Moderate,Anxiety,0.4358974358974359,0.8666666666666667,0.5333333333333332,0.6444444444444444
Brazil,0.8043478260869565,Female,Moderate,Vegan,0.22499999999999998,Low,PTSD,0.33333333333333337,0.6333333333333333,0.9444444444444444,0.19999999999999996
Japan,0.8478260869565217,Female,Low,Keto,0.55,High,Anxiety,0.41025641025641024,0.8166666666666667,0.07777777777777778,0.8222222222222222
Germany,0.7608695652173914,Male,Low,Vegan,0.525,High,Depression,0.02564102564102566,0.8833333333333333,0.5111111111111111,0.6777777777777776
USA,0.9130434782608696,Other,Moderate,Junk Food,0.5125,Moderate,Bipolar,0.7692307692307692,0.26666666666666666,0.7666666666666666,0.4666666666666666
Canada,0.7826086956521738,Female,Moderate,Junk Food,0.7749999999999999,Low,Depression,0.46153846153846156,0.8499999999999999,0.6000000000000001,0.911111111111111
Brazil,0.30434782608695654,Male,Moderate,Balanced,0.0,Moderate,Bipolar,0.7948717948717949,0.2,0.022222222222222227,0.3888888888888889
Brazil,0.5869565217391305,Female,Moderate,Balanced,0.575,High,Bipolar,0.6923076923076923,0.4166666666666667,0.9777777777777779,0.23333333333333334
Germany,0.3695652173913043,Female,Low,Vegetarian,0.44999999999999996,High,Anxiety,0.17948717948717952,0.55,0.3,0.6666666666666665
Germany,0.7173913043478262,Other,High,Balanced,0.6125,Low,Anxiety,1.0,0.7166666666666666,0.24444444444444446,0.5777777777777777
India,0.4565217391304348,Female,High,Junk Food,0.5125,High,PTSD,0.9743589743589745,0.03333333333333338,0.4888888888888889,0.3333333333333333
Brazil,0.21739130434782616,Female,Low,Balanced,0.48750000000000004,Moderate,Anxiety,0.5384615384615385,0.2833333333333334,0.5444444444444445,0.3444444444444444
India,0.26086956521739135,Male,High,Vegan,0.275,Low,Depression,0.5897435897435896,0.6166666666666667,0.7666666666666666,0.39999999999999997
India,0.06521739130434784,Male,Low,Vegetarian,0.375,High,PTSD,0.9487179487179487,0.3499999999999999,0.3888888888888889,0.28888888888888886
Canada,0.4565217391304348,Other,High,Vegetarian,1.0,Moderate,PTSD,0.02564102564102566,0.7833333333333334,0.4444444444444445,0.711111111111111
India,0.13043478260869568,Male,Moderate,Junk Food,0.6125,Low,Depression,0.46153846153846156,0.6500000000000001,0.5333333333333332,0.6555555555555557
Japan,0.9130434782608696,Male,Moderate,Balanced,0.7,Moderate,Depression,0.02564102564102566,0.23333333333333334,0.3888888888888889,0.4444444444444445
Australia,0.5,Other,Moderate,Vegan,0.4375,High,Bipolar,0.6923076923076923,0.14999999999999997,0.911111111111111,0.39999999999999997
USA,0.06521739130434784,Female,Low,Balanced,0.3375,Moderate,Anxiety,0.7948717948717949,0.6333333333333333,0.8555555555555554,0.36666666666666664
Germany,0.5869565217391305,Other,Low,Keto,0.65,Low,Anxiety,0.46153846153846156,0.45,0.45555555555555544,0.28888888888888886
Japan,0.30434782608695654,Male,High,Balanced,0.1375,Moderate,Anxiety,0.3846153846153846,0.16666666666666669,0.0,0.08888888888888888
USA,0.0,Other,High,Junk Food,0.375,High,Anxiety,0.7435897435897436,0.3333333333333333,0.8999999999999999,0.26666666666666666
Brazil,0.043478260869565244,Female,High,Balanced,0.4375,Low,Anxiety,0.5384615384615385,0.3,0.12222222222222223,0.3222222222222222
Brazil,0.28260869565217395,Other,Low,Vegetarian,0.675,Low,Anxiety,0.33333333333333337,0.10000000000000003,0.24444444444444446,0.5444444444444445
Brazil,0.8043478260869565,Male,High,Vegan,0.575,High,PTSD,0.0,0.55,0.15555555555555556,0.7777777777777777
Japan,0.0,Male,Moderate,Junk Food,0.4125,Moderate,PTSD,0.02564102564102566,0.7666666666666666,0.17777777777777776,0.39999999999999997
Japan,0.8043478260869565,Other,High,Keto,0.575,Moderate,Anxiety,0.5384615384615385,0.5833333333333333,0.7999999999999998,0.9444444444444444
Germany,0.8043478260869565,Female,Moderate,Vegan,0.4375,High,Anxiety,0.8205128205128205,0.8333333333333333,0.5777777777777777,0.8222222222222222
Australia,0.4347826086956522,Other,Low,Vegan,0.7,Low,Depression,0.35897435897435903,0.1333333333333333,0.9555555555555555,0.9888888888888889
India,0.6086956521739131,Female,Moderate,Vegetarian,0.55,High,Depression,0.5384615384615385,0.4333333333333333,0.23333333333333334,0.8777777777777778
Brazil,0.08695652173913049,Female,Moderate,Vegetarian,0.825,Low,Anxiety,1.0,0.6166666666666667,0.4888888888888889,0.6222222222222222
Canada,0.19565217391304346,Other,Moderate,Vegetarian,0.44999999999999996,Low,Anxiety,0.9743589743589745,0.6833333333333333,0.9777777777777779,0.6000000000000001
Australia,0.5869565217391305,Female,Low,Junk Food,0.7250000000000001,Moderate,Anxiety,0.2564102564102564,0.7,0.8222222222222222,0.13333333333333336
Canada,0.4347826086956522,Male,Low,Balanced,0.5125,High,Anxiety,0.07692307692307698,0.7333333333333334,0.7333333333333332,0.7222222222222221
Germany,0.13043478260869568,Other,Low,Vegan,0.375,Low,Bipolar,0.15384615384615385,0.6500000000000001,0.18888888888888888,0.6000000000000001
Germany,0.043478260869565244,Female,Low,Balanced,0.9875,Moderate,PTSD,0.5128205128205128,0.10000000000000003,0.7666666666666666,0.5111111111111111
Germany,0.9565217391304348,Male,High,Balanced,0.75,High,Anxiety,0.15384615384615385,0.7,0.3444444444444444,0.6888888888888889
USA,1.0,Other,Low,Vegetarian,0.55,High,Anxiety,0.07692307692307698,0.7166666666666666,0.5333333333333332,0.4444444444444445
Canada,0.4130434782608696,Male,Moderate,Balanced,0.6375,Low,Depression,0.28205128205128205,1.0,0.6111111111111112,0.5222222222222221
Australia,0.3913043478260869,Male,Low,Vegan,0.30000000000000004,Low,Bipolar,0.6666666666666667,0.7,0.6111111111111112,0.39999999999999997
Australia,0.7391304347826086,Male,High,Vegan,0.30000000000000004,Low,Anxiety,0.41025641025641024,0.6833333333333333,0.7222222222222221,0.7222222222222221
Japan,0.06521739130434784,Female,High,Keto,0.7124999999999999,High,PTSD,0.4871794871794872,0.5166666666666666,0.6666666666666665,0.8777777777777778
Japan,0.08695652173913049,Other,High,Junk Food,0.5,Low,Anxiety,0.7692307692307692,0.8666666666666667,0.06666666666666668,0.8444444444444443
Brazil,0.0,Other,Moderate,Balanced,0.475,High,Anxiety,0.641025641025641,1.0,0.45555555555555544,0.7888888888888888
Japan,0.06521739130434784,Female,Low,Junk Food,0.44999999999999996,Moderate,Bipolar,0.7692307692307692,0.7833333333333334,0.6666666666666665,0.011111111111111127
Germany,0.23913043478260876,Other,Low,Junk Food,0.525,High,Anxiety,0.8717948717948718,0.6166666666666667,0.3,0.911111111111111
Australia,0.5652173913043479,Male,Low,Junk Food,0.44999999999999996,Low,Bipolar,0.20512820512820518,0.08333333333333331,0.31111111111111106,0.27777777777777773
Canada,0.8913043478260869,Other,Moderate,Junk Food,0.125,High,Anxiety,0.10256410256410264,0.7333333333333334,0.12222222222222223,0.8888888888888888
Germany,0.4782608695652174,Female,Moderate,Vegan,0.7625,Low,PTSD,0.17948717948717952,0.7166666666666666,0.4222222222222222,0.19999999999999996
USA,0.5217391304347826,Male,High,Balanced,0.475,Moderate,PTSD,0.5128205128205128,0.7833333333333334,0.9888888888888889,0.4444444444444445
Japan,0.4347826086956522,Female,High,Keto,0.8374999999999999,Low,Bipolar,0.3846153846153846,0.1166666666666667,0.28888888888888886,0.7444444444444445
Germany,0.5,Male,Low,Junk Food,0.175,Low,Depression,0.3846153846153846,0.6500000000000001,0.5333333333333332,0.6444444444444444
Germany,0.5217391304347826,Male,Moderate,Keto,0.175,Low,Depression,0.4358974358974359,0.3,0.7444444444444445,0.41111111111111115
USA,0.9565217391304348,Other,Moderate,Vegan,0.44999999999999996,Low,Anxiety,0.6923076923076923,0.7666666666666666,0.011111111111111127,0.6777777777777776
India,0.9782608695652173,Male,Low,Vegan,0.6875,Low,Depression,0.4358974358974359,0.23333333333333334,0.8999999999999999,0.5444444444444445
Australia,0.673913043478261,Female,Low,Vegetarian,0.275,Low,Bipolar,0.33333333333333337,0.6833333333333333,0.3888888888888889,0.27777777777777773
Canada,0.673913043478261,Other,High,Junk Food,0.26249999999999996,Moderate,Depression,0.9230769230769231,0.3,0.8666666666666667,0.6444444444444444
Brazil,0.08695652173913049,Female,High,Vegetarian,0.575,Moderate,Anxiety,1.0,0.016666666666666663,0.044444444444444425,0.19999999999999996
India,0.7608695652173914,Male,High,Keto,0.4375,High,Anxiety,0.3846153846153846,0.6333333333333333,0.14444444444444443,0.6888888888888889
Japan,0.9782608695652173,Female,Low,Balanced,0.6,Low,Depression,0.5128205128205128,0.1166666666666667,0.3222222222222222,0.0
Germany,0.8913043478260869,Female,Low,Vegetarian,0.44999999999999996,High,Bipolar,0.0,0.6666666666666667,0.3444444444444444,0.5444444444444445
USA,0.8913043478260869,Male,High,Vegan,0.575,Moderate,Bipolar,0.2564102564102564,0.9333333333333333,0.8444444444444443,0.39999999999999997
USA,0.8260869565217392,Other,High,Junk Food,0.75,Moderate,Anxiety,0.2564102564102564,0.9666666666666666,0.011111111111111127,0.3
Australia,0.32608695652173914,Female,Moderate,Keto,0.275,Low,Anxiety,0.02564102564102566,0.23333333333333334,0.6444444444444444,0.5111111111111111
India,0.6956521739130435,Male,Moderate,Vegan,0.7250000000000001,Low,PTSD,0.7948717948717949,0.8166666666666667,0.13333333333333336,0.6444444444444444
Brazil,0.4347826086956522,Other,High,Balanced,0.175,High,PTSD,0.46153846153846156,0.3499999999999999,0.8222222222222222,0.9666666666666666
Australia,0.17391304347826086,Other,High,Junk Food,0.6125,Moderate,PTSD,0.10256410256410264,0.9000000000000001,0.7777777777777777,0.8333333333333333
Germany,0.10869565217391308,Other,Moderate,Balanced,0.7625,High,Anxiety,0.05128205128205132,0.7833333333333334,0.49999999999999994,0.7222222222222221
Australia,0.9565217391304348,Female,High,Balanced,0.4,High,Bipolar,0.6923076923076923,0.06666666666666665,0.21111111111111108,0.4777777777777777
Canada,0.7391304347826086,Female,Moderate,Junk Food,0.625,High,PTSD,0.641025641025641,0.4000000000000001,0.6333333333333333,0.3888888888888889
USA,0.8260869565217392,Female,Moderate,Junk Food,0.4125,Low,Bipolar,0.5641025641025641,0.3333333333333333,0.15555555555555556,0.033333333333333326
USA,0.4565217391304348,Other,Moderate,Balanced,0.6125,Moderate,Anxiety,0.7435897435897436,0.7833333333333334,0.18888888888888888,0.35555555555555557
Japan,0.8695652173913044,Female,Low,Keto,0.07500000000000001,High,Anxiety,0.17948717948717952,0.4166666666666667,0.6222222222222222,0.8444444444444443
Japan,0.08695652173913049,Male,Low,Junk Food,0.525,Moderate,Anxiety,0.8974358974358974,0.6833333333333333,0.9888888888888889,0.3888888888888889
Brazil,0.8913043478260869,Female,High,Vegan,0.575,Moderate,Bipolar,0.7179487179487181,0.5999999999999999,0.8888888888888888,0.4666666666666666
Germany,0.4782608695652174,Female,Moderate,Vegetarian,0.75,High,PTSD,0.3076923076923077,0.9833333333333334,0.5888888888888888,0.26666666666666666
Canada,0.34782608695652173,Other,Low,Keto,0.675,High,Anxiety,0.6153846153846154,0.9333333333333333,0.5333333333333332,0.27777777777777773
India,0.23913043478260876,Female,High,Junk Food,0.475,Low,Depression,0.5384615384615385,0.4333333333333333,1.0,0.06666666666666668
Australia,0.4782608695652174,Male,High,Junk Food,0.55,Moderate,Anxiety,0.8205128205128205,0.7166666666666666,0.5444444444444445,0.6111111111111112
Brazil,0.32608695652173914,Other,High,Keto,0.22499999999999998,High,Bipolar,0.9230769230769231,0.8333333333333333,0.4222222222222222,0.4444444444444445
Germany,0.043478260869565244,Male,High,Vegetarian,0.8125,High,PTSD,0.15384615384615385,0.9000000000000001,0.911111111111111,0.6111111111111112
Japan,0.6304347826086956,Other,High,Balanced,0.625,Moderate,Anxiety,0.5641025641025641,0.06666666666666665,0.23333333333333334,0.5444444444444445
Australia,0.4565217391304348,Other,Moderate,Vegan,0.15000000000000002,High,Anxiety,0.1282051282051282,0.3,0.09999999999999998,0.7999999999999998
Japan,0.17391304347826086,Female,High,Junk Food,0.55,Moderate,PTSD,0.35897435897435903,0.3166666666666666,0.6333333333333333,0.7555555555555555
Australia,0.6086956521739131,Male,Moderate,Vegetarian,0.5625,High,Anxiety,0.35897435897435903,0.4333333333333333,0.09999999999999998,0.7666666666666666
India,1.0,Other,Low,Vegan,0.35,Moderate,Bipolar,1.0,0.16666666666666669,0.3777777777777778,0.49999999999999994
Germany,0.7826086956521738,Female,High,Keto,0.5125,High,Depression,0.8461538461538463,0.49999999999999994,0.4222222222222222,0.35555555555555557
Australia,0.4782608695652174,Other,Low,Junk Food,0.3375,High,Depression,0.33333333333333337,0.6666666666666667,0.5444444444444445,0.9333333333333333
Canada,0.26086956521739135,Other,Moderate,Balanced,0.23750000000000004,Low,Bipolar,0.7179487179487181,0.49999999999999994,0.9888888888888889,0.05555555555555555
Brazil,0.673913043478261,Other,Moderate,Keto,0.38749999999999996,Moderate,Anxiety,0.3846153846153846,0.6666666666666667,0.2222222222222222,0.15555555555555556
USA,0.9782608695652173,Other,Low,Junk Food,0.5375,Low,Bipolar,0.7179487179487181,0.06666666666666665,0.3777777777777778,0.4222222222222222
Canada,1.0,Other,High,Vegetarian,0.675,High,Anxiety,0.5641025641025641,0.8833333333333333,0.13333333333333336,0.6111111111111112
Canada,0.4782608695652174,Other,High,Vegan,0.5125,Moderate,Anxiety,0.23076923076923084,0.9333333333333333,0.6111111111111112,0.011111111111111127
Brazil,0.9565217391304348,Female,Low,Vegan,0.675,Moderate,Depression,0.07692307692307698,0.6166666666666667,0.7222222222222221,0.7222222222222221
USA,0.34782608695652173,Other,Low,Junk Food,0.625,High,Anxiety,0.28205128205128205,0.8833333333333333,0.4777777777777777,0.5555555555555556
Canada,0.8478260869565217,Male,Low,Keto,0.30000000000000004,High,PTSD,0.8461538461538463,0.1333333333333333,0.24444444444444446,0.4888888888888889
Australia,0.4347826086956522,Female,High,Balanced,0.625,High,PTSD,0.07692307692307698,0.8,0.6222222222222222,0.4222222222222222
Australia,0.02173913043478265,Male,High,Vegetarian,0.625,High,PTSD,0.4871794871794872,0.1166666666666667,0.5444444444444445,0.5222222222222221
Australia,0.7826086956521738,Other,High,Junk Food,0.825,Moderate,Depression,0.6923076923076923,0.4000000000000001,0.16666666666666669,0.16666666666666669
USA,0.10869565217391308,Male,Low,Vegetarian,0.575,Low,Bipolar,0.6923076923076923,0.3166666666666666,0.41111111111111115,0.1111111111111111
Canada,0.9347826086956521,Other,High,Vegan,0.26249999999999996,Moderate,Anxiety,0.1282051282051282,0.5833333333333333,0.4333333333333334,0.28888888888888886
USA,0.3695652173913043,Other,Moderate,Balanced,0.4,Moderate,Depression,0.33333333333333337,0.3,0.9777777777777779,0.711111111111111
Australia,0.6304347826086956,Female,Low,Vegetarian,0.15000000000000002,Moderate,Anxiety,0.8717948717948718,0.6333333333333333,0.8444444444444443,0.5888888888888888
Brazil,0.4565217391304348,Female,High,Junk Food,0.6,Moderate,Anxiety,0.0,0.36666666666666664,0.7333333333333332,0.4777777777777777
Canada,0.6956521739130435,Other,Low,Balanced,0.8125,High,PTSD,0.46153846153846156,0.8666666666666667,0.8888888888888888,0.5666666666666667
Canada,0.6304347826086956,Female,Moderate,Keto,0.04999999999999999,Low,Anxiety,0.0,0.6333333333333333,0.7333333333333332,0.5555555555555556
Japan,0.34782608695652173,Male,Moderate,Junk Food,0.8125,Moderate,PTSD,0.3076923076923077,0.21666666666666662,0.8999999999999999,0.31111111111111106
Japan,0.9130434782608696,Female,Low,Vegetarian,0.5875,Moderate,Anxiety,0.17948717948717952,0.3333333333333333,0.05555555555555555,0.09999999999999998
India,0.673913043478261,Female,Low,Balanced,0.30000000000000004,Low,Anxiety,0.4358974358974359,0.8499999999999999,0.45555555555555544,0.8999999999999999
Germany,0.8913043478260869,Male,Moderate,Junk Food,0.55,High,Bipolar,0.8717948717948718,0.38333333333333325,0.7444444444444445,0.6000000000000001
Japan,0.28260869565217395,Female,Low,Balanced,0.30000000000000004,Moderate,Bipolar,0.5641025641025641,0.5333333333333334,0.5777777777777777,0.7
USA,0.19565217391304346,Other,Moderate,Balanced,0.5875,High,Bipolar,0.641025641025641,0.6500000000000001,0.17777777777777776,0.4666666666666666
Japan,1.0,Male,Moderate,Balanced,0.5125,Moderate,PTSD,0.9487179487179487,0.3499999999999999,0.3444444444444444,0.7555555555555555
India,0.7608695652173914,Other,High,Vegetarian,0.5625,Moderate,Anxiety,0.4871794871794872,0.3,0.3222222222222222,0.5888888888888888
Canada,0.7173913043478262,Male,Low,Junk Food,0.32499999999999996,Low,Bipolar,0.02564102564102566,0.48333333333333334,0.26666666666666666,0.05555555555555555
India,0.17391304347826086,Other,Low,Vegan,0.35,Low,Depression,0.641025641025641,0.21666666666666662,0.3444444444444444,0.8888888888888888
Canada,0.8913043478260869,Other,High,Vegan,0.6,High,Bipolar,0.8974358974358974,0.2833333333333334,0.5111111111111111,0.3
Brazil,0.5869565217391305,Female,Moderate,Vegetarian,0.4,Moderate,PTSD,0.6153846153846154,0.06666666666666665,0.8555555555555554,0.13333333333333336
Brazil,0.21739130434782616,Other,Low,Vegetarian,0.525,High,Anxiety,0.7435897435897436,0.3,0.7444444444444445,0.08888888888888888
Canada,0.28260869565217395,Female,High,Balanced,0.5875,Low,Bipolar,0.4358974358974359,0.3166666666666666,0.8333333333333333,0.7222222222222221
Germany,0.8260869565217392,Male,High,Junk Food,0.4625,Low,Anxiety,0.15384615384615385,0.9666666666666666,0.8888888888888888,0.7
Japan,1.0,Other,Low,Junk Food,0.7124999999999999,Low,Depression,0.6666666666666667,0.5833333333333333,0.41111111111111115,0.7
USA,0.3913043478260869,Other,High,Keto,0.4625,Low,Anxiety,0.2564102564102564,0.7833333333333334,0.3444444444444444,0.911111111111111
USA,0.30434782608695654,Male,Moderate,Keto,0.4625,Low,Anxiety,0.9230769230769231,0.04999999999999999,0.05555555555555555,0.3444444444444444
Australia,0.5869565217391305,Male,High,Vegan,0.38749999999999996,High,Bipolar,0.17948717948717952,0.10000000000000003,0.9333333333333333,0.5666666666666667
Canada,0.5,Other,Moderate,Keto,0.7,High,PTSD,0.2564102564102564,0.8166666666666667,0.06666666666666668,0.6222222222222222
USA,0.15217391304347827,Male,Moderate,Keto,0.36250000000000004,Low,PTSD,0.5897435897435896,0.6166666666666667,0.7444444444444445,0.9777777777777779
Germany,0.9130434782608696,Female,Low,Vegan,0.7375,Moderate,PTSD,0.7435897435897436,0.1833333333333333,0.3777777777777778,0.31111111111111106
Canada,0.17391304347826086,Male,High,Vegan,0.525,Moderate,PTSD,0.7435897435897436,0.4000000000000001,0.9444444444444444,0.9555555555555555
Germany,1.0,Male,Moderate,Keto,1.0,Moderate,Anxiety,0.35897435897435903,0.5333333333333334,0.4222222222222222,0.14444444444444443
USA,0.6956521739130435,Other,Moderate,Junk Food,0.375,Moderate,PTSD,0.8717948717948718,0.8499999999999999,0.8111111111111111,0.7666666666666666
USA,0.6956521739130435,Female,High,Keto,0.7375,Moderate,Anxiety,0.9743589743589745,0.06666666666666665,0.27777777777777773,0.6333333333333333
Australia,0.3913043478260869,Male,Moderate,Balanced,0.6,Low,Depression,0.5897435897435896,0.5999999999999999,0.3,0.8222222222222222
USA,0.043478260869565244,Female,High,Balanced,0.4,High,Anxiety,0.17948717948717952,0.7166666666666666,0.6000000000000001,0.033333333333333326
Canada,0.19565217391304346,Female,Low,Balanced,0.6,Low,Anxiety,0.4871794871794872,0.9833333333333334,1.0,0.07777777777777778
Brazil,0.8478260869565217,Female,Moderate,Vegetarian,0.5875,Moderate,PTSD,0.641025641025641,0.8,0.5222222222222221,0.06666666666666668
Canada,1.0,Other,Moderate,Balanced,0.4375,Moderate,PTSD,0.5897435897435896,0.2833333333333334,0.9333333333333333,0.5888888888888888
Canada,0.8913043478260869,Male,High,Junk Food,0.575,High,Anxiety,0.5384615384615385,0.7166666666666666,0.7888888888888888,0.6000000000000001
Australia,0.0,Other,High,Vegetarian,0.7124999999999999,Low,PTSD,0.10256410256410264,0.7666666666666666,0.7999999999999998,0.911111111111111
Australia,0.6086956521739131,Male,High,Vegetarian,0.6,High,PTSD,0.35897435897435903,0.7333333333333334,0.4333333333333334,0.4666666666666666
USA,0.7173913043478262,Male,High,Balanced,0.42500000000000004,Moderate,PTSD,0.8974358974358974,0.8166666666666667,0.3888888888888889,0.06666666666666668
India,0.26086956521739135,Other,Moderate,Keto,0.4125,Moderate,PTSD,0.9230769230769231,0.9000000000000001,0.18888888888888888,0.21111111111111108
India,0.0,Female,Low,Vegan,0.48750000000000004,High,PTSD,0.7179487179487181,0.10000000000000003,0.9666666666666666,0.011111111111111127
Australia,0.7173913043478262,Female,Low,Keto,0.7124999999999999,Moderate,Bipolar,0.35897435897435903,0.10000000000000003,0.9555555555555555,0.7777777777777777
USA,0.6086956521739131,Male,Low,Keto,0.36250000000000004,Low,Bipolar,0.6666666666666667,0.8,0.7444444444444445,0.8111111111111111
India,1.0,Other,Low,Vegetarian,0.575,Moderate,Bipolar,0.17948717948717952,0.24999999999999994,0.3,1.0
USA,0.26086956521739135,Female,High,Vegetarian,0.21250000000000002,Moderate,Anxiety,0.7179487179487181,0.06666666666666665,0.24444444444444446,0.41111111111111115
USA,0.6086956521739131,Female,Moderate,Vegetarian,0.6125,Low,Depression,0.46153846153846156,0.4000000000000001,0.9888888888888889,0.022222222222222227
USA,0.8260869565217392,Male,Moderate,Junk Food,0.6375,Moderate,Anxiety,0.7692307692307692,0.8166666666666667,0.06666666666666668,0.23333333333333334
Japan,0.5,Male,Moderate,Junk Food,0.875,High,Bipolar,0.20512820512820518,0.1333333333333333,0.8444444444444443,0.5888888888888888
Canada,0.5434782608695652,Other,High,Vegan,0.675,High,Anxiety,0.23076923076923084,0.6666666666666667,0.35555555555555557,0.9666666666666666
USA,0.34782608695652173,Male,Moderate,Vegetarian,0.42500000000000004,Moderate,Depression,0.9230769230769231,0.0,0.4222222222222222,0.09999999999999998
Japan,0.13043478260869568,Female,High,Balanced,0.21250000000000002,Low,PTSD,0.23076923076923084,0.1166666666666667,0.8333333333333333,0.12222222222222223
Australia,0.26086956521739135,Female,Moderate,Vegetarian,0.6,Low,Anxiety,0.8205128205128205,0.3499999999999999,0.08888888888888888,0.7
India,0.08695652173913049,Female,Low,Junk Food,0.4375,High,Bipolar,0.6153846153846154,0.08333333333333331,0.35555555555555557,0.6666666666666665
Canada,0.5434782608695652,Female,High,Vegetarian,0.5625,Moderate,Bipolar,0.07692307692307698,0.8499999999999999,0.9555555555555555,0.25555555555555554
Brazil,0.043478260869565244,Other,Moderate,Junk Food,0.36250000000000004,Low,Depression,0.10256410256410264,0.8666666666666667,0.7,0.8111111111111111
India,0.13043478260869568,Other,Low,Vegetarian,0.4625,Low,PTSD,0.5641025641025641,0.75,0.7555555555555555,0.13333333333333336
Canada,0.8260869565217392,Male,Low,Balanced,0.1875,High,PTSD,0.9743589743589745,0.24999999999999994,0.7555555555555555,0.9222222222222223
Brazil,0.0,Male,Low,Vegan,0.30000000000000004,High,Anxiety,0.10256410256410264,0.5166666666666666,0.05555555555555555,0.19999999999999996
India,0.34782608695652173,Male,High,Balanced,0.275,Low,PTSD,0.17948717948717952,0.1833333333333333,0.19999999999999996,0.07777777777777778
Canada,0.9130434782608696,Other,High,Junk Food,0.6625,High,Depression,0.41025641025641024,0.2833333333333334,0.4888888888888889,0.3444444444444444
India,0.5217391304347826,Female,Moderate,Keto,0.35,Low,PTSD,0.0,0.5166666666666666,0.36666666666666664,0.18888888888888888
India,0.043478260869565244,Male,Low,Balanced,0.7625,Moderate,Depression,0.28205128205128205,0.7333333333333334,0.41111111111111115,0.5222222222222221
Brazil,0.30434782608695654,Female,Moderate,Vegetarian,0.35,High,Bipolar,0.8717948717948718,0.10000000000000003,0.7777777777777777,0.6888888888888889
India,0.6086956521739131,Male,Moderate,Vegan,0.8875,High,Bipolar,0.33333333333333337,0.3,0.011111111111111127,0.4888888888888889
India,0.9130434782608696,Male,Low,Vegetarian,0.1375,Moderate,Bipolar,0.4358974358974359,0.9333333333333333,0.6555555555555557,0.6555555555555557
Brazil,0.673913043478261,Male,Moderate,Vegetarian,0.575,Low,Anxiety,0.23076923076923084,0.4333333333333333,0.0,0.36666666666666664
Australia,0.5434782608695652,Male,High,Balanced,0.5125,Low,Bipolar,0.35897435897435903,0.9333333333333333,0.06666666666666668,0.033333333333333326
USA,0.32608695652173914,Male,Moderate,Vegan,0.275,High,Depression,0.8205128205128205,0.9833333333333334,0.41111111111111115,0.9777777777777779
Germany,0.5217391304347826,Female,Low,Keto,0.4,Low,Anxiety,0.46153846153846156,0.5333333333333334,0.8444444444444443,0.8222222222222222
Japan,0.5869565217391305,Male,High,Vegetarian,0.44999999999999996,Low,PTSD,0.8461538461538463,0.2833333333333334,0.14444444444444443,0.07777777777777778
Germany,0.17391304347826086,Female,High,Vegan,0.55,Moderate,Bipolar,0.6153846153846154,0.7833333333333334,0.5555555555555556,0.4444444444444445
Germany,0.0,Other,Moderate,Keto,0.32499999999999996,Moderate,Anxiety,0.3846153846153846,0.16666666666666669,0.6777777777777776,0.6333333333333333
Canada,0.6086956521739131,Male,Moderate,Vegetarian,0.575,Moderate,Anxiety,0.17948717948717952,0.24999999999999994,0.23333333333333334,0.18888888888888888
USA,0.4565217391304348,Female,High,Vegan,0.525,High,Depression,0.8717948717948718,0.7833333333333334,0.5111111111111111,0.5777777777777777
Canada,0.32608695652173914,Other,Moderate,Balanced,0.65,Moderate,Anxiety,0.5128205128205128,0.4333333333333333,0.911111111111111,0.5333333333333332
USA,0.8695652173913044,Other,Low,Vegetarian,0.3375,Moderate,Bipolar,0.46153846153846156,0.2,0.5111111111111111,0.21111111111111108
Brazil,0.9347826086956521,Other,Moderate,Vegetarian,0.42500000000000004,Low,Bipolar,0.2564102564102564,0.6500000000000001,0.15555555555555556,0.14444444444444443
Brazil,0.8695652173913044,Female,Moderate,Vegan,0.7749999999999999,Moderate,Anxiety,0.2564102564102564,0.7333333333333334,0.6333333333333333,0.7555555555555555
USA,0.13043478260869568,Male,High,Vegetarian,0.32499999999999996,High,Depression,0.2564102564102564,0.1333333333333333,0.5888888888888888,0.3222222222222222
India,0.28260869565217395,Male,Moderate,Keto,0.23750000000000004,Moderate,Anxiety,0.5384615384615385,0.2833333333333334,0.022222222222222227,0.24444444444444446
Australia,0.6086956521739131,Female,Moderate,Vegetarian,0.38749999999999996,High,Anxiety,0.5128205128205128,0.21666666666666662,0.08888888888888888,0.7333333333333332
India,0.3913043478260869,Male,Moderate,Junk Food,0.16249999999999998,Low,Anxiety,0.6666666666666667,0.38333333333333325,0.15555555555555556,0.7333333333333332
Australia,0.3913043478260869,Female,Low,Keto,0.8125,Low,Depression,0.4358974358974359,0.7666666666666666,0.13333333333333336,0.27777777777777773
Canada,0.02173913043478265,Male,Moderate,Vegan,0.44999999999999996,Moderate,Anxiety,1.0,0.7166666666666666,0.25555555555555554,0.8777777777777778
Australia,0.8695652173913044,Other,Low,Keto,0.44999999999999996,Low,Depression,0.9487179487179487,0.6666666666666667,0.45555555555555544,0.6888888888888889
Canada,0.9565217391304348,Male,Low,Junk Food,0.6375,Moderate,Bipolar,0.7435897435897436,0.0,0.36666666666666664,0.3444444444444444
Brazil,0.30434782608695654,Female,Low,Junk Food,0.36250000000000004,Low,PTSD,0.8205128205128205,0.14999999999999997,0.8888888888888888,0.4222222222222222
Germany,0.043478260869565244,Female,Low,Vegetarian,0.4625,High,PTSD,0.5128205128205128,0.21666666666666662,0.6111111111111112,0.7222222222222221
Brazil,0.21739130434782616,Other,High,Vegetarian,0.36250000000000004,Low,Depression,0.02564102564102566,0.26666666666666666,0.8777777777777778,0.21111111111111108
Brazil,0.9782608695652173,Female,Low,Balanced,0.175,Moderate,PTSD,0.3076923076923077,0.14999999999999997,0.5222222222222221,0.4666666666666666
Germany,0.6304347826086956,Male,Moderate,Keto,0.5125,Moderate,Anxiety,0.02564102564102566,0.4166666666666667,0.08888888888888888,0.6555555555555557
Australia,0.8478260869565217,Male,Low,Balanced,0.6875,Moderate,Bipolar,0.7692307692307692,0.08333333333333331,0.4666666666666666,0.5444444444444445
Australia,0.3695652173913043,Other,Moderate,Junk Food,0.5125,High,Bipolar,0.23076923076923084,0.75,0.8222222222222222,0.6111111111111112
Canada,0.02173913043478265,Female,Low,Vegetarian,0.675,Low,PTSD,0.5641025641025641,0.7833333333333334,0.18888888888888888,0.5444444444444445
India,0.673913043478261,Other,High,Vegetarian,0.30000000000000004,Moderate,Depression,0.5384615384615385,0.5666666666666667,0.08888888888888888,0.19999999999999996
Canada,0.15217391304347827,Male,Low,Vegetarian,0.36250000000000004,High,Anxiety,0.7179487179487181,0.08333333333333331,0.3333333333333333,0.41111111111111115
India,0.4565217391304348,Other,Low,Vegan,0.26249999999999996,High,Depression,0.8205128205128205,0.8833333333333333,0.3888888888888889,0.5333333333333332
Brazil,0.10869565217391308,Female,High,Junk Food,0.5625,High,PTSD,0.7692307692307692,0.9666666666666666,0.31111111111111106,0.7777777777777777
Germany,0.23913043478260876,Other,Low,Vegetarian,0.4375,Low,Bipolar,0.33333333333333337,0.2,0.13333333333333336,0.6555555555555557
Brazil,1.0,Female,Moderate,Junk Food,0.4375,Low,Bipolar,0.23076923076923084,0.7,0.25555555555555554,0.4222222222222222
USA,0.8478260869565217,Female,Low,Vegetarian,0.625,Low,Depression,0.4358974358974359,0.8499999999999999,0.6777777777777776,0.9777777777777779
Australia,0.7608695652173914,Male,Low,Keto,0.4125,High,Anxiety,0.2564102564102564,0.5333333333333334,0.3888888888888889,0.1111111111111111
India,0.30434782608695654,Male,Low,Junk Food,0.7,Low,Depression,0.9743589743589745,0.3166666666666666,0.6333333333333333,0.21111111111111108
Canada,0.5869565217391305,Male,High,Balanced,0.55,Moderate,Anxiety,0.05128205128205132,0.48333333333333334,0.5333333333333332,0.3444444444444444
Germany,0.9565217391304348,Female,Low,Vegan,0.4375,High,Depression,0.02564102564102566,0.5166666666666666,0.5444444444444445,0.23333333333333334
India,0.3695652173913043,Other,Low,Balanced,0.21250000000000002,Low,Anxiety,0.17948717948717952,0.4000000000000001,0.24444444444444446,0.6222222222222222
Canada,0.02173913043478265,Female,Moderate,Junk Food,0.625,High,Anxiety,0.7692307692307692,0.9333333333333333,0.5222222222222221,0.044444444444444425
Australia,0.26086956521739135,Male,Low,Vegetarian,0.55,High,Anxiety,0.17948717948717952,0.75,0.022222222222222227,0.17777777777777776
Brazil,0.9565217391304348,Male,Low,Junk Food,0.5625,Low,Anxiety,0.02564102564102566,0.23333333333333334,0.4333333333333334,0.28888888888888886
Australia,0.30434782608695654,Other,Low,Vegan,0.5625,High,Anxiety,0.5384615384615385,0.5833333333333333,0.5777777777777777,0.6888888888888889
Japan,0.4130434782608696,Male,Low,Junk Food,0.4,Low,Anxiety,0.10256410256410264,0.6833333333333333,0.17777777777777776,0.8777777777777778
USA,0.6086956521739131,Male,Moderate,Vegetarian,0.475,Low,Anxiety,0.15384615384615385,0.1333333333333333,0.25555555555555554,0.7999999999999998
Japan,0.8913043478260869,Male,Moderate,Balanced,0.4125,Low,Bipolar,0.4871794871794872,0.36666666666666664,0.2222222222222222,0.17777777777777776
Germany,0.6086956521739131,Other,High,Keto,0.7375,High,Anxiety,0.6923076923076923,0.9000000000000001,0.06666666666666668,0.5666666666666667
India,0.043478260869565244,Female,Low,Balanced,0.44999999999999996,High,Anxiety,0.3076923076923077,0.5666666666666667,0.3444444444444444,0.033333333333333326
Germany,0.3913043478260869,Male,High,Vegetarian,0.38749999999999996,Low,PTSD,0.02564102564102566,0.21666666666666662,0.9777777777777779,0.31111111111111106
Brazil,0.043478260869565244,Other,High,Vegetarian,0.75,High,Anxiety,0.7948717948717949,0.1166666666666667,0.35555555555555557,0.8111111111111111
Canada,0.28260869565217395,Male,Low,Vegan,0.7250000000000001,Low,Bipolar,0.641025641025641,0.5166666666666666,0.45555555555555544,0.45555555555555544
Australia,0.8478260869565217,Other,Moderate,Junk Food,0.55,Moderate,Depression,0.05128205128205132,0.55,0.6555555555555557,0.14444444444444443
Japan,0.06521739130434784,Male,Moderate,Junk Food,0.475,High,Bipolar,0.3076923076923077,0.3333333333333333,0.6444444444444444,0.4333333333333334
Japan,0.21739130434782616,Other,Low,Balanced,0.42500000000000004,High,Bipolar,0.5128205128205128,0.6333333333333333,0.9444444444444444,0.19999999999999996
Brazil,0.6521739130434783,Male,Low,Keto,0.48750000000000004,Moderate,Anxiety,0.9230769230769231,0.06666666666666665,0.8555555555555554,0.3888888888888889
Japan,0.9130434782608696,Female,Moderate,Keto,0.3375,Moderate,Anxiety,0.5641025641025641,0.14999999999999997,0.7888888888888888,0.4888888888888889
Brazil,0.673913043478261,Male,Low,Vegan,0.5875,Moderate,PTSD,0.15384615384615385,0.55,0.9555555555555555,0.3444444444444444
Germany,0.5652173913043479,Other,Low,Vegetarian,0.8125,Low,PTSD,0.41025641025641024,0.06666666666666665,0.23333333333333334,0.9333333333333333
Australia,0.6304347826086956,Male,Low,Vegan,0.6,Low,Anxiety,0.6923076923076923,0.8833333333333333,0.6222222222222222,0.5666666666666667
India,0.9130434782608696,Female,Moderate,Junk Food,0.2875,Moderate,Anxiety,0.7435897435897436,0.14999999999999997,0.8888888888888888,0.8444444444444443
Canada,0.02173913043478265,Male,High,Vegetarian,0.5875,Low,Anxiety,0.10256410256410264,0.6666666666666667,0.6222222222222222,0.7555555555555555
India,0.17391304347826086,Other,High,Vegan,0.5375,High,Depression,0.5897435897435896,0.38333333333333325,0.9777777777777779,0.6666666666666665
Germany,0.5869565217391305,Other,Low,Balanced,0.5875,Moderate,Bipolar,0.15384615384615385,0.4000000000000001,0.09999999999999998,0.49999999999999994
Canada,0.6521739130434783,Female,Moderate,Junk Food,0.35,High,PTSD,0.8461538461538463,0.7666666666666666,0.4444444444444445,0.0
Japan,0.7173913043478262,Other,Low,Keto,0.5,Low,PTSD,0.8205128205128205,0.49999999999999994,0.9777777777777779,0.6111111111111112
USA,0.30434782608695654,Male,Moderate,Vegan,0.6625,Moderate,Anxiety,0.6666666666666667,0.7333333333333334,0.3777777777777778,0.35555555555555557
Germany,0.5217391304347826,Male,Low,Junk Food,0.30000000000000004,Low,Depression,0.33333333333333337,0.49999999999999994,0.7444444444444445,0.12222222222222223
Germany,0.7608695652173914,Male,Moderate,Junk Food,0.4125,High,Anxiety,0.46153846153846156,0.5999999999999999,0.033333333333333326,0.4444444444444445
Australia,0.15217391304347827,Other,Moderate,Keto,0.44999999999999996,Low,Anxiety,0.9487179487179487,0.7666666666666666,0.7,0.7333333333333332
India,0.17391304347826086,Male,High,Keto,0.6875,High,Depression,0.28205128205128205,0.5999999999999999,0.9333333333333333,0.9666666666666666
Germany,0.7826086956521738,Male,Low,Keto,0.7124999999999999,Low,PTSD,0.05128205128205132,0.6166666666666667,0.3777777777777778,0.3777777777777778
Germany,0.9565217391304348,Male,High,Vegan,0.1375,High,Anxiety,0.15384615384615385,0.7833333333333334,0.022222222222222227,0.5444444444444445
Japan,0.8260869565217392,Female,High,Keto,0.6875,Low,Anxiety,0.8717948717948718,0.95,0.033333333333333326,0.8555555555555554
Japan,0.673913043478261,Other,Moderate,Balanced,0.7250000000000001,Moderate,PTSD,0.6153846153846154,0.38333333333333325,0.8888888888888888,0.3333333333333333
Canada,0.34782608695652173,Other,Low,Junk Food,0.7124999999999999,Moderate,Bipolar,0.35897435897435903,0.5833333333333333,0.7222222222222221,0.14444444444444443
Brazil,0.7391304347826086,Other,Moderate,Keto,0.4,Low,Depression,0.46153846153846156,0.08333333333333331,0.1111111111111111,0.27777777777777773
Brazil,0.7826086956521738,Female,Moderate,Junk Food,0.4625,High,PTSD,0.46153846153846156,0.36666666666666664,0.05555555555555555,0.8999999999999999
USA,0.3913043478260869,Other,Moderate,Vegetarian,0.19999999999999996,Low,Bipolar,0.5641025641025641,0.4166666666666667,0.7999999999999998,0.15555555555555556
Brazil,0.9347826086956521,Female,Low,Vegetarian,0.11249999999999999,Moderate,Anxiety,0.2564102564102564,0.8333333333333333,0.8111111111111111,0.3333333333333333
Australia,0.6086956521739131,Female,Low,Keto,0.4375,High,Depression,0.5128205128205128,0.5166666666666666,0.12222222222222223,0.4666666666666666
USA,0.13043478260869568,Other,Moderate,Junk Food,0.5125,Low,Anxiety,0.8461538461538463,0.7333333333333334,0.3,0.8444444444444443
Canada,0.5869565217391305,Male,Low,Vegetarian,0.5375,Low,Anxiety,0.9743589743589745,0.016666666666666663,0.7777777777777777,0.9333333333333333
Japan,0.17391304347826086,Male,Moderate,Keto,0.65,High,Bipolar,0.15384615384615385,0.4666666666666666,0.5222222222222221,0.4222222222222222
Brazil,0.5869565217391305,Other,Low,Junk Food,1.0,Low,PTSD,0.6666666666666667,0.9000000000000001,0.9555555555555555,0.9333333333333333
India,0.10869565217391308,Other,Low,Keto,0.42500000000000004,Moderate,Anxiety,0.5641025641025641,0.21666666666666662,0.4777777777777777,0.16666666666666669
Japan,0.6086956521739131,Female,High,Junk Food,0.30000000000000004,Moderate,Bipolar,0.9487179487179487,0.03333333333333338,0.6777777777777776,0.15555555555555556
Australia,0.34782608695652173,Other,Moderate,Vegetarian,0.6,High,Anxiety,0.4871794871794872,0.4333333333333333,0.5111111111111111,0.9444444444444444
Japan,0.32608695652173914,Female,High,Keto,0.5375,Low,Anxiety,0.6666666666666667,0.7,0.9444444444444444,0.5111111111111111
Australia,0.4782608695652174,Other,High,Vegetarian,0.38749999999999996,Low,Anxiety,0.17948717948717952,0.45,0.39999999999999997,0.18888888888888888
Australia,0.6521739130434783,Male,Moderate,Keto,0.675,Moderate,Depression,0.9230769230769231,0.4666666666666666,0.23333333333333334,0.4888888888888889
Australia,0.043478260869565244,Male,Moderate,Vegan,0.35,High,Bipolar,0.05128205128205132,0.6666666666666667,0.3222222222222222,0.7777777777777777
Canada,0.4347826086956522,Other,Low,Vegetarian,0.475,High,Depression,0.02564102564102566,0.24999999999999994,0.8555555555555554,0.8222222222222222
Australia,0.5434782608695652,Female,Moderate,Vegetarian,0.48750000000000004,High,PTSD,0.5384615384615385,0.75,0.49999999999999994,0.8666666666666667
Australia,0.7608695652173914,Male,High,Balanced,0.32499999999999996,Moderate,PTSD,0.1282051282051282,0.14999999999999997,0.35555555555555557,0.5666666666666667
India,0.8913043478260869,Female,High,Vegetarian,0.175,Moderate,Anxiety,0.9743589743589745,0.4000000000000001,0.5444444444444445,0.8666666666666667
USA,0.7826086956521738,Other,Moderate,Junk Food,0.5375,High,Anxiety,1.0,0.6500000000000001,0.13333333333333336,0.5111111111111111
Germany,0.4565217391304348,Other,High,Keto,0.7625,High,Anxiety,0.8974358974358974,0.8333333333333333,0.0,0.6111111111111112
USA,0.8913043478260869,Male,Low,Vegan,0.675,Low,PTSD,0.5897435897435896,0.7833333333333334,0.27777777777777773,0.7555555555555555
Australia,0.23913043478260876,Other,High,Junk Food,0.6875,Low,Anxiety,0.28205128205128205,0.7166666666666666,0.6000000000000001,0.4222222222222222
India,0.8913043478260869,Male,Low,Junk Food,0.35,High,Anxiety,0.41025641025641024,0.36666666666666664,0.711111111111111,0.07777777777777778
Japan,0.26086956521739135,Female,High,Junk Food,0.5375,Moderate,Bipolar,0.5384615384615385,0.1166666666666667,0.8222222222222222,0.35555555555555557
India,0.21739130434782616,Male,Low,Junk Food,0.23750000000000004,Moderate,PTSD,0.46153846153846156,0.21666666666666662,0.9222222222222223,0.6222222222222222
Australia,0.32608695652173914,Male,Low,Vegan,0.5375,Low,Anxiety,0.20512820512820518,0.8666666666666667,0.41111111111111115,0.18888888888888888
India,0.15217391304347827,Female,Moderate,Balanced,0.7625,High,PTSD,0.28205128205128205,0.8499999999999999,0.7444444444444445,0.14444444444444443
Brazil,0.8478260869565217,Male,Low,Vegetarian,0.7625,Moderate,Anxiety,0.7948717948717949,0.95,0.07777777777777778,0.28888888888888886
India,0.8478260869565217,Male,Moderate,Junk Food,0.875,Moderate,Anxiety,0.7692307692307692,0.08333333333333331,0.05555555555555555,0.033333333333333326
Australia,0.9565217391304348,Other,High,Vegetarian,0.6875,Moderate,Depression,0.41025641025641024,0.5333333333333334,0.12222222222222223,0.7444444444444445
Canada,0.02173913043478265,Female,High,Vegetarian,0.5875,Moderate,Depression,0.5641025641025641,0.6500000000000001,0.4444444444444445,0.25555555555555554
Brazil,0.6304347826086956,Male,High,Junk Food,0.6625,Low,Bipolar,0.23076923076923084,0.7166666666666666,0.21111111111111108,0.12222222222222223
India,0.6304347826086956,Female,Low,Balanced,0.625,Moderate,PTSD,0.7435897435897436,0.6500000000000001,0.28888888888888886,0.7
Germany,0.23913043478260876,Female,High,Vegetarian,0.35,Moderate,Depression,0.46153846153846156,0.7666666666666666,0.6444444444444444,0.8444444444444443
Germany,0.19565217391304346,Male,High,Keto,0.21250000000000002,High,Depression,0.641025641025641,0.36666666666666664,0.35555555555555557,0.022222222222222227
India,0.9347826086956521,Other,Moderate,Vegetarian,0.6625,High,PTSD,0.641025641025641,0.1833333333333333,0.5555555555555556,0.23333333333333334
Canada,0.21739130434782616,Female,Moderate,Junk Food,0.8875,Low,Anxiety,0.2564102564102564,0.2,0.41111111111111115,0.9444444444444444
Japan,0.30434782608695654,Male,High,Vegan,0.675,Low,Bipolar,0.4871794871794872,0.016666666666666663,0.16666666666666669,0.3888888888888889
Australia,0.32608695652173914,Female,High,Vegetarian,0.15000000000000002,Low,Bipolar,0.07692307692307698,0.3499999999999999,0.07777777777777778,0.9333333333333333
Germany,0.34782608695652173,Other,Low,Balanced,0.4,Low,Bipolar,0.28205128205128205,0.10000000000000003,0.23333333333333334,0.27777777777777773
Japan,0.5434782608695652,Other,Low,Keto,0.4625,Moderate,Depression,0.6153846153846154,0.3166666666666666,0.05555555555555555,0.2222222222222222
India,0.02173913043478265,Other,High,Keto,0.15000000000000002,High,Anxiety,0.23076923076923084,0.6333333333333333,0.6222222222222222,0.21111111111111108
Japan,0.23913043478260876,Male,Moderate,Vegan,0.23750000000000004,Moderate,Bipolar,0.5384615384615385,0.9000000000000001,0.7999999999999998,0.08888888888888888
Brazil,0.5434782608695652,Male,High,Vegan,0.48750000000000004,Moderate,PTSD,0.15384615384615385,0.8333333333333333,0.3444444444444444,0.8999999999999999
USA,0.4782608695652174,Other,Low,Vegetarian,0.55,Moderate,Bipolar,0.5897435897435896,0.24999999999999994,0.3888888888888889,0.9777777777777779
Germany,0.3695652173913043,Male,Moderate,Junk Food,0.3125,High,Anxiety,0.02564102564102566,0.1333333333333333,0.8111111111111111,0.9555555555555555
India,0.673913043478261,Other,Moderate,Balanced,0.23750000000000004,Low,Anxiety,0.7948717948717949,0.2,0.2222222222222222,0.8555555555555554
Australia,0.8043478260869565,Male,Low,Keto,0.7250000000000001,Low,Anxiety,0.5128205128205128,0.9666666666666666,0.12222222222222223,0.8444444444444443
Canada,1.0,Other,High,Vegan,0.42500000000000004,High,Anxiety,0.15384615384615385,0.55,0.49999999999999994,0.6555555555555557
Brazil,0.043478260869565244,Female,High,Balanced,0.44999999999999996,High,PTSD,0.17948717948717952,0.1833333333333333,0.6444444444444444,0.8222222222222222
India,0.8043478260869565,Other,High,Junk Food,0.4,Low,Depression,0.9487179487179487,0.8333333333333333,0.6000000000000001,0.21111111111111108
Australia,0.043478260869565244,Other,Low,Keto,0.35,Moderate,Depression,0.5128205128205128,0.4000000000000001,0.711111111111111,0.3888888888888889
Canada,0.6304347826086956,Male,Moderate,Keto,0.75,Low,Anxiety,0.17948717948717952,0.9000000000000001,0.05555555555555555,0.6444444444444444
Canada,0.0,Male,Low,Junk Food,0.3375,High,Bipolar,0.6153846153846154,0.26666666666666666,0.4333333333333334,0.8777777777777778
India,0.6304347826086956,Male,High,Keto,0.5375,Low,Anxiety,0.6923076923076923,0.4000000000000001,0.23333333333333334,0.6555555555555557
Brazil,0.9565217391304348,Male,Low,Junk Food,0.5,Low,PTSD,0.6923076923076923,0.49999999999999994,0.7555555555555555,0.8444444444444443
Japan,0.673913043478261,Male,Moderate,Keto,0.1375,Low,Bipolar,0.7692307692307692,0.9000000000000001,0.8777777777777778,0.4777777777777777
Japan,0.5869565217391305,Male,Low,Vegetarian,0.55,High,Depression,0.8974358974358974,0.8666666666666667,0.27777777777777773,0.7222222222222221
Canada,0.4347826086956522,Female,High,Junk Food,0.21250000000000002,High,Bipolar,0.6153846153846154,0.5666666666666667,0.09999999999999998,0.9777777777777779
Japan,0.9782608695652173,Other,Moderate,Balanced,0.625,Low,Anxiety,0.9230769230769231,0.21666666666666662,0.25555555555555554,0.15555555555555556
USA,0.26086956521739135,Other,Low,Vegetarian,0.275,Low,Depression,0.9487179487179487,0.4000000000000001,0.09999999999999998,0.9222222222222223
Canada,0.5652173913043479,Other,Low,Balanced,0.6,Moderate,Anxiety,0.28205128205128205,0.9833333333333334,0.3222222222222222,0.5222222222222221
Canada,0.7608695652173914,Female,Moderate,Keto,0.42500000000000004,Moderate,PTSD,0.9230769230769231,0.5999999999999999,0.5333333333333332,0.6444444444444444
Australia,0.13043478260869568,Other,Moderate,Balanced,0.375,Low,PTSD,0.9230769230769231,0.7833333333333334,0.9777777777777779,0.8777777777777778
Japan,0.4565217391304348,Female,High,Vegetarian,0.5375,High,Depression,0.7692307692307692,0.45,0.39999999999999997,0.41111111111111115
Brazil,0.19565217391304346,Female,Moderate,Junk Food,0.22499999999999998,Moderate,Anxiety,0.4358974358974359,0.5333333333333334,0.2222222222222222,0.4222222222222222
Canada,0.8260869565217392,Female,High,Vegan,0.48750000000000004,Low,Anxiety,0.641025641025641,0.4333333333333333,0.16666666666666669,0.5222222222222221
Brazil,0.30434782608695654,Other,Low,Balanced,0.65,Moderate,PTSD,0.1282051282051282,0.7,0.17777777777777776,0.022222222222222227
USA,0.30434782608695654,Female,High,Vegan,0.7,Moderate,Depression,0.20512820512820518,0.8499999999999999,0.18888888888888888,0.49999999999999994
Australia,0.06521739130434784,Other,Low,Balanced,0.4125,Moderate,PTSD,0.2564102564102564,0.49999999999999994,0.7666666666666666,0.28888888888888886
India,0.673913043478261,Other,Moderate,Balanced,0.4375,High,Anxiety,0.7692307692307692,0.48333333333333334,0.05555555555555555,0.9333333333333333
Brazil,0.4782608695652174,Male,Low,Junk Food,0.22499999999999998,Low,Anxiety,0.02564102564102566,0.3333333333333333,1.0,0.08888888888888888
Canada,0.10869565217391308,Male,Moderate,Keto,0.36250000000000004,High,Anxiety,0.7179487179487181,0.1833333333333333,0.5222222222222221,0.45555555555555544
USA,0.5,Female,Low,Vegetarian,0.21250000000000002,High,Bipolar,0.10256410256410264,0.9333333333333333,0.5444444444444445,0.9444444444444444
Germany,0.4130434782608696,Female,Low,Vegetarian,0.5875,Moderate,Anxiety,0.5641025641025641,0.3166666666666666,0.35555555555555557,0.8999999999999999
USA,0.7826086956521738,Other,Low,Vegetarian,0.6625,Low,Anxiety,0.8974358974358974,0.8,0.6888888888888889,0.7
USA,0.4130434782608696,Female,Low,Keto,0.4125,Moderate,PTSD,0.15384615384615385,0.7166666666666666,0.4666666666666666,0.5888888888888888
Australia,0.23913043478260876,Female,High,Vegan,0.30000000000000004,High,Anxiety,0.3076923076923077,0.7833333333333334,0.3333333333333333,0.27777777777777773
India,0.6956521739130435,Other,Low,Vegetarian,0.5625,High,Depression,0.23076923076923084,0.9333333333333333,0.26666666666666666,0.36666666666666664
Germany,0.5869565217391305,Female,High,Vegan,0.3375,Low,PTSD,0.8974358974358974,0.6166666666666667,0.9222222222222223,0.08888888888888888
Japan,0.15217391304347827,Female,Moderate,Keto,0.625,High,PTSD,0.3846153846153846,0.9000000000000001,0.28888888888888886,0.7888888888888888
Japan,0.0,Other,Moderate,Keto,0.8625,High,Bipolar,0.35897435897435903,0.16666666666666669,0.4333333333333334,0.3222222222222222
Brazil,0.7826086956521738,Other,High,Junk Food,0.3375,Low,Depression,0.46153846153846156,0.6333333333333333,0.35555555555555557,0.6666666666666665
USA,0.4565217391304348,Male,Moderate,Vegetarian,0.36250000000000004,Moderate,Anxiety,0.5128205128205128,0.7666666666666666,0.08888888888888888,0.35555555555555557
Australia,0.10869565217391308,Other,Moderate,Junk Food,0.22499999999999998,Low,Bipolar,0.8717948717948718,0.26666666666666666,0.18888888888888888,0.4666666666666666
Australia,0.4347826086956522,Male,Low,Vegetarian,0.525,High,Depression,0.35897435897435903,0.7333333333333334,0.18888888888888888,0.5555555555555556
Japan,0.673913043478261,Female,Low,Keto,0.5125,Low,Bipolar,0.33333333333333337,0.7833333333333334,0.6888888888888889,0.7999999999999998
Brazil,0.7391304347826086,Other,Low,Keto,0.44999999999999996,Moderate,Anxiety,0.7179487179487181,0.8333333333333333,0.41111111111111115,0.21111111111111108
Brazil,0.30434782608695654,Other,High,Balanced,0.5,High,Anxiety,0.10256410256410264,0.3166666666666666,0.7777777777777777,0.39999999999999997
Brazil,0.08695652173913049,Other,High,Balanced,0.30000000000000004,Moderate,Bipolar,0.4358974358974359,0.6833333333333333,0.711111111111111,0.13333333333333336
Germany,0.9782608695652173,Female,Moderate,Keto,0.1875,Moderate,Anxiety,0.0,0.3,0.18888888888888888,0.07777777777777778
India,0.10869565217391308,Male,Low,Keto,0.36250000000000004,Low,Anxiety,0.6666666666666667,0.7333333333333334,0.5666666666666667,0.6000000000000001
Germany,0.5217391304347826,Female,High,Vegan,0.1375,Moderate,Bipolar,0.6666666666666667,0.4666666666666666,0.7444444444444445,0.18888888888888888
Canada,0.9782608695652173,Female,High,Vegan,0.3375,Low,Bipolar,0.6153846153846154,0.5999999999999999,0.6333333333333333,0.05555555555555555
Canada,0.8478260869565217,Other,Low,Junk Food,0.5625,Low,Bipolar,0.5128205128205128,0.4166666666666667,0.6000000000000001,0.8999999999999999
India,0.6086956521739131,Male,High,Balanced,0.5125,Moderate,Bipolar,0.33333333333333337,0.16666666666666669,0.7444444444444445,0.5333333333333332
Japan,0.13043478260869568,Female,Low,Balanced,0.16249999999999998,Low,PTSD,0.4871794871794872,0.1833333333333333,0.05555555555555555,0.13333333333333336
India,0.8478260869565217,Other,Moderate,Keto,0.7,Low,Bipolar,0.6923076923076923,0.08333333333333331,0.7333333333333332,0.05555555555555555
Australia,0.26086956521739135,Female,Moderate,Keto,0.4625,Moderate,PTSD,0.5128205128205128,0.6166666666666667,0.27777777777777773,0.12222222222222223
Canada,0.8043478260869565,Female,Moderate,Junk Food,0.26249999999999996,High,PTSD,0.5641025641025641,0.8499999999999999,0.5666666666666667,0.4666666666666666
USA,0.3695652173913043,Other,Low,Balanced,0.4375,Low,Anxiety,0.2564102564102564,0.016666666666666663,0.24444444444444446,0.6666666666666665
USA,0.02173913043478265,Other,High,Vegan,0.38749999999999996,Low,Anxiety,0.02564102564102566,0.06666666666666665,0.8333333333333333,0.6444444444444444
Japan,0.15217391304347827,Male,Moderate,Vegetarian,0.3375,Moderate,PTSD,0.4871794871794872,0.45,0.4777777777777777,0.14444444444444443
Australia,0.21739130434782616,Female,Moderate,Junk Food,0.65,Low,Depression,0.5897435897435896,0.7333333333333334,0.6444444444444444,0.6333333333333333
Germany,0.6956521739130435,Other,Moderate,Vegetarian,0.2875,Moderate,PTSD,0.6153846153846154,0.14999999999999997,0.7888888888888888,0.39999999999999997
Australia,0.8043478260869565,Other,High,Vegan,0.5375,High,Depression,0.9230769230769231,0.26666666666666666,0.8999999999999999,0.4666666666666666
USA,0.5652173913043479,Male,High,Vegan,0.25,High,Anxiety,0.5384615384615385,0.23333333333333334,0.7333333333333332,0.7999999999999998
USA,0.4130434782608696,Male,Low,Vegetarian,0.48750000000000004,Moderate,Depression,0.5897435897435896,0.4000000000000001,0.14444444444444443,0.3333333333333333
Canada,0.23913043478260876,Other,Moderate,Junk Food,0.55,High,Anxiety,0.35897435897435903,0.21666666666666662,0.8555555555555554,0.14444444444444443
Australia,0.9130434782608696,Male,High,Vegetarian,0.55,Moderate,Anxiety,0.28205128205128205,0.3499999999999999,0.6222222222222222,0.8777777777777778
Australia,0.6521739130434783,Other,Low,Junk Food,0.5125,Low,Anxiety,0.7692307692307692,0.7333333333333334,0.6111111111111112,0.21111111111111108
USA,0.5652173913043479,Female,Moderate,Junk Food,0.44999999999999996,High,Depression,0.7692307692307692,0.6166666666666667,0.9222222222222223,0.28888888888888886
Germany,0.673913043478261,Male,High,Keto,0.30000000000000004,Low,Depression,0.7435897435897436,0.08333333333333331,0.24444444444444446,0.711111111111111
Japan,0.19565217391304346,Female,High,Balanced,0.30000000000000004,Low,Anxiety,0.4871794871794872,0.6333333333333333,0.24444444444444446,0.6888888888888889
Brazil,0.043478260869565244,Female,Low,Balanced,0.55,Moderate,Anxiety,0.17948717948717952,0.48333333333333334,0.5111111111111111,0.7999999999999998
Japan,0.9565217391304348,Female,Moderate,Vegan,0.26249999999999996,High,Anxiety,0.7435897435897436,0.9333333333333333,0.7555555555555555,0.18888888888888888
Australia,0.5652173913043479,Other,Moderate,Keto,0.22499999999999998,High,Anxiety,0.8717948717948718,0.2833333333333334,0.4444444444444445,0.35555555555555557
Japan,0.7391304347826086,Female,High,Balanced,0.7625,Low,Bipolar,0.5128205128205128,0.7333333333333334,0.6333333333333333,0.12222222222222223
USA,0.6521739130434783,Female,Moderate,Junk Food,0.44999999999999996,Low,Anxiety,1.0,0.7333333333333334,0.45555555555555544,0.5444444444444445
USA,0.30434782608695654,Female,Low,Junk Food,0.625,Moderate,Anxiety,0.6923076923076923,0.21666666666666662,0.6111111111111112,0.28888888888888886
Australia,0.32608695652173914,Other,High,Vegetarian,0.6625,High,Anxiety,0.9743589743589745,0.9000000000000001,0.8222222222222222,0.6888888888888889
Australia,0.26086956521739135,Female,High,Vegetarian,0.5125,Moderate,Bipolar,0.41025641025641024,0.48333333333333334,0.17777777777777776,0.0
Brazil,0.7391304347826086,Female,Low,Junk Food,0.42500000000000004,Moderate,Anxiety,0.28205128205128205,0.6833333333333333,0.7,0.05555555555555555
Brazil,0.21739130434782616,Male,High,Junk Food,0.4375,Moderate,Anxiety,0.4358974358974359,0.14999999999999997,0.7888888888888888,0.4333333333333334
Canada,0.4347826086956522,Other,Moderate,Vegetarian,0.8,High,Depression,0.6923076923076923,0.24999999999999994,0.4444444444444445,0.9555555555555555
Australia,0.21739130434782616,Female,Moderate,Balanced,0.4,Moderate,Depression,0.05128205128205132,0.5833333333333333,0.3222222222222222,0.8888888888888888
Germany,0.6304347826086956,Male,High,Vegan,0.5375,High,Anxiety,0.35897435897435903,0.3166666666666666,0.011111111111111127,0.9888888888888889
Japan,0.7391304347826086,Other,Low,Vegetarian,0.625,Moderate,Anxiety,0.3846153846153846,0.49999999999999994,0.7999999999999998,0.4222222222222222
Australia,0.4565217391304348,Other,Low,Balanced,0.55,Low,PTSD,0.5384615384615385,0.36666666666666664,0.3333333333333333,0.044444444444444425
India,0.8043478260869565,Other,Moderate,Balanced,0.7,Moderate,Bipolar,0.7692307692307692,0.6333333333333333,0.35555555555555557,0.31111111111111106
Canada,0.6521739130434783,Other,Low,Balanced,0.42500000000000004,Moderate,Depression,0.7692307692307692,0.48333333333333334,0.3333333333333333,0.6777777777777776
India,0.28260869565217395,Other,High,Keto,0.625,High,Anxiety,0.0,0.0,0.49999999999999994,0.13333333333333336
USA,0.5,Other,High,Keto,0.16249999999999998,Low,Bipolar,0.2564102564102564,0.6500000000000001,0.7,0.3
Brazil,0.673913043478261,Female,Moderate,Balanced,0.75,Low,Anxiety,0.1282051282051282,0.4166666666666667,0.7666666666666666,0.05555555555555555
Japan,0.7608695652173914,Female,Moderate,Junk Food,0.7124999999999999,High,Bipolar,0.5641025641025641,0.3499999999999999,0.3888888888888889,0.4777777777777777
Australia,0.673913043478261,Female,Moderate,Keto,0.4375,High,Depression,0.20512820512820518,0.10000000000000003,0.6666666666666665,0.21111111111111108
India,0.30434782608695654,Female,Low,Vegetarian,0.5875,Low,PTSD,0.3846153846153846,0.21666666666666662,0.7222222222222221,0.08888888888888888
Japan,0.9130434782608696,Male,High,Keto,0.6625,High,Depression,0.9487179487179487,0.21666666666666662,0.3,0.41111111111111115
USA,0.7391304347826086,Female,High,Junk Food,0.30000000000000004,Low,Anxiety,0.46153846153846156,0.9333333333333333,0.09999999999999998,0.35555555555555557
Brazil,0.043478260869565244,Other,High,Vegan,0.475,Moderate,Anxiety,0.3076923076923077,0.4333333333333333,0.8999999999999999,0.5333333333333332
Germany,0.32608695652173914,Female,Moderate,Keto,0.25,Moderate,Bipolar,0.7948717948717949,0.04999999999999999,0.6777777777777776,0.7444444444444445
Canada,0.08695652173913049,Female,High,Balanced,0.7124999999999999,Low,Depression,0.8974358974358974,0.1333333333333333,0.6444444444444444,0.1111111111111111
Japan,0.4347826086956522,Other,Low,Balanced,0.65,Low,Anxiety,0.20512820512820518,0.08333333333333331,0.05555555555555555,0.7888888888888888
Japan,0.19565217391304346,Female,Low,Balanced,0.44999999999999996,Moderate,Anxiety,0.9230769230769231,0.5833333333333333,0.8222222222222222,0.022222222222222227
Germany,0.3913043478260869,Female,High,Vegan,0.42500000000000004,Moderate,Anxiety,0.7692307692307692,0.1833333333333333,0.5666666666666667,0.4444444444444445
Japan,0.5217391304347826,Female,Moderate,Junk Food,0.475,Low,PTSD,0.7692307692307692,0.49999999999999994,0.8444444444444443,0.5888888888888888
USA,0.06521739130434784,Male,High,Vegetarian,0.3375,High,Bipolar,0.46153846153846156,0.36666666666666664,0.9777777777777779,0.9555555555555555
USA,0.6086956521739131,Female,Low,Junk Food,0.4625,High,Anxiety,0.02564102564102566,0.8,0.9555555555555555,0.5777777777777777
Germany,0.3913043478260869,Other,Low,Vegan,0.30000000000000004,Low,PTSD,0.7948717948717949,0.3166666666666666,0.8555555555555554,0.15555555555555556
Canada,0.9130434782608696,Other,Low,Balanced,0.6625,High,Anxiety,0.8461538461538463,0.45,0.011111111111111127,0.5222222222222221
Australia,0.02173913043478265,Female,High,Junk Food,0.7124999999999999,Moderate,PTSD,0.0,0.7166666666666666,0.8888888888888888,0.39999999999999997
India,0.19565217391304346,Female,Low,Vegetarian,0.675,Moderate,PTSD,0.5128205128205128,0.4333333333333333,0.07777777777777778,0.4777777777777777
Australia,0.9130434782608696,Female,Moderate,Balanced,0.275,High,Anxiety,0.05128205128205132,0.8,0.8555555555555554,0.19999999999999996
Japan,0.5217391304347826,Other,High,Vegetarian,0.4625,Low,Anxiety,0.6666666666666667,0.6666666666666667,0.27777777777777773,0.49999999999999994
India,0.4130434782608696,Other,High,Keto,0.6125,Moderate,Anxiety,0.15384615384615385,0.4166666666666667,0.6111111111111112,0.15555555555555556
Germany,0.3913043478260869,Male,Low,Vegetarian,0.65,Moderate,Bipolar,0.8205128205128205,0.49999999999999994,0.033333333333333326,0.7444444444444445
Germany,0.4782608695652174,Male,Low,Balanced,0.15000000000000002,Moderate,PTSD,0.20512820512820518,0.9666666666666666,0.7666666666666666,0.5888888888888888
Canada,0.5,Male,Moderate,Keto,0.6375,High,PTSD,0.7435897435897436,0.6666666666666667,0.1111111111111111,0.07777777777777778
India,0.21739130434782616,Other,High,Balanced,0.26249999999999996,Low,Bipolar,0.4358974358974359,0.9000000000000001,0.41111111111111115,0.8888888888888888
USA,0.9782608695652173,Male,Low,Balanced,0.475,High,Anxiety,0.641025641025641,0.1833333333333333,0.8222222222222222,0.6111111111111112
India,0.7173913043478262,Female,Moderate,Keto,0.7375,Low,Depression,0.4871794871794872,0.48333333333333334,0.7,0.31111111111111106
Japan,0.5869565217391305,Female,Low,Vegetarian,0.7124999999999999,Low,Anxiety,0.9487179487179487,0.9166666666666667,0.011111111111111127,0.044444444444444425
USA,0.08695652173913049,Other,High,Vegan,0.75,High,Bipolar,0.7692307692307692,0.3166666666666666,0.39999999999999997,0.6333333333333333
Brazil,0.08695652173913049,Male,Low,Vegan,0.30000000000000004,Moderate,PTSD,0.17948717948717952,0.9666666666666666,0.044444444444444425,0.3777777777777778
Brazil,0.4347826086956522,Female,High,Vegan,0.35,Low,PTSD,0.5641025641025641,0.10000000000000003,0.6777777777777776,0.911111111111111
Brazil,0.23913043478260876,Other,Low,Vegan,0.4,High,Anxiety,0.6153846153846154,0.9000000000000001,0.9666666666666666,0.033333333333333326
Germany,0.06521739130434784,Male,High,Junk Food,0.475,Moderate,Anxiety,0.0,0.45,0.6555555555555557,0.044444444444444425
India,0.8913043478260869,Female,Moderate,Vegan,0.5375,Low,PTSD,0.4358974358974359,0.06666666666666665,0.2222222222222222,0.9444444444444444
Brazil,0.4130434782608696,Male,High,Keto,0.7375,Low,PTSD,0.46153846153846156,0.8833333333333333,0.35555555555555557,0.9666666666666666
Australia,0.8043478260869565,Other,Moderate,Vegan,0.32499999999999996,Moderate,Anxiety,0.1282051282051282,0.24999999999999994,0.9777777777777779,0.022222222222222227
Canada,0.5217391304347826,Male,High,Balanced,0.38749999999999996,Low,Anxiety,0.41025641025641024,0.016666666666666663,0.2222222222222222,0.711111111111111
Australia,0.28260869565217395,Other,Moderate,Vegan,0.7625,High,Anxiety,0.17948717948717952,0.1333333333333333,0.5666666666666667,0.2222222222222222
Brazil,0.21739130434782616,Male,Low,Vegetarian,0.2875,Low,PTSD,0.20512820512820518,0.6666666666666667,0.39999999999999997,0.7
Canada,0.673913043478261,Female,High,Keto,0.6375,Low,PTSD,0.9230769230769231,0.9833333333333334,0.7666666666666666,0.8666666666666667
Japan,0.21739130434782616,Other,Low,Keto,0.48750000000000004,Moderate,Bipolar,0.6666666666666667,0.1166666666666667,0.8666666666666667,0.09999999999999998
Australia,0.3695652173913043,Other,Moderate,Junk Food,0.575,High,Anxiety,0.8974358974358974,0.4666666666666666,0.3444444444444444,0.23333333333333334
India,0.5652173913043479,Other,High,Balanced,0.35,Moderate,Depression,0.1282051282051282,0.1833333333333333,0.6555555555555557,0.022222222222222227
India,0.3695652173913043,Male,High,Keto,0.6375,High,Depression,0.1282051282051282,0.75,0.5444444444444445,0.044444444444444425
Australia,0.4782608695652174,Male,Low,Vegetarian,0.375,Moderate,Depression,0.07692307692307698,0.1166666666666667,0.27777777777777773,0.033333333333333326
Brazil,0.21739130434782616,Female,High,Vegan,0.23750000000000004,Low,Anxiety,0.5384615384615385,0.23333333333333334,0.26666666666666666,0.7999999999999998
India,0.4347826086956522,Other,High,Keto,0.5875,High,Depression,1.0,0.2,0.5333333333333332,0.3
Japan,0.9347826086956521,Other,Low,Vegetarian,0.025000000000000022,High,Bipolar,0.6666666666666667,0.55,0.15555555555555556,0.4888888888888889
USA,0.08695652173913049,Male,High,Vegan,0.38749999999999996,Low,Anxiety,0.9230769230769231,0.8666666666666667,0.8111111111111111,0.7888888888888888
Brazil,0.4782608695652174,Male,Low,Junk Food,0.55,Moderate,Anxiety,0.02564102564102566,0.5166666666666666,0.06666666666666668,0.49999999999999994
Japan,0.8695652173913044,Female,Low,Keto,0.6375,High,Depression,0.20512820512820518,0.04999999999999999,0.09999999999999998,0.4333333333333334
Canada,0.5217391304347826,Female,Low,Keto,0.7250000000000001,Low,Anxiety,0.2564102564102564,0.5666666666666667,0.3444444444444444,0.011111111111111127
Japan,0.8695652173913044,Male,Low,Vegetarian,0.8374999999999999,Low,Anxiety,0.4871794871794872,0.8,0.12222222222222223,0.5666666666666667
Brazil,0.19565217391304346,Other,Low,Balanced,0.7749999999999999,High,Anxiety,0.9743589743589745,0.1333333333333333,0.4777777777777777,0.12222222222222223
Canada,0.4565217391304348,Female,Moderate,Junk Food,0.5375,High,Depression,0.33333333333333337,0.06666666666666665,0.39999999999999997,0.7666666666666666
Brazil,0.3913043478260869,Male,Moderate,Balanced,0.7124999999999999,High,Bipolar,0.641025641025641,0.1833333333333333,0.7222222222222221,0.25555555555555554
India,0.0,Male,Low,Keto,0.5375,Low,Anxiety,0.9487179487179487,0.75,0.9555555555555555,0.6777777777777776
USA,0.13043478260869568,Other,Moderate,Balanced,0.625,Moderate,PTSD,0.7435897435897436,0.5999999999999999,0.7555555555555555,0.6444444444444444
Brazil,0.06521739130434784,Male,Moderate,Vegan,0.38749999999999996,Moderate,Depression,0.8974358974358974,0.5333333333333334,0.17777777777777776,0.6222222222222222
Brazil,0.0,Male,High,Junk Food,0.5875,High,Anxiety,0.9487179487179487,0.24999999999999994,0.9333333333333333,0.26666666666666666
India,0.30434782608695654,Female,Low,Balanced,0.4125,Low,Depression,0.8717948717948718,0.3333333333333333,0.3888888888888889,0.26666666666666666
Germany,0.8478260869565217,Male,Moderate,Vegan,0.4625,Low,Depression,0.1282051282051282,0.9666666666666666,0.4777777777777777,0.8666666666666667
India,0.23913043478260876,Male,High,Vegetarian,0.5875,High,Bipolar,0.05128205128205132,0.23333333333333334,0.4222222222222222,0.011111111111111127
Canada,0.4565217391304348,Female,High,Balanced,0.8875,Low,PTSD,0.0,0.9000000000000001,0.27777777777777773,0.17777777777777776
India,0.4565217391304348,Other,Low,Junk Food,0.575,Low,Anxiety,0.4358974358974359,0.5833333333333333,0.8999999999999999,0.6111111111111112
India,1.0,Other,Low,Vegan,0.5,Low,Depression,0.5641025641025641,0.1166666666666667,0.3333333333333333,0.8222222222222222
USA,0.34782608695652173,Female,High,Balanced,0.35,High,Depression,0.7948717948717949,0.4666666666666666,0.5777777777777777,0.35555555555555557
India,0.6086956521739131,Female,Low,Vegetarian,0.6625,High,Anxiety,0.7179487179487181,0.95,0.24444444444444446,0.6555555555555557
Brazil,0.9782608695652173,Other,Low,Balanced,0.4375,High,Depression,0.5641025641025641,0.4166666666666667,0.7999999999999998,0.5555555555555556
USA,0.28260869565217395,Other,High,Vegan,0.575,Moderate,Depression,0.8974358974358974,0.8666666666666667,0.7777777777777777,0.06666666666666668
Australia,0.4130434782608696,Other,High,Balanced,0.6375,Moderate,Depression,0.1282051282051282,0.24999999999999994,0.3,0.6222222222222222
Germany,0.6956521739130435,Other,Low,Junk Food,0.7375,High,Anxiety,0.41025641025641024,0.5666666666666667,0.6777777777777776,0.8111111111111111
USA,0.9130434782608696,Other,Moderate,Keto,0.6625,Low,Anxiety,0.4358974358974359,0.8499999999999999,0.7,0.9888888888888889
Canada,0.30434782608695654,Female,Low,Vegan,0.275,Low,PTSD,0.7692307692307692,0.9166666666666667,0.5666666666666667,0.033333333333333326
Australia,0.23913043478260876,Male,Moderate,Vegan,0.175,High,Bipolar,0.1282051282051282,0.48333333333333334,0.6000000000000001,0.6555555555555557
USA,0.8478260869565217,Other,High,Vegan,0.6375,Low,Anxiety,0.8461538461538463,0.6333333333333333,0.5777777777777777,0.41111111111111115
USA,0.4130434782608696,Other,Moderate,Vegan,0.5125,Low,Bipolar,0.6666666666666667,0.0,0.07777777777777778,0.011111111111111127
Germany,0.6304347826086956,Male,High,Balanced,0.575,Moderate,Bipolar,0.8974358974358974,0.24999999999999994,0.6666666666666665,0.6111111111111112
Brazil,0.8043478260869565,Male,Low,Junk Food,0.825,Low,Anxiety,0.6153846153846154,0.2833333333333334,0.4666666666666666,0.12222222222222223
Canada,0.043478260869565244,Male,Low,Vegetarian,0.38749999999999996,Low,PTSD,0.23076923076923084,0.10000000000000003,0.4333333333333334,0.3777777777777778
Japan,0.5869565217391305,Male,High,Junk Food,0.7375,High,Bipolar,0.9743589743589745,0.2833333333333334,0.8555555555555554,0.26666666666666666
Japan,0.5434782608695652,Male,High,Vegan,0.38749999999999996,Moderate,Bipolar,0.9743589743589745,0.3166666666666666,0.022222222222222227,0.36666666666666664
USA,0.6304347826086956,Male,High,Balanced,0.7875000000000001,Moderate,Depression,0.28205128205128205,0.9666666666666666,0.25555555555555554,0.4888888888888889
India,0.26086956521739135,Female,Low,Balanced,0.6375,Low,Anxiety,0.2564102564102564,0.6666666666666667,0.12222222222222223,0.35555555555555557
Canada,0.26086956521739135,Male,Low,Vegan,0.21250000000000002,High,PTSD,0.05128205128205132,0.4333333333333333,0.033333333333333326,0.5555555555555556
Australia,0.02173913043478265,Male,Moderate,Balanced,0.42500000000000004,Moderate,Anxiety,0.5384615384615385,0.9833333333333334,0.27777777777777773,0.23333333333333334
India,0.7826086956521738,Female,High,Vegan,0.8625,Moderate,Anxiety,0.07692307692307698,0.14999999999999997,0.9888888888888889,0.6333333333333333
India,0.8043478260869565,Male,Moderate,Junk Food,0.8374999999999999,Low,Bipolar,0.17948717948717952,0.48333333333333334,0.26666666666666666,0.8555555555555554
Canada,0.02173913043478265,Other,Low,Keto,0.6125,Moderate,Bipolar,0.33333333333333337,0.6500000000000001,0.6666666666666665,0.2222222222222222
Brazil,0.7608695652173914,Other,Moderate,Balanced,0.5625,High,Anxiety,0.4871794871794872,0.04999999999999999,0.12222222222222223,0.5111111111111111
USA,0.5434782608695652,Male,Moderate,Vegan,0.55,High,Anxiety,0.5897435897435896,0.7166666666666666,0.6000000000000001,0.6444444444444444
USA,0.21739130434782616,Female,Low,Vegan,0.5875,Moderate,Depression,0.33333333333333337,0.10000000000000003,0.9888888888888889,0.5666666666666667
USA,0.15217391304347827,Other,Low,Balanced,0.475,High,Depression,0.6923076923076923,0.1333333333333333,0.28888888888888886,0.36666666666666664
USA,0.9347826086956521,Female,High,Vegetarian,0.7250000000000001,High,Bipolar,0.3846153846153846,0.16666666666666669,0.8444444444444443,0.6444444444444444
Japan,0.8478260869565217,Other,Moderate,Vegan,0.6125,Low,Bipolar,0.7948717948717949,0.9333333333333333,1.0,0.033333333333333326
USA,0.9130434782608696,Male,Low,Balanced,0.32499999999999996,Moderate,PTSD,0.28205128205128205,0.6833333333333333,0.5888888888888888,0.36666666666666664
Japan,0.4565217391304348,Female,Low,Vegan,0.625,Moderate,Anxiety,0.3846153846153846,0.6500000000000001,0.31111111111111106,0.5333333333333332
Japan,0.4130434782608696,Female,Moderate,Vegetarian,0.525,Low,Bipolar,0.46153846153846156,0.55,0.6777777777777776,0.022222222222222227
Brazil,0.15217391304347827,Female,Low,Keto,0.4375,Low,Anxiety,0.10256410256410264,0.3,0.8444444444444443,0.5111111111111111
USA,0.6086956521739131,Other,High,Vegetarian,0.8500000000000001,Low,Anxiety,0.28205128205128205,0.6166666666666667,0.16666666666666669,0.6555555555555557
Germany,0.8478260869565217,Other,High,Junk Food,0.525,Low,PTSD,0.7179487179487181,0.4166666666666667,0.45555555555555544,0.7555555555555555
Australia,0.5434782608695652,Other,Moderate,Balanced,0.1375,High,Depression,0.10256410256410264,0.14999999999999997,0.3222222222222222,0.1111111111111111
India,0.6304347826086956,Male,High,Vegetarian,0.44999999999999996,High,PTSD,0.41025641025641024,0.6833333333333333,0.28888888888888886,0.9888888888888889
Japan,0.34782608695652173,Other,Low,Keto,0.6875,Low,Anxiety,0.17948717948717952,0.1333333333333333,0.8555555555555554,0.6111111111111112
Canada,0.4130434782608696,Male,Low,Vegan,0.32499999999999996,Moderate,Depression,1.0,0.1833333333333333,0.4222222222222222,0.36666666666666664
Canada,0.32608695652173914,Female,Low,Balanced,0.675,Moderate,Anxiety,1.0,0.8166666666666667,0.3444444444444444,0.24444444444444446
Australia,0.9782608695652173,Female,Low,Vegetarian,0.3125,Moderate,Depression,0.7435897435897436,0.6666666666666667,0.6000000000000001,0.5777777777777777
Canada,0.9130434782608696,Male,Moderate,Keto,0.75,Low,Depression,0.23076923076923084,0.6333333333333333,0.2222222222222222,0.8777777777777778
Germany,0.13043478260869568,Other,High,Vegetarian,0.38749999999999996,High,Anxiety,0.4871794871794872,0.4166666666666667,0.23333333333333334,0.5222222222222221
Canada,0.32608695652173914,Male,High,Junk Food,0.4375,High,Bipolar,0.3846153846153846,0.4000000000000001,0.5222222222222221,0.6666666666666665
India,0.9565217391304348,Female,Low,Balanced,0.42500000000000004,High,Bipolar,0.3846153846153846,0.6833333333333333,0.41111111111111115,0.35555555555555557
India,1.0,Female,Moderate,Vegan,0.6125,High,Depression,0.05128205128205132,0.7333333333333334,0.3,0.3888888888888889
Japan,0.5652173913043479,Male,Low,Keto,0.8500000000000001,Moderate,Depression,0.5641025641025641,0.5166666666666666,0.05555555555555555,0.28888888888888886
USA,0.4782608695652174,Other,Low,Vegetarian,0.5,Moderate,PTSD,0.5384615384615385,0.9666666666666666,0.5222222222222221,0.711111111111111
Brazil,0.5,Other,Moderate,Balanced,0.5,High,Bipolar,0.6923076923076923,0.95,0.8111111111111111,0.35555555555555557
Germany,0.17391304347826086,Male,Moderate,Vegetarian,0.38749999999999996,Low,Anxiety,0.8974358974358974,0.4166666666666667,0.8555555555555554,0.18888888888888888
Japan,0.7391304347826086,Male,Low,Balanced,0.19999999999999996,High,Depression,0.07692307692307698,0.8166666666666667,0.23333333333333334,0.36666666666666664
Germany,0.4130434782608696,Other,High,Junk Food,0.4125,High,Depression,0.9487179487179487,0.55,0.6000000000000001,0.8555555555555554
USA,0.7826086956521738,Female,Low,Vegetarian,0.26249999999999996,Low,PTSD,0.5897435897435896,0.5166666666666666,0.8555555555555554,0.7333333333333332
Canada,0.8913043478260869,Male,High,Junk Food,0.15000000000000002,High,PTSD,0.46153846153846156,0.04999999999999999,0.41111111111111115,0.3333333333333333
Canada,0.34782608695652173,Other,High,Keto,0.48750000000000004,Moderate,PTSD,0.2564102564102564,0.5666666666666667,0.9333333333333333,0.911111111111111
Brazil,1.0,Other,Moderate,Junk Food,0.4,Low,Anxiety,1.0,0.9000000000000001,0.8999999999999999,0.07777777777777778
USA,0.6521739130434783,Female,Moderate,Balanced,0.7625,Low,Anxiety,1.0,0.7833333333333334,0.21111111111111108,0.044444444444444425
Japan,0.15217391304347827,Female,Low,Keto,0.3375,High,Anxiety,0.9743589743589745,0.7833333333333334,0.25555555555555554,0.12222222222222223
Brazil,0.30434782608695654,Female,High,Vegetarian,0.625,Moderate,Depression,0.4358974358974359,0.16666666666666669,0.17777777777777776,0.1111111111111111
USA,0.6521739130434783,Female,High,Vegetarian,0.625,Moderate,PTSD,0.28205128205128205,0.36666666666666664,0.19999999999999996,0.08888888888888888
Australia,0.6304347826086956,Female,Low,Balanced,0.75,Moderate,PTSD,0.33333333333333337,0.23333333333333334,0.911111111111111,0.6666666666666665
India,0.9782608695652173,Male,Low,Vegan,0.4625,High,PTSD,0.4358974358974359,0.3166666666666666,0.9333333333333333,0.6000000000000001
Brazil,0.4130434782608696,Other,Low,Vegan,0.75,High,Bipolar,0.28205128205128205,0.5833333333333333,0.05555555555555555,0.6444444444444444
Brazil,0.8260869565217392,Male,Moderate,Vegetarian,0.6,Moderate,Anxiety,1.0,0.36666666666666664,0.5888888888888888,0.6888888888888889
Japan,0.23913043478260876,Male,Low,Balanced,0.7124999999999999,High,Anxiety,0.6666666666666667,0.5666666666666667,0.5666666666666667,0.7555555555555555
Germany,0.34782608695652173,Male,Low,Vegan,0.95,Moderate,Anxiety,0.1282051282051282,0.4333333333333333,0.3888888888888889,0.21111111111111108
Australia,0.8913043478260869,Male,High,Junk Food,0.475,High,PTSD,0.5897435897435896,0.2833333333333334,0.6333333333333333,0.6222222222222222
Japan,0.6304347826086956,Male,Low,Vegetarian,0.5375,Low,Depression,0.8205128205128205,0.10000000000000003,0.9444444444444444,0.5777777777777777
USA,0.6086956521739131,Female,High,Junk Food,0.4375,Low,Bipolar,0.3846153846153846,0.9000000000000001,0.16666666666666669,0.9444444444444444
USA,0.3913043478260869,Female,High,Balanced,0.7875000000000001,High,Anxiety,0.28205128205128205,0.016666666666666663,0.12222222222222223,0.23333333333333334
USA,0.9782608695652173,Other,Moderate,Junk Food,0.9875,High,Depression,0.7692307692307692,0.0,0.033333333333333326,0.05555555555555555
USA,0.21739130434782616,Male,Low,Vegan,0.6375,Moderate,PTSD,0.9230769230769231,0.8333333333333333,0.36666666666666664,0.6555555555555557
Germany,0.7173913043478262,Other,Low,Vegan,0.19999999999999996,Low,PTSD,0.3076923076923077,1.0,0.3333333333333333,0.7444444444444445
Australia,0.13043478260869568,Female,High,Keto,0.3375,Moderate,PTSD,0.17948717948717952,0.7333333333333334,0.4333333333333334,0.27777777777777773
Canada,0.9347826086956521,Female,Moderate,Vegetarian,0.7124999999999999,High,PTSD,0.9487179487179487,0.016666666666666663,0.49999999999999994,0.5666666666666667
India,0.7173913043478262,Female,Moderate,Balanced,0.2875,Moderate,Bipolar,0.05128205128205132,0.23333333333333334,0.7555555555555555,0.05555555555555555
Germany,0.4130434782608696,Male,Low,Vegetarian,0.38749999999999996,Moderate,Bipolar,0.4871794871794872,0.9666666666666666,0.3888888888888889,0.9555555555555555
Germany,0.8043478260869565,Male,High,Junk Food,0.375,High,Anxiety,0.07692307692307698,0.8166666666666667,0.3333333333333333,0.1111111111111111
Canada,0.5,Female,Low,Balanced,0.48750000000000004,Low,PTSD,0.02564102564102566,0.5666666666666667,0.8222222222222222,0.06666666666666668
Canada,0.19565217391304346,Other,Low,Balanced,0.55,Moderate,Bipolar,0.8974358974358974,0.23333333333333334,0.8444444444444443,0.044444444444444425
India,0.673913043478261,Other,Low,Vegan,0.15000000000000002,High,Depression,0.5641025641025641,0.016666666666666663,0.23333333333333334,0.4222222222222222
India,0.30434782608695654,Female,Low,Junk Food,0.21250000000000002,Moderate,Bipolar,0.46153846153846156,0.016666666666666663,0.31111111111111106,0.09999999999999998
Canada,0.7826086956521738,Other,High,Vegan,0.21250000000000002,High,Bipolar,1.0,0.6166666666666667,0.8222222222222222,0.7444444444444445
USA,0.4130434782608696,Female,Moderate,Vegan,0.23750000000000004,High,Anxiety,0.17948717948717952,0.016666666666666663,0.07777777777777778,0.8999999999999999
Germany,0.043478260869565244,Other,Low,Keto,0.5,High,Bipolar,0.3846153846153846,1.0,0.3222222222222222,0.25555555555555554
Japan,0.7826086956521738,Female,Low,Vegan,0.5375,Low,Depression,0.4358974358974359,0.1833333333333333,0.4444444444444445,0.6333333333333333
India,0.8478260869565217,Other,Low,Vegetarian,0.6875,Low,PTSD,0.8974358974358974,0.7166666666666666,0.18888888888888888,0.044444444444444425
India,0.15217391304347827,Male,Low,Balanced,0.6,High,Anxiety,0.5897435897435896,0.14999999999999997,0.17777777777777776,0.3888888888888889
Canada,0.8478260869565217,Female,Moderate,Vegan,0.38749999999999996,Low,Anxiety,0.0,0.5333333333333334,0.4222222222222222,0.28888888888888886
Australia,0.9347826086956521,Female,Moderate,Vegetarian,0.5375,Moderate,Depression,0.0,0.08333333333333331,0.7555555555555555,0.23333333333333334
Japan,0.4782608695652174,Other,Moderate,Junk Food,0.7,Low,Anxiety,0.8974358974358974,0.7666666666666666,0.8444444444444443,0.6444444444444444
Japan,0.8478260869565217,Female,Moderate,Balanced,0.4625,Low,PTSD,0.2564102564102564,0.5833333333333333,0.9777777777777779,0.13333333333333336
India,0.21739130434782616,Female,Low,Junk Food,0.4375,Moderate,Bipolar,0.4358974358974359,0.08333333333333331,0.07777777777777778,0.8555555555555554
USA,0.9782608695652173,Female,High,Vegetarian,0.32499999999999996,Moderate,Bipolar,0.3846153846153846,0.8499999999999999,0.2222222222222222,0.6666666666666665
Australia,0.15217391304347827,Male,Moderate,Junk Food,0.35,Moderate,Depression,0.41025641025641024,0.55,0.7555555555555555,0.711111111111111
Japan,0.6086956521739131,Male,Moderate,Junk Food,0.625,High,PTSD,0.5897435897435896,0.9166666666666667,0.5444444444444445,0.9333333333333333
India,0.6304347826086956,Other,Low,Junk Food,0.5,Moderate,Anxiety,0.8461538461538463,0.9166666666666667,0.3222222222222222,0.9444444444444444
Japan,0.19565217391304346,Male,Low,Vegan,0.8625,Moderate,Anxiety,0.07692307692307698,0.9166666666666667,0.21111111111111108,0.5555555555555556
Brazil,0.8260869565217392,Other,Low,Vegan,0.375,Moderate,Bipolar,0.8717948717948718,0.08333333333333331,0.27777777777777773,0.49999999999999994
Australia,0.5869565217391305,Male,Low,Vegan,0.6375,High,PTSD,0.35897435897435903,0.1166666666666667,0.4333333333333334,0.3333333333333333
Australia,0.7608695652173914,Other,High,Balanced,0.575,Low,PTSD,0.02564102564102566,0.9833333333333334,0.17777777777777776,0.711111111111111
Brazil,0.26086956521739135,Male,High,Vegetarian,0.48750000000000004,High,Depression,0.7692307692307692,0.48333333333333334,0.9666666666666666,0.5333333333333332
Germany,0.673913043478261,Male,Moderate,Vegan,0.4125,Low,Anxiety,0.20512820512820518,0.23333333333333334,0.1111111111111111,0.9333333333333333
Brazil,0.7608695652173914,Other,High,Junk Food,0.6125,Moderate,Depression,0.23076923076923084,0.7666666666666666,0.9888888888888889,0.23333333333333334
Canada,0.7826086956521738,Female,Moderate,Junk Food,0.6,High,Anxiety,0.6153846153846154,0.26666666666666666,0.8444444444444443,0.31111111111111106
Canada,0.5434782608695652,Female,Moderate,Junk Food,0.5375,High,PTSD,0.10256410256410264,0.7333333333333334,0.4222222222222222,0.31111111111111106
India,0.4565217391304348,Male,High,Junk Food,0.575,Low,Anxiety,0.33333333333333337,0.8333333333333333,0.7444444444444445,0.8111111111111111
Australia,0.06521739130434784,Other,Moderate,Keto,0.5125,High,Depression,0.9487179487179487,0.7833333333333334,0.6666666666666665,0.09999999999999998
Germany,0.6521739130434783,Female,Low,Balanced,0.1875,High,Bipolar,1.0,0.26666666666666666,0.21111111111111108,0.45555555555555544
Germany,0.3695652173913043,Other,Moderate,Vegetarian,0.5125,Low,Anxiety,0.02564102564102566,0.4000000000000001,0.3444444444444444,0.4222222222222222
Japan,0.8043478260869565,Female,Low,Vegetarian,0.44999999999999996,High,Depression,0.4358974358974359,0.4166666666666667,0.5111111111111111,0.07777777777777778
Japan,0.5,Other,High,Vegan,0.8625,High,Bipolar,0.7179487179487181,0.48333333333333334,0.6333333333333333,0.41111111111111115
Brazil,0.4782608695652174,Male,High,Keto,0.625,Moderate,Anxiety,0.4871794871794872,0.16666666666666669,0.5444444444444445,0.5111111111111111
Germany,0.4565217391304348,Other,Moderate,Vegetarian,0.5375,Moderate,Anxiety,0.17948717948717952,0.45,0.4777777777777777,0.06666666666666668
Brazil,0.02173913043478265,Female,Low,Balanced,0.5875,Moderate,Anxiety,0.9230769230769231,0.5166666666666666,0.4444444444444445,0.5111111111111111
Brazil,0.6521739130434783,Male,Moderate,Junk Food,0.3125,Moderate,Bipolar,0.641025641025641,0.5333333333333334,0.49999999999999994,0.9555555555555555
Japan,0.21739130434782616,Other,High,Vegan,0.38749999999999996,Moderate,PTSD,0.9230769230769231,0.8166666666666667,0.4333333333333334,0.9777777777777779
Australia,0.5869565217391305,Female,Moderate,Balanced,0.4375,High,Anxiety,0.07692307692307698,0.5166666666666666,0.5444444444444445,0.5333333333333332
Brazil,0.9782608695652173,Male,Moderate,Vegetarian,0.575,High,PTSD,0.8205128205128205,0.23333333333333334,0.8888888888888888,0.5111111111111111
USA,0.673913043478261,Other,Low,Keto,0.4125,Moderate,PTSD,0.5384615384615385,0.6666666666666667,0.6333333333333333,0.28888888888888886
Australia,0.08695652173913049,Female,High,Vegan,0.4,Low,Depression,0.1282051282051282,0.8,0.7222222222222221,1.0
Germany,0.8043478260869565,Other,Moderate,Vegetarian,0.30000000000000004,Moderate,Depression,0.8205128205128205,0.3166666666666666,0.6000000000000001,0.27777777777777773
Germany,0.19565217391304346,Other,Low,Vegan,0.5,High,Anxiety,0.6923076923076923,0.6500000000000001,0.6444444444444444,0.45555555555555544
Brazil,0.8478260869565217,Male,Moderate,Vegetarian,0.525,Low,PTSD,0.5897435897435896,0.14999999999999997,0.5777777777777777,0.0
Australia,0.9782608695652173,Male,Low,Junk Food,0.575,Moderate,Depression,0.07692307692307698,0.3499999999999999,0.022222222222222227,0.3444444444444444
Japan,0.5,Female,Low,Keto,0.375,Low,Bipolar,0.02564102564102566,0.9166666666666667,1.0,0.06666666666666668
Japan,0.7391304347826086,Male,Moderate,Junk Food,0.575,Moderate,Bipolar,0.3076923076923077,0.9166666666666667,0.033333333333333326,0.7444444444444445
Canada,0.9347826086956521,Female,High,Vegetarian,0.30000000000000004,High,Bipolar,0.2564102564102564,0.5833333333333333,0.39999999999999997,0.5555555555555556
Germany,0.4782608695652174,Other,High,Balanced,0.4625,Moderate,Bipolar,0.8717948717948718,0.7,0.09999999999999998,0.5666666666666667
India,0.34782608695652173,Other,Low,Junk Food,0.5625,Low,PTSD,0.9743589743589745,0.8499999999999999,0.09999999999999998,0.28888888888888886
Canada,0.0,Female,High,Balanced,0.44999999999999996,High,Bipolar,0.23076923076923084,0.9666666666666666,0.7888888888888888,0.8111111111111111
Japan,0.6521739130434783,Other,Low,Vegetarian,0.21250000000000002,Moderate,PTSD,0.23076923076923084,0.48333333333333334,0.4222222222222222,0.0
Australia,0.6521739130434783,Male,High,Keto,0.22499999999999998,Moderate,Anxiety,0.17948717948717952,0.5666666666666667,0.7999999999999998,0.3333333333333333
Japan,0.8913043478260869,Other,Moderate,Balanced,0.5375,Moderate,Anxiety,0.10256410256410264,0.4166666666666667,0.27777777777777773,0.6555555555555557
Australia,0.8913043478260869,Male,High,Vegetarian,0.6125,Moderate,Bipolar,0.5641025641025641,0.06666666666666665,0.25555555555555554,0.911111111111111
Canada,0.7173913043478262,Female,Low,Balanced,0.5625,High,Bipolar,0.8461538461538463,0.4166666666666667,0.25555555555555554,0.23333333333333334
Germany,0.17391304347826086,Female,Low,Junk Food,0.6125,High,Bipolar,0.7948717948717949,0.7833333333333334,0.6111111111111112,0.5444444444444445
Japan,0.4565217391304348,Other,High,Vegetarian,0.44999999999999996,Moderate,Anxiety,0.3846153846153846,0.8,0.8111111111111111,0.5333333333333332
Brazil,0.26086956521739135,Other,Moderate,Junk Food,0.6375,High,Depression,0.07692307692307698,0.9000000000000001,0.45555555555555544,0.8777777777777778
Australia,0.5217391304347826,Male,Low,Vegan,0.5625,Low,Anxiety,0.6923076923076923,0.04999999999999999,0.3777777777777778,0.05555555555555555
Germany,0.3695652173913043,Male,Low,Vegetarian,0.375,High,Bipolar,0.33333333333333337,0.5333333333333334,0.9777777777777779,0.4222222222222222
India,0.23913043478260876,Other,Low,Balanced,0.6,Low,Depression,0.28205128205128205,0.10000000000000003,0.12222222222222223,0.17777777777777776
Australia,0.8478260869565217,Other,Low,Vegan,0.55,Low,Depression,0.5128205128205128,0.2,0.4888888888888889,0.022222222222222227
Canada,0.34782608695652173,Female,Low,Junk Food,0.8125,High,Anxiety,0.3846153846153846,0.9000000000000001,0.41111111111111115,0.14444444444444443
India,0.30434782608695654,Female,Moderate,Junk Food,0.7625,Moderate,PTSD,0.02564102564102566,0.49999999999999994,0.09999999999999998,0.9777777777777779
India,0.8913043478260869,Female,High,Balanced,0.48750000000000004,High,Bipolar,0.5641025641025641,0.7666666666666666,0.26666666666666666,0.21111111111111108
USA,0.30434782608695654,Other,Moderate,Vegan,0.42500000000000004,Low,PTSD,0.7179487179487181,0.06666666666666665,0.033333333333333326,0.9333333333333333
Japan,0.30434782608695654,Other,Moderate,Keto,0.7875000000000001,Low,Anxiety,0.20512820512820518,0.4166666666666667,0.8777777777777778,0.19999999999999996
Australia,0.8260869565217392,Other,Low,Balanced,0.6,High,PTSD,0.15384615384615385,0.6666666666666667,0.6111111111111112,0.9333333333333333
India,0.26086956521739135,Female,Moderate,Junk Food,0.4625,Low,Bipolar,0.7179487179487181,0.1333333333333333,0.8111111111111111,0.6555555555555557
USA,0.34782608695652173,Other,Low,Vegetarian,0.125,High,Anxiety,0.41025641025641024,0.3333333333333333,0.5222222222222221,0.1111111111111111
Canada,0.673913043478261,Male,Moderate,Vegan,0.36250000000000004,High,PTSD,0.20512820512820518,0.06666666666666665,0.6000000000000001,0.5777777777777777
Germany,0.17391304347826086,Other,Low,Keto,0.35,Moderate,Anxiety,0.1282051282051282,0.6500000000000001,0.7,0.3222222222222222
Brazil,0.8478260869565217,Other,Low,Vegetarian,0.475,Low,Depression,0.4871794871794872,0.9666666666666666,0.911111111111111,0.3777777777777778
Brazil,0.4130434782608696,Other,Moderate,Vegan,0.6125,High,Anxiety,0.23076923076923084,0.8333333333333333,0.08888888888888888,0.4444444444444445
Australia,0.5434782608695652,Other,Moderate,Balanced,0.65,Low,Anxiety,0.20512820512820518,0.9666666666666666,0.3333333333333333,0.4222222222222222
India,0.5652173913043479,Other,High,Balanced,0.7875000000000001,High,Bipolar,0.28205128205128205,0.8499999999999999,0.711111111111111,0.6666666666666665
Brazil,0.4347826086956522,Male,High,Vegan,0.675,High,Depression,0.8205128205128205,0.8499999999999999,0.9555555555555555,0.7666666666666666
Japan,0.3695652173913043,Male,High,Keto,0.25,Moderate,Anxiety,0.7948717948717949,0.5833333333333333,0.9777777777777779,0.3333333333333333
Brazil,0.26086956521739135,Other,Moderate,Vegan,0.6875,High,Depression,0.8461538461538463,0.5166666666666666,0.6333333333333333,0.9222222222222223
Brazil,0.32608695652173914,Female,Moderate,Vegetarian,0.825,Moderate,Anxiety,0.46153846153846156,0.4000000000000001,0.18888888888888888,0.9333333333333333
Brazil,0.17391304347826086,Other,Low,Vegetarian,0.8125,Low,Anxiety,0.8205128205128205,0.8166666666666667,0.12222222222222223,0.044444444444444425
USA,0.23913043478260876,Other,High,Balanced,0.275,Moderate,PTSD,0.3846153846153846,0.1833333333333333,0.9444444444444444,0.011111111111111127
India,0.9347826086956521,Other,Low,Vegan,0.4625,Moderate,Depression,0.5641025641025641,0.04999999999999999,0.4333333333333334,0.4222222222222222
Japan,0.8043478260869565,Female,Low,Balanced,0.675,Low,Depression,0.641025641025641,0.95,0.19999999999999996,0.5888888888888888
India,0.3913043478260869,Female,Low,Keto,0.2875,Moderate,Anxiety,0.9230769230769231,0.0,0.9333333333333333,0.27777777777777773
Australia,0.13043478260869568,Female,Low,Vegetarian,0.175,Moderate,Bipolar,0.20512820512820518,0.9833333333333334,0.09999999999999998,0.25555555555555554
Australia,0.7391304347826086,Male,High,Junk Food,0.5625,High,Anxiety,0.7435897435897436,0.7333333333333334,0.7333333333333332,0.6777777777777776
Australia,0.3695652173913043,Female,Low,Junk Food,0.375,Moderate,PTSD,0.3076923076923077,0.3333333333333333,0.6222222222222222,0.6000000000000001
Canada,0.32608695652173914,Male,Moderate,Vegan,0.19999999999999996,High,Anxiety,0.3846153846153846,0.7,0.08888888888888888,0.16666666666666669
Brazil,0.8260869565217392,Male,Moderate,Vegan,0.7250000000000001,Moderate,PTSD,0.02564102564102566,0.8166666666666667,0.3333333333333333,0.8888888888888888
Canada,0.06521739130434784,Female,Moderate,Junk Food,0.525,Low,PTSD,0.7692307692307692,0.24999999999999994,0.14444444444444443,0.6777777777777776
USA,0.5217391304347826,Female,High,Vegan,0.4,Low,Anxiety,0.46153846153846156,0.7666666666666666,0.6000000000000001,0.36666666666666664
Australia,0.673913043478261,Female,Low,Vegetarian,0.32499999999999996,Moderate,Anxiety,0.2564102564102564,0.8,0.4777777777777777,0.6888888888888889
Japan,0.8478260869565217,Male,High,Keto,0.5375,High,Bipolar,0.33333333333333337,0.24999999999999994,0.0,0.1111111111111111
India,0.26086956521739135,Other,Low,Keto,0.6,Moderate,PTSD,0.6153846153846154,0.04999999999999999,0.9777777777777779,0.4666666666666666
Brazil,0.9565217391304348,Female,High,Balanced,0.5625,High,Bipolar,0.15384615384615385,0.2,0.3444444444444444,0.16666666666666669
Germany,0.34782608695652173,Female,High,Vegetarian,0.21250000000000002,Moderate,Anxiety,0.35897435897435903,0.2,0.25555555555555554,0.044444444444444425
Japan,0.7826086956521738,Female,Low,Vegan,0.5875,Low,Anxiety,0.7435897435897436,0.06666666666666665,0.2222222222222222,0.3333333333333333
Brazil,0.10869565217391308,Male,High,Vegan,0.625,Low,Anxiety,0.7692307692307692,0.7333333333333334,0.15555555555555556,0.15555555555555556
Canada,0.3913043478260869,Male,Low,Balanced,0.4375,High,Depression,0.5897435897435896,0.38333333333333325,1.0,0.6333333333333333
Canada,0.26086956521739135,Other,Moderate,Balanced,0.7,Moderate,Anxiety,0.6153846153846154,0.8833333333333333,0.3,0.6777777777777776
Japan,0.5434782608695652,Female,Moderate,Vegan,0.3375,High,Bipolar,0.17948717948717952,0.24999999999999994,0.39999999999999997,0.14444444444444443
Canada,0.28260869565217395,Male,Moderate,Vegan,0.7375,Low,Anxiety,0.7435897435897436,0.45,0.8666666666666667,0.022222222222222227
Australia,0.6521739130434783,Other,High,Vegetarian,0.525,High,Anxiety,0.8974358974358974,0.6333333333333333,0.6444444444444444,0.7888888888888888
USA,0.06521739130434784,Female,Moderate,Balanced,0.4125,Moderate,PTSD,0.33333333333333337,0.8833333333333333,0.36666666666666664,0.0
India,0.8260869565217392,Male,Low,Vegetarian,0.4375,High,Depression,0.7179487179487181,0.5166666666666666,0.8999999999999999,0.3444444444444444
USA,0.15217391304347827,Female,Moderate,Vegan,0.6875,Moderate,Anxiety,0.6666666666666667,0.36666666666666664,0.7444444444444445,0.49999999999999994
Brazil,0.5217391304347826,Female,Moderate,Junk Food,0.55,Moderate,PTSD,0.8974358974358974,0.8666666666666667,0.23333333333333334,0.8222222222222222
India,0.26086956521739135,Male,High,Junk Food,0.625,Low,Bipolar,0.8461538461538463,0.3166666666666666,0.6444444444444444,0.8333333333333333
India,0.673913043478261,Male,Low,Vegan,0.7,Moderate,Bipolar,0.5128205128205128,0.08333333333333331,0.9222222222222223,0.7222222222222221
USA,0.8043478260869565,Male,High,Balanced,0.4,Moderate,Bipolar,0.9487179487179487,0.45,0.49999999999999994,0.24444444444444446
Japan,0.8043478260869565,Female,High,Junk Food,0.525,Moderate,Anxiety,0.2564102564102564,0.7833333333333334,0.7333333333333332,0.7222222222222221
India,0.5869565217391305,Female,Low,Balanced,0.4625,High,Bipolar,0.8205128205128205,0.03333333333333338,0.9666666666666666,0.24444444444444446
USA,0.6304347826086956,Other,High,Junk Food,0.6875,Low,Bipolar,0.35897435897435903,0.5833333333333333,0.6888888888888889,0.21111111111111108
India,0.043478260869565244,Female,Low,Balanced,0.42500000000000004,High,Anxiety,0.28205128205128205,0.5999999999999999,0.09999999999999998,0.5444444444444445
Germany,0.5869565217391305,Male,Moderate,Junk Food,0.5125,High,PTSD,0.5897435897435896,0.9333333333333333,0.24444444444444446,0.6777777777777776
Japan,0.043478260869565244,Female,Low,Balanced,0.925,Low,Anxiety,0.9230769230769231,0.2833333333333334,0.6000000000000001,0.05555555555555555
Australia,0.9565217391304348,Other,Low,Vegetarian,0.7375,High,Depression,0.2564102564102564,0.2833333333333334,0.27777777777777773,0.05555555555555555
India,0.7173913043478262,Other,Low,Balanced,0.30000000000000004,High,Bipolar,0.46153846153846156,0.4333333333333333,0.9555555555555555,0.7888888888888888
Germany,0.32608695652173914,Male,High,Vegetarian,0.675,Moderate,Bipolar,0.0,0.3499999999999999,0.39999999999999997,0.8555555555555554
Australia,0.4565217391304348,Male,Low,Vegetarian,0.625,High,Bipolar,0.41025641025641024,0.7333333333333334,0.45555555555555544,0.6000000000000001
Australia,0.673913043478261,Other,Low,Vegan,0.2875,Low,Anxiety,1.0,0.6500000000000001,0.7,0.4333333333333334
Brazil,0.8043478260869565,Other,Low,Vegetarian,0.475,High,Anxiety,0.3846153846153846,0.7666666666666666,0.5222222222222221,0.8444444444444443
India,0.15217391304347827,Other,Moderate,Keto,0.32499999999999996,Moderate,Anxiety,0.641025641025641,0.8166666666666667,0.3777777777777778,0.7333333333333332
USA,0.15217391304347827,Male,Low,Vegetarian,0.04999999999999999,High,Depression,0.35897435897435903,0.9166666666666667,0.07777777777777778,0.5777777777777777
India,0.10869565217391308,Other,High,Balanced,0.475,Low,Anxiety,0.17948717948717952,0.4333333333333333,0.6000000000000001,0.3222222222222222
Germany,0.28260869565217395,Other,Low,Vegetarian,0.4,Moderate,Bipolar,0.7435897435897436,0.9833333333333334,0.8666666666666667,0.19999999999999996
Australia,0.673913043478261,Male,Low,Balanced,0.2875,High,PTSD,0.33333333333333337,0.21666666666666662,0.6888888888888889,0.4222222222222222
India,0.7391304347826086,Female,Moderate,Balanced,0.5,Low,Bipolar,0.8205128205128205,0.7166666666666666,0.3777777777777778,0.28888888888888886
USA,0.19565217391304346,Female,Low,Keto,0.09999999999999998,Low,Bipolar,0.15384615384615385,0.5333333333333334,0.12222222222222223,0.3444444444444444
Brazil,0.043478260869565244,Other,High,Vegetarian,0.5125,High,Bipolar,0.4358974358974359,0.8166666666666667,0.8111111111111111,0.5111111111111111
India,0.23913043478260876,Female,Low,Vegetarian,0.5,High,Bipolar,0.28205128205128205,0.48333333333333334,0.9444444444444444,0.16666666666666669
Japan,0.6521739130434783,Female,High,Junk Food,0.625,Moderate,Anxiety,0.02564102564102566,0.7833333333333334,0.3888888888888889,0.8111111111111111
Brazil,0.6086956521739131,Female,Moderate,Junk Food,0.19999999999999996,High,PTSD,0.7179487179487181,0.9333333333333333,0.7333333333333332,0.14444444444444443
USA,0.08695652173913049,Female,Low,Vegan,0.8999999999999999,Moderate,Anxiety,0.5128205128205128,0.7333333333333334,0.41111111111111115,0.4777777777777777
Germany,0.5217391304347826,Other,Moderate,Balanced,0.825,High,PTSD,0.15384615384615385,0.7833333333333334,0.49999999999999994,0.7444444444444445
Australia,0.8695652173913044,Female,Low,Keto,0.35,Low,Bipolar,0.6666666666666667,0.06666666666666665,0.8333333333333333,0.4888888888888889
India,0.6521739130434783,Female,High,Junk Food,0.7749999999999999,Low,PTSD,0.28205128205128205,0.2,0.08888888888888888,0.35555555555555557
USA,0.4347826086956522,Male,Moderate,Vegetarian,0.6625,Low,Bipolar,0.4871794871794872,0.9666666666666666,0.5333333333333332,0.4777777777777777
Brazil,0.4130434782608696,Other,Low,Vegan,0.4125,Low,PTSD,0.33333333333333337,0.7,0.21111111111111108,0.8444444444444443
Japan,0.8260869565217392,Male,High,Keto,0.38749999999999996,Moderate,Depression,0.23076923076923084,0.5666666666666667,0.3444444444444444,0.9888888888888889
USA,0.4565217391304348,Male,Moderate,Vegetarian,0.4,Low,PTSD,0.5641025641025641,0.36666666666666664,0.6444444444444444,0.6333333333333333
Canada,0.06521739130434784,Other,Low,Vegetarian,1.0,Moderate,Anxiety,0.7435897435897436,0.04999999999999999,0.022222222222222227,0.7888888888888888
Japan,0.26086956521739135,Female,Moderate,Balanced,0.75,Moderate,Anxiety,0.7692307692307692,0.36666666666666664,0.5888888888888888,0.011111111111111127
Brazil,0.9565217391304348,Male,Low,Balanced,0.4625,Moderate,PTSD,0.23076923076923084,0.49999999999999994,0.28888888888888886,0.8777777777777778
Germany,0.8913043478260869,Other,High,Junk Food,0.475,High,PTSD,0.46153846153846156,0.21666666666666662,0.6666666666666665,0.9555555555555555
Australia,0.4130434782608696,Female,High,Junk Food,0.6625,Moderate,Anxiety,0.46153846153846156,0.16666666666666669,0.14444444444444443,0.5777777777777777
Brazil,0.26086956521739135,Other,Moderate,Vegetarian,0.65,High,PTSD,0.5641025641025641,0.5166666666666666,0.7333333333333332,0.7555555555555555
Germany,0.34782608695652173,Male,Moderate,Vegetarian,0.32499999999999996,Moderate,Anxiety,0.7948717948717949,0.5833333333333333,0.6444444444444444,0.5111111111111111
India,0.7608695652173914,Female,Low,Junk Food,0.55,High,Depression,0.4871794871794872,0.23333333333333334,0.9666666666666666,0.28888888888888886
USA,0.6956521739130435,Female,High,Junk Food,0.4,High,Anxiety,0.07692307692307698,0.5833333333333333,0.911111111111111,0.8555555555555554
Canada,0.0,Other,Low,Vegetarian,0.525,Low,Anxiety,0.8205128205128205,0.9000000000000001,0.27777777777777773,0.6000000000000001
Japan,0.30434782608695654,Female,High,Keto,0.48750000000000004,Moderate,PTSD,0.0,0.4666666666666666,0.022222222222222227,0.5777777777777777
Japan,0.26086956521739135,Male,Moderate,Vegetarian,0.6875,High,Depression,0.3076923076923077,0.8499999999999999,0.6555555555555557,0.6555555555555557
USA,0.34782608695652173,Male,Low,Keto,0.44999999999999996,Low,Anxiety,0.05128205128205132,0.9333333333333333,0.6000000000000001,0.8555555555555554
Canada,0.5,Male,Low,Keto,0.525,Moderate,Depression,0.28205128205128205,0.10000000000000003,0.022222222222222227,0.7333333333333332
USA,0.15217391304347827,Other,High,Vegetarian,0.15000000000000002,Low,Bipolar,0.7179487179487181,0.10000000000000003,0.12222222222222223,0.21111111111111108
India,0.5652173913043479,Female,High,Vegan,0.5625,High,Anxiety,0.7692307692307692,0.48333333333333334,0.5888888888888888,0.4666666666666666
Germany,0.9565217391304348,Female,High,Junk Food,0.35,Low,Bipolar,0.8974358974358974,0.5833333333333333,0.911111111111111,0.9777777777777779
Brazil,0.4782608695652174,Female,Moderate,Balanced,0.21250000000000002,Low,Depression,0.02564102564102566,0.4333333333333333,0.911111111111111,0.5555555555555556
Japan,0.9782608695652173,Male,Low,Vegetarian,0.7124999999999999,Moderate,PTSD,0.5384615384615385,0.3333333333333333,0.15555555555555556,0.9333333333333333
India,0.15217391304347827,Female,High,Keto,0.48750000000000004,High,PTSD,0.5384615384615385,0.6333333333333333,0.3888888888888889,0.8111111111111111
Germany,0.15217391304347827,Male,Moderate,Vegetarian,0.11249999999999999,Moderate,PTSD,0.7692307692307692,0.0,0.044444444444444425,0.6666666666666665
India,0.5434782608695652,Female,High,Junk Food,0.35,Moderate,Bipolar,0.33333333333333337,0.9666666666666666,0.4666666666666666,0.3444444444444444
Canada,1.0,Male,Low,Keto,0.5,Low,PTSD,0.7179487179487181,0.23333333333333334,0.7555555555555555,0.3
Japan,0.26086956521739135,Female,High,Balanced,0.5125,High,Anxiety,0.8717948717948718,0.9166666666666667,0.7888888888888888,0.6444444444444444
Brazil,0.8260869565217392,Other,Low,Balanced,0.4125,Moderate,Anxiety,0.20512820512820518,0.1166666666666667,0.49999999999999994,0.4333333333333334
USA,0.7826086956521738,Other,Moderate,Balanced,0.0,High,Anxiety,0.7948717948717949,0.23333333333333334,0.09999999999999998,0.7999999999999998
USA,0.5869565217391305,Male,Moderate,Vegan,0.4,Moderate,Depression,0.6666666666666667,0.23333333333333334,0.3777777777777778,0.7555555555555555
Germany,0.5217391304347826,Male,High,Keto,0.7,Low,Bipolar,0.23076923076923084,1.0,0.9333333333333333,0.31111111111111106
Brazil,0.32608695652173914,Female,Low,Keto,0.7625,Moderate,Anxiety,0.6153846153846154,0.0,0.23333333333333334,0.7
Australia,0.02173913043478265,Female,Low,Vegan,0.38749999999999996,Moderate,Bipolar,0.8205128205128205,0.6333333333333333,0.3222222222222222,0.49999999999999994
Canada,0.3695652173913043,Other,Low,Keto,0.8500000000000001,Moderate,Depression,0.2564102564102564,0.8666666666666667,0.7444444444444445,0.3222222222222222
Germany,0.34782608695652173,Female,High,Vegan,0.19999999999999996,High,PTSD,0.9230769230769231,0.6666666666666667,0.7333333333333332,0.41111111111111115
Australia,0.6304347826086956,Male,Low,Vegetarian,0.35,Low,Depression,0.20512820512820518,0.36666666666666664,0.911111111111111,0.8999999999999999
India,0.8260869565217392,Male,Low,Junk Food,0.6625,High,Anxiety,0.15384615384615385,0.95,0.3888888888888889,0.35555555555555557
Canada,0.26086956521739135,Male,Low,Balanced,0.6375,Moderate,PTSD,0.15384615384615385,0.9000000000000001,0.5111111111111111,0.28888888888888886
India,0.673913043478261,Male,Low,Vegan,0.5,Low,PTSD,0.8461538461538463,0.4333333333333333,0.4666666666666666,0.35555555555555557
Brazil,0.6086956521739131,Male,High,Vegan,0.2875,High,PTSD,0.46153846153846156,0.5666666666666667,0.9222222222222223,0.21111111111111108
Japan,0.9782608695652173,Other,High,Vegan,0.2875,Moderate,Depression,0.4871794871794872,0.9666666666666666,0.7666666666666666,0.5444444444444445
Canada,0.6304347826086956,Other,Low,Vegetarian,0.36250000000000004,Low,Anxiety,0.6153846153846154,0.9833333333333334,0.8333333333333333,0.14444444444444443
Australia,0.3695652173913043,Male,Low,Vegan,0.30000000000000004,Low,Bipolar,0.10256410256410264,0.45,0.13333333333333336,0.8222222222222222
Japan,0.26086956521739135,Female,Moderate,Junk Food,0.525,Moderate,Depression,0.7179487179487181,0.8499999999999999,0.7888888888888888,0.2222222222222222
USA,0.9130434782608696,Male,Moderate,Junk Food,0.48750000000000004,Low,Anxiety,0.6666666666666667,0.3,0.4333333333333334,0.6000000000000001
Australia,0.4347826086956522,Other,Low,Balanced,0.2875,Low,Anxiety,0.6153846153846154,0.36666666666666664,0.022222222222222227,0.12222222222222223
Germany,0.6304347826086956,Male,Low,Vegetarian,0.4375,High,Depression,0.9230769230769231,0.16666666666666669,0.05555555555555555,0.9777777777777779
USA,0.4347826086956522,Other,Moderate,Junk Food,0.0,Low,Bipolar,0.35897435897435903,0.21666666666666662,0.6777777777777776,0.45555555555555544
USA,0.34782608695652173,Other,Moderate,Keto,0.5625,High,Anxiety,0.07692307692307698,0.6500000000000001,0.36666666666666664,0.8222222222222222
Germany,0.8478260869565217,Male,Low,Keto,0.6375,High,Bipolar,0.33333333333333337,0.5166666666666666,0.8666666666666667,0.7666666666666666
Canada,0.3913043478260869,Male,High,Keto,0.32499999999999996,High,PTSD,0.41025641025641024,0.23333333333333334,0.7333333333333332,0.711111111111111
USA,0.30434782608695654,Female,High,Vegan,0.35,High,Depression,0.5128205128205128,0.4000000000000001,0.022222222222222227,0.8222222222222222
Brazil,0.17391304347826086,Other,Low,Vegan,0.55,Low,PTSD,0.3846153846153846,0.36666666666666664,0.6888888888888889,0.09999999999999998
Australia,0.19565217391304346,Female,Low,Keto,0.525,Low,Anxiety,0.641025641025641,0.9833333333333334,0.18888888888888888,0.6777777777777776
Japan,0.9347826086956521,Male,Moderate,Balanced,0.65,High,Bipolar,0.20512820512820518,0.8499999999999999,0.4222222222222222,0.26666666666666666
USA,0.6521739130434783,Other,Moderate,Balanced,0.35,Low,PTSD,0.02564102564102566,0.38333333333333325,0.6222222222222222,0.7888888888888888
Australia,0.4782608695652174,Female,High,Vegan,0.375,High,Anxiety,0.35897435897435903,0.9166666666666667,0.8777777777777778,0.9555555555555555
India,0.6304347826086956,Female,Low,Keto,0.4625,High,Anxiety,0.8717948717948718,0.3499999999999999,0.45555555555555544,0.8999999999999999
Australia,0.6956521739130435,Female,Moderate,Balanced,0.30000000000000004,High,PTSD,0.5897435897435896,0.6666666666666667,0.8111111111111111,0.1111111111111111
Japan,0.17391304347826086,Male,High,Vegan,0.44999999999999996,Moderate,Anxiety,0.9487179487179487,0.9666666666666666,0.7777777777777777,0.36666666666666664
Australia,1.0,Male,High,Keto,0.30000000000000004,Low,Anxiety,0.33333333333333337,0.38333333333333325,0.41111111111111115,0.36666666666666664
Germany,0.0,Male,High,Vegetarian,0.575,Low,Anxiety,0.9230769230769231,0.6833333333333333,0.49999999999999994,0.12222222222222223
Japan,0.9347826086956521,Other,Moderate,Keto,0.32499999999999996,High,Depression,0.9230769230769231,0.3,0.7,0.09999999999999998
Canada,0.7391304347826086,Male,Moderate,Keto,0.55,Low,Bipolar,0.1282051282051282,0.26666666666666666,0.033333333333333326,0.3888888888888889
India,0.21739130434782616,Other,Low,Junk Food,0.7749999999999999,High,Anxiety,0.4358974358974359,0.5666666666666667,0.8888888888888888,0.9888888888888889
Germany,0.7173913043478262,Female,Low,Junk Food,0.575,Low,PTSD,0.5384615384615385,0.9833333333333334,0.7666666666666666,0.5666666666666667
Canada,0.32608695652173914,Female,High,Vegetarian,0.5375,High,Bipolar,0.4358974358974359,0.45,0.24444444444444446,0.6222222222222222
Australia,0.17391304347826086,Male,High,Vegetarian,0.25,High,Depression,0.02564102564102566,0.9333333333333333,0.9777777777777779,0.4666666666666666
Japan,0.673913043478261,Female,Moderate,Keto,0.7625,Moderate,Anxiety,0.7948717948717949,0.9166666666666667,0.17777777777777776,0.6666666666666665
India,0.30434782608695654,Male,Moderate,Balanced,0.7124999999999999,High,Depression,0.41025641025641024,0.24999999999999994,0.911111111111111,0.9555555555555555
Germany,0.23913043478260876,Other,Low,Vegetarian,0.475,Moderate,PTSD,0.0,0.4000000000000001,0.3222222222222222,0.5888888888888888
Canada,0.6956521739130435,Female,Low,Keto,0.42500000000000004,Low,Anxiety,0.20512820512820518,0.6500000000000001,0.7666666666666666,0.06666666666666668
Canada,0.9565217391304348,Male,Low,Vegan,0.35,Low,PTSD,0.3076923076923077,0.5166666666666666,0.45555555555555544,0.4888888888888889
India,0.28260869565217395,Female,Moderate,Junk Food,0.8374999999999999,Moderate,Bipolar,0.8974358974358974,0.10000000000000003,0.7333333333333332,0.9888888888888889
Brazil,0.15217391304347827,Female,High,Balanced,0.65,Low,Bipolar,0.9230769230769231,1.0,0.15555555555555556,0.3888888888888889
Australia,0.15217391304347827,Male,Low,Keto,0.36250000000000004,Moderate,Depression,0.7435897435897436,0.75,0.26666666666666666,0.5888888888888888
India,0.5652173913043479,Female,Low,Vegan,0.7,Low,Depression,0.7692307692307692,0.4333333333333333,0.09999999999999998,0.1111111111111111
Canada,0.23913043478260876,Female,Moderate,Junk Food,0.75,Moderate,Bipolar,0.5641025641025641,0.6166666666666667,0.8666666666666667,0.14444444444444443
USA,0.0,Female,Low,Vegan,0.5,Moderate,Anxiety,0.6923076923076923,0.08333333333333331,0.3,0.8777777777777778
Germany,0.9130434782608696,Female,High,Keto,0.4375,High,Bipolar,0.23076923076923084,0.49999999999999994,0.7,0.3
India,0.8478260869565217,Other,Moderate,Vegetarian,0.3125,Low,Anxiety,0.6153846153846154,0.9333333333333333,0.8222222222222222,0.3
Brazil,0.8913043478260869,Female,Low,Junk Food,0.6375,High,PTSD,0.8974358974358974,0.9000000000000001,0.8999999999999999,0.3888888888888889
Canada,0.21739130434782616,Female,Low,Vegan,0.42500000000000004,Moderate,Bipolar,0.641025641025641,0.3333333333333333,0.1111111111111111,0.9666666666666666
Australia,0.8260869565217392,Male,Moderate,Vegetarian,0.4125,High,Bipolar,0.641025641025641,0.5333333333333334,0.8888888888888888,0.08888888888888888
Canada,0.9130434782608696,Other,Moderate,Balanced,0.5,Moderate,PTSD,0.3076923076923077,0.7,0.19999999999999996,0.8222222222222222
Australia,0.6521739130434783,Male,Low,Keto,0.35,Low,PTSD,0.41025641025641024,0.3333333333333333,0.7333333333333332,0.3444444444444444
India,0.34782608695652173,Male,High,Keto,0.7875000000000001,Low,Anxiety,1.0,0.06666666666666665,0.7333333333333332,0.8444444444444443
Australia,0.6956521739130435,Male,Moderate,Junk Food,0.6875,Low,PTSD,0.07692307692307698,0.49999999999999994,0.011111111111111127,0.9888888888888889
Japan,0.673913043478261,Other,High,Vegan,0.5125,Moderate,Depression,0.5641025641025641,0.5999999999999999,0.2222222222222222,0.3444444444444444
Japan,0.6086956521739131,Male,Low,Balanced,0.3375,High,Bipolar,0.8717948717948718,0.0,0.4888888888888889,0.13333333333333336
Japan,0.4347826086956522,Male,High,Junk Food,0.35,Low,PTSD,0.2564102564102564,0.10000000000000003,0.4222222222222222,0.14444444444444443
Brazil,0.4347826086956522,Male,Low,Junk Food,0.3375,Moderate,Anxiety,0.28205128205128205,0.2,0.9222222222222223,0.7555555555555555
Brazil,0.8478260869565217,Female,Low,Vegan,0.275,High,PTSD,0.20512820512820518,0.3499999999999999,0.35555555555555557,0.14444444444444443
USA,0.4782608695652174,Male,Low,Balanced,0.5625,Moderate,Bipolar,0.35897435897435903,0.5333333333333334,0.9333333333333333,0.25555555555555554
Brazil,0.10869565217391308,Other,Low,Vegan,0.375,Moderate,Anxiety,0.9230769230769231,0.3,0.45555555555555544,0.19999999999999996
India,0.4565217391304348,Other,High,Keto,0.375,Low,PTSD,0.10256410256410264,0.2833333333333334,0.9666666666666666,0.35555555555555557
Canada,0.8043478260869565,Female,Low,Vegetarian,0.35,Moderate,Depression,0.46153846153846156,0.8666666666666667,0.7333333333333332,0.07777777777777778
Canada,0.7826086956521738,Other,Low,Keto,0.6875,Moderate,Bipolar,0.2564102564102564,0.14999999999999997,0.8333333333333333,0.8555555555555554
USA,0.9565217391304348,Other,High,Keto,0.36250000000000004,High,Anxiety,0.20512820512820518,0.49999999999999994,0.09999999999999998,0.8555555555555554
Brazil,0.15217391304347827,Female,Moderate,Junk Food,0.7375,Low,Bipolar,0.8717948717948718,0.95,0.5888888888888888,0.41111111111111115
Australia,0.8695652173913044,Male,High,Keto,0.44999999999999996,Moderate,Anxiety,0.6666666666666667,0.6333333333333333,0.14444444444444443,0.6111111111111112
USA,0.7391304347826086,Female,High,Balanced,0.26249999999999996,Moderate,Anxiety,0.3076923076923077,0.7166666666666666,0.3,0.6444444444444444
Australia,0.21739130434782616,Male,High,Keto,0.5875,High,Anxiety,0.28205128205128205,0.4333333333333333,0.6222222222222222,0.7444444444444445
Australia,0.5,Male,Low,Balanced,0.6625,Moderate,Anxiety,0.20512820512820518,0.016666666666666663,0.7222222222222221,0.5222222222222221
Germany,0.4347826086956522,Other,Low,Vegan,0.3375,Moderate,Depression,0.6923076923076923,0.6500000000000001,0.044444444444444425,0.5111111111111111
Canada,0.02173913043478265,Female,Low,Junk Food,0.5125,Moderate,PTSD,0.3076923076923077,0.6333333333333333,0.5333333333333332,0.6333333333333333
Japan,0.8478260869565217,Other,Moderate,Balanced,0.5625,Moderate,Depression,0.4871794871794872,0.1166666666666667,0.5666666666666667,0.7
Brazil,0.3913043478260869,Other,Low,Keto,0.5125,Moderate,Depression,0.3076923076923077,0.4666666666666666,0.07777777777777778,0.3444444444444444
Australia,0.8260869565217392,Male,Moderate,Junk Food,0.4125,High,Depression,0.6666666666666667,0.9166666666666667,0.49999999999999994,0.3333333333333333
Germany,0.5869565217391305,Other,Low,Junk Food,0.6625,Moderate,Anxiety,0.641025641025641,0.2,0.711111111111111,0.26666666666666666
Canada,0.34782608695652173,Female,High,Balanced,0.44999999999999996,Moderate,PTSD,0.7179487179487181,0.4666666666666666,0.05555555555555555,0.5444444444444445
Japan,0.10869565217391308,Other,Low,Balanced,0.38749999999999996,Moderate,PTSD,0.7179487179487181,0.4666666666666666,0.7555555555555555,0.35555555555555557
Australia,0.3913043478260869,Other,Moderate,Vegetarian,0.175,Moderate,Anxiety,0.5384615384615385,0.8166666666666667,0.5777777777777777,0.5444444444444445
Australia,0.8043478260869565,Male,Moderate,Vegetarian,0.175,Low,Depression,0.20512820512820518,0.8166666666666667,0.8333333333333333,0.41111111111111115
USA,0.5869565217391305,Female,Low,Junk Food,0.5375,Low,Depression,0.5897435897435896,0.7666666666666666,0.2222222222222222,0.8333333333333333
USA,0.02173913043478265,Other,High,Vegetarian,0.48750000000000004,Low,Anxiety,0.46153846153846156,0.36666666666666664,0.8333333333333333,0.07777777777777778
Canada,0.8043478260869565,Male,Low,Keto,0.6625,Low,Anxiety,0.9487179487179487,0.06666666666666665,0.09999999999999998,0.5666666666666667
Japan,0.7826086956521738,Other,Low,Vegan,0.7124999999999999,High,Bipolar,0.7692307692307692,0.3499999999999999,0.39999999999999997,0.5777777777777777
Australia,0.06521739130434784,Female,Low,Junk Food,0.44999999999999996,Low,Anxiety,0.9743589743589745,0.6833333333333333,0.19999999999999996,0.3888888888888889
Canada,0.4565217391304348,Other,High,Vegan,0.675,High,PTSD,0.35897435897435903,0.7,0.8777777777777778,0.4222222222222222
Canada,0.5434782608695652,Other,Moderate,Vegetarian,0.4,Low,Anxiety,0.7948717948717949,0.9666666666666666,0.7,0.7999999999999998
India,0.9130434782608696,Male,High,Balanced,0.475,High,Depression,0.7179487179487181,0.45,0.022222222222222227,0.27777777777777773
Brazil,0.7608695652173914,Other,Moderate,Junk Food,0.4625,Low,Bipolar,0.8461538461538463,0.6333333333333333,0.011111111111111127,0.8666666666666667
USA,0.26086956521739135,Male,Moderate,Vegetarian,0.8,Moderate,Anxiety,0.20512820512820518,0.5333333333333334,0.28888888888888886,0.8999999999999999
Japan,0.673913043478261,Female,Moderate,Keto,0.26249999999999996,Low,Bipolar,0.8717948717948718,0.14999999999999997,0.14444444444444443,0.6555555555555557
Australia,0.34782608695652173,Other,High,Junk Food,0.5125,Low,Anxiety,0.1282051282051282,0.4666666666666666,0.6333333333333333,0.7777777777777777
Canada,0.8695652173913044,Female,Low,Junk Food,0.375,Low,Anxiety,0.9230769230769231,0.55,0.6666666666666665,0.6111111111111112
Australia,0.7608695652173914,Female,Low,Balanced,0.44999999999999996,Moderate,Bipolar,0.33333333333333337,0.95,0.9444444444444444,0.5222222222222221
India,0.9782608695652173,Other,Low,Junk Food,0.4375,High,Bipolar,0.20512820512820518,0.36666666666666664,0.9555555555555555,0.9666666666666666
Japan,0.3913043478260869,Male,Low,Balanced,0.5125,High,Bipolar,0.46153846153846156,0.9833333333333334,0.6555555555555557,0.27777777777777773
Canada,0.7391304347826086,Female,Low,Vegetarian,0.75,Moderate,Depression,0.5641025641025641,0.55,0.011111111111111127,0.15555555555555556
Australia,0.9782608695652173,Female,High,Keto,0.8625,Low,PTSD,0.6923076923076923,0.24999999999999994,0.35555555555555557,0.28888888888888886
USA,0.8478260869565217,Other,High,Keto,0.625,Low,Anxiety,0.3846153846153846,0.1833333333333333,0.5111111111111111,0.6111111111111112
Brazil,0.5869565217391305,Other,High,Junk Food,0.3125,Low,Anxiety,0.641025641025641,0.14999999999999997,0.49999999999999994,0.18888888888888888
India,0.0,Other,High,Junk Food,0.4625,High,Anxiety,0.9487179487179487,0.45,0.6000000000000001,0.911111111111111
Japan,0.8913043478260869,Other,High,Vegetarian,0.55,High,Bipolar,1.0,0.016666666666666663,0.9555555555555555,0.41111111111111115
India,0.3695652173913043,Other,High,Balanced,0.42500000000000004,Moderate,Bipolar,0.6153846153846154,0.45,0.8888888888888888,0.8444444444444443
USA,0.8478260869565217,Other,High,Keto,0.44999999999999996,Moderate,Bipolar,0.8717948717948718,0.9833333333333334,0.1111111111111111,0.24444444444444446
Japan,0.6956521739130435,Male,Low,Balanced,0.48750000000000004,High,Depression,0.10256410256410264,0.6666666666666667,0.26666666666666666,0.31111111111111106
India,0.23913043478260876,Female,Moderate,Vegetarian,0.65,Low,Depression,0.15384615384615385,0.7666666666666666,0.8333333333333333,0.05555555555555555
Germany,0.15217391304347827,Male,High,Keto,0.6,Low,Depression,0.5641025641025641,0.1166666666666667,0.8222222222222222,0.25555555555555554
USA,0.5,Male,Moderate,Keto,0.38749999999999996,Low,Depression,0.6153846153846154,0.4666666666666666,0.27777777777777773,0.4888888888888889
USA,0.32608695652173914,Other,High,Vegan,0.6125,Low,Anxiety,0.0,0.2833333333333334,0.7333333333333332,0.9444444444444444
USA,0.06521739130434784,Female,High,Vegetarian,0.825,Moderate,Depression,0.5384615384615385,0.9000000000000001,0.6666666666666665,0.3888888888888889
Germany,0.8043478260869565,Male,Low,Vegetarian,0.21250000000000002,Moderate,Depression,0.07692307692307698,0.1833333333333333,0.4777777777777777,0.6444444444444444
Germany,0.9347826086956521,Other,Moderate,Vegan,0.4125,High,Depression,0.6923076923076923,0.4666666666666666,0.19999999999999996,0.4222222222222222
Australia,0.5652173913043479,Other,Low,Balanced,0.4,Moderate,Anxiety,0.33333333333333337,0.5833333333333333,0.8888888888888888,0.044444444444444425
Canada,0.17391304347826086,Female,Low,Vegan,0.5125,Low,Anxiety,0.8205128205128205,0.5166666666666666,0.6777777777777776,0.49999999999999994
Brazil,1.0,Male,Moderate,Vegetarian,0.16249999999999998,High,Anxiety,0.07692307692307698,0.8333333333333333,0.16666666666666669,0.06666666666666668
India,0.32608695652173914,Male,Low,Balanced,0.75,Moderate,PTSD,0.2564102564102564,0.23333333333333334,0.7,0.8888888888888888
Australia,0.23913043478260876,Male,High,Keto,0.5125,Moderate,Anxiety,0.9743589743589745,0.38333333333333325,0.7444444444444445,0.7555555555555555
India,0.6521739130434783,Other,High,Vegan,0.55,Moderate,Bipolar,0.7948717948717949,0.8,0.8888888888888888,0.3777777777777778
Brazil,0.5,Female,High,Balanced,0.5375,Moderate,Depression,0.07692307692307698,0.5333333333333334,0.2222222222222222,0.6444444444444444
Canada,0.28260869565217395,Female,High,Balanced,0.4,Moderate,Anxiety,0.0,0.4000000000000001,0.9888888888888889,0.1111111111111111
Germany,0.9565217391304348,Male,High,Balanced,0.625,Low,Anxiety,0.641025641025641,0.03333333333333338,0.15555555555555556,0.7
Canada,0.5217391304347826,Other,Low,Vegan,0.5,Low,Depression,0.8205128205128205,0.75,0.6000000000000001,0.8222222222222222
Germany,0.7173913043478262,Male,Low,Keto,0.11249999999999999,Low,PTSD,0.41025641025641024,0.9666666666666666,0.6555555555555557,0.8222222222222222
Brazil,0.043478260869565244,Female,High,Balanced,0.475,Moderate,Bipolar,0.6666666666666667,0.6166666666666667,0.4222222222222222,0.28888888888888886
Canada,0.5,Other,High,Vegan,0.44999999999999996,High,Depression,0.10256410256410264,0.8499999999999999,0.4777777777777777,0.26666666666666666
Australia,0.8913043478260869,Male,Low,Vegetarian,0.625,Low,Bipolar,0.15384615384615385,0.5166666666666666,0.8888888888888888,0.5222222222222221
Japan,0.17391304347826086,Male,Moderate,Vegan,1.0,Low,Depression,0.6153846153846154,0.23333333333333334,0.6444444444444444,0.9666666666666666
Australia,0.5434782608695652,Other,Low,Vegan,0.575,Moderate,PTSD,0.17948717948717952,0.016666666666666663,0.49999999999999994,0.9222222222222223
India,0.4130434782608696,Female,Low,Vegan,0.8999999999999999,High,Anxiety,0.8461538461538463,0.6500000000000001,0.13333333333333336,0.35555555555555557
Australia,0.8478260869565217,Other,Low,Balanced,0.375,Low,Bipolar,0.07692307692307698,0.49999999999999994,0.011111111111111127,0.7777777777777777
Brazil,0.19565217391304346,Male,Low,Vegan,0.38749999999999996,Low,Bipolar,0.28205128205128205,0.7833333333333334,0.12222222222222223,0.9222222222222223
USA,0.3913043478260869,Male,Low,Vegetarian,0.44999999999999996,High,Anxiety,0.7692307692307692,0.7,0.9555555555555555,0.25555555555555554
India,0.043478260869565244,Male,Moderate,Balanced,0.575,Moderate,Bipolar,0.2564102564102564,0.9833333333333334,0.7666666666666666,0.8333333333333333
Canada,0.5,Male,High,Vegetarian,0.375,High,Anxiety,0.9230769230769231,0.5166666666666666,0.9666666666666666,0.26666666666666666
India,0.08695652173913049,Female,High,Junk Food,0.19999999999999996,Moderate,Anxiety,0.8974358974358974,0.4333333333333333,0.033333333333333326,0.3444444444444444
Japan,0.043478260869565244,Female,Moderate,Vegan,0.5,Low,PTSD,0.5384615384615385,0.2833333333333334,0.6777777777777776,0.19999999999999996
Germany,0.5652173913043479,Male,High,Balanced,0.2875,High,Depression,0.0,0.48333333333333334,0.044444444444444425,0.5111111111111111
Canada,0.32608695652173914,Female,High,Balanced,0.7124999999999999,High,Depression,0.07692307692307698,0.8666666666666667,0.7777777777777777,0.8444444444444443
India,0.30434782608695654,Female,High,Vegan,0.625,Low,Anxiety,0.8974358974358974,0.04999999999999999,0.3777777777777778,0.5333333333333332
Canada,0.7391304347826086,Female,Moderate,Keto,0.36250000000000004,Low,Anxiety,0.17948717948717952,0.9833333333333334,0.09999999999999998,0.12222222222222223
Canada,0.23913043478260876,Male,Moderate,Keto,0.5875,Moderate,PTSD,0.6153846153846154,1.0,0.5666666666666667,0.25555555555555554
Canada,0.8695652173913044,Other,High,Vegetarian,0.4,Low,Depression,0.6923076923076923,0.5999999999999999,0.27777777777777773,0.5666666666666667
Germany,0.9347826086956521,Other,High,Vegan,0.48750000000000004,Low,Depression,0.9487179487179487,0.3333333333333333,0.6555555555555557,0.5777777777777777
Brazil,0.5434782608695652,Other,High,Vegan,0.48750000000000004,High,Anxiety,0.8974358974358974,0.21666666666666662,0.6555555555555557,0.5777777777777777
Australia,1.0,Male,Low,Junk Food,0.4375,Moderate,Bipolar,0.8974358974358974,0.2833333333333334,0.7,0.07777777777777778
Canada,0.7173913043478262,Female,Low,Keto,0.65,Low,Anxiety,0.07692307692307698,0.04999999999999999,0.9888888888888889,0.7555555555555555
USA,0.4782608695652174,Female,Low,Keto,0.2875,High,Anxiety,0.3076923076923077,0.48333333333333334,0.3888888888888889,0.911111111111111
Brazil,0.6521739130434783,Male,Moderate,Vegan,0.6,Low,Anxiety,0.9487179487179487,0.04999999999999999,0.4666666666666666,0.5111111111111111
Japan,0.4130434782608696,Male,High,Vegetarian,0.5625,Low,Anxiety,0.6153846153846154,0.7166666666666666,0.7999999999999998,0.7222222222222221
Germany,0.23913043478260876,Other,Moderate,Vegan,0.23750000000000004,Low,Anxiety,0.05128205128205132,0.36666666666666664,0.5777777777777777,0.911111111111111
India,0.4782608695652174,Other,Moderate,Vegetarian,0.35,Low,Bipolar,0.7948717948717949,0.2,0.033333333333333326,0.6444444444444444
Germany,0.06521739130434784,Male,Moderate,Keto,0.30000000000000004,Moderate,PTSD,0.9743589743589745,0.55,0.8444444444444443,0.6777777777777776
India,0.4782608695652174,Other,High,Junk Food,0.4375,High,Anxiety,0.0,0.9666666666666666,0.05555555555555555,0.7222222222222221
Germany,0.0,Female,Low,Balanced,0.5125,High,Anxiety,0.2564102564102564,0.7,0.16666666666666669,0.25555555555555554
India,0.5217391304347826,Male,High,Keto,0.32499999999999996,Low,Anxiety,0.02564102564102566,0.49999999999999994,0.09999999999999998,0.5777777777777777
Canada,0.02173913043478265,Male,High,Vegetarian,0.6875,High,Depression,0.10256410256410264,0.7833333333333334,0.07777777777777778,0.8444444444444443
Australia,0.6304347826086956,Female,Moderate,Vegan,0.7,Low,Bipolar,0.5384615384615385,0.7333333333333334,0.022222222222222227,0.3
India,0.043478260869565244,Female,Moderate,Keto,0.7375,High,Anxiety,0.3076923076923077,0.9000000000000001,0.05555555555555555,0.8999999999999999
India,0.4347826086956522,Female,Moderate,Junk Food,0.0,Moderate,PTSD,0.5641025641025641,0.2,0.4444444444444445,0.6222222222222222
USA,0.5217391304347826,Other,Low,Vegetarian,0.8625,Moderate,PTSD,0.7692307692307692,0.8666666666666667,0.25555555555555554,0.4222222222222222
India,0.4130434782608696,Male,Low,Vegan,0.525,High,PTSD,0.8717948717948718,0.3,0.12222222222222223,0.6222222222222222
USA,0.4565217391304348,Other,Low,Balanced,0.5125,Low,Anxiety,0.9487179487179487,0.9333333333333333,0.6555555555555557,0.39999999999999997
Japan,0.4347826086956522,Female,High,Vegetarian,0.475,Low,PTSD,0.8717948717948718,0.2833333333333334,0.2222222222222222,0.8333333333333333
Canada,0.6956521739130435,Other,Moderate,Vegan,0.25,Low,Anxiety,0.3076923076923077,0.9333333333333333,0.022222222222222227,0.4777777777777777
USA,0.8043478260869565,Female,High,Balanced,0.5625,Low,Bipolar,0.15384615384615385,0.9666666666666666,0.4222222222222222,0.8999999999999999
Australia,0.30434782608695654,Other,Low,Vegan,0.8,Moderate,PTSD,0.10256410256410264,0.14999999999999997,0.31111111111111106,0.5111111111111111
Brazil,0.9782608695652173,Other,Moderate,Balanced,0.525,Low,Depression,0.7179487179487181,0.9666666666666666,0.3222222222222222,0.6555555555555557
Canada,0.30434782608695654,Female,Low,Balanced,0.2875,Low,Anxiety,0.17948717948717952,0.08333333333333331,0.4444444444444445,1.0
USA,0.9782608695652173,Other,Moderate,Balanced,0.21250000000000002,Low,Bipolar,0.17948717948717952,0.21666666666666662,0.6666666666666665,0.14444444444444443
Canada,0.5217391304347826,Male,Moderate,Vegan,0.44999999999999996,Low,Depression,0.15384615384615385,0.45,0.6111111111111112,0.7333333333333332
Canada,0.4347826086956522,Other,High,Balanced,0.36250000000000004,Moderate,Bipolar,0.46153846153846156,1.0,0.9333333333333333,0.13333333333333336
Canada,0.5,Other,High,Vegetarian,0.6375,High,PTSD,0.9743589743589745,0.48333333333333334,0.5222222222222221,0.8333333333333333
Japan,0.08695652173913049,Male,Low,Junk Food,0.7625,High,Bipolar,0.5641025641025641,0.55,0.4777777777777777,0.6000000000000001
Australia,0.10869565217391308,Female,High,Junk Food,0.5875,Low,Bipolar,0.8974358974358974,0.7,0.21111111111111108,0.9333333333333333
Germany,0.9130434782608696,Male,High,Balanced,0.48750000000000004,Low,Bipolar,0.7948717948717949,0.9666666666666666,0.7555555555555555,0.8666666666666667
Germany,0.9347826086956521,Other,High,Junk Food,0.475,High,Anxiety,0.07692307692307698,0.7833333333333334,0.14444444444444443,0.07777777777777778
USA,1.0,Female,Moderate,Junk Food,0.5125,Moderate,Depression,0.7435897435897436,0.21666666666666662,0.4888888888888889,0.13333333333333336
Canada,0.4782608695652174,Other,High,Balanced,0.2875,Moderate,PTSD,0.9743589743589745,0.3,0.4222222222222222,0.6000000000000001
USA,0.06521739130434784,Other,Low,Balanced,0.6125,Moderate,Anxiety,0.10256410256410264,0.10000000000000003,0.6555555555555557,0.5222222222222221
Japan,0.5652173913043479,Male,Moderate,Vegetarian,0.30000000000000004,Moderate,PTSD,0.05128205128205132,0.6500000000000001,0.9222222222222223,0.16666666666666669
Japan,0.3695652173913043,Male,Moderate,Keto,0.7124999999999999,Moderate,PTSD,0.5384615384615385,0.1833333333333333,0.9444444444444444,0.13333333333333336
India,0.4347826086956522,Female,High,Vegan,0.4375,Moderate,Anxiety,0.6923076923076923,0.24999999999999994,0.16666666666666669,0.5666666666666667
Japan,0.5869565217391305,Female,Moderate,Balanced,0.65,Moderate,Anxiety,0.5384615384615385,0.8833333333333333,0.26666666666666666,0.044444444444444425
India,0.7391304347826086,Female,Low,Balanced,0.22499999999999998,Moderate,Bipolar,0.5384615384615385,0.3333333333333333,0.8111111111111111,0.8777777777777778
Australia,0.4565217391304348,Other,Low,Junk Food,0.65,Moderate,PTSD,0.8461538461538463,0.5666666666666667,0.5222222222222221,0.8111111111111111
USA,0.8478260869565217,Male,Moderate,Vegetarian,0.75,Low,Depression,0.7179487179487181,0.4000000000000001,0.45555555555555544,0.7888888888888888
Brazil,0.4782608695652174,Male,High,Junk Food,0.26249999999999996,Moderate,Anxiety,0.3076923076923077,0.06666666666666665,0.711111111111111,0.011111111111111127
Australia,0.043478260869565244,Male,High,Balanced,0.475,Low,Anxiety,0.15384615384615385,0.36666666666666664,0.6000000000000001,0.044444444444444425
Japan,0.8478260869565217,Female,Moderate,Balanced,0.5625,High,Depression,0.23076923076923084,0.4000000000000001,0.9666666666666666,0.5444444444444445
Australia,0.19565217391304346,Male,Low,Junk Food,0.575,Low,Anxiety,0.6923076923076923,0.9000000000000001,0.5888888888888888,0.9888888888888889
Australia,0.5217391304347826,Male,Moderate,Balanced,0.4375,High,Depression,0.07692307692307698,0.3166666666666666,0.4666666666666666,0.3444444444444444
Australia,0.15217391304347827,Male,High,Keto,0.4,Low,Anxiety,0.7948717948717949,0.38333333333333325,0.5444444444444445,0.3444444444444444
Japan,0.21739130434782616,Female,High,Vegan,0.55,High,Depression,0.5384615384615385,0.7833333333333334,0.8111111111111111,0.13333333333333336
